{"type":"FeatureCollection","features":[{"type":"Feature","geometry":{"type":"LineString","coordinates":[[-167.7467,67.16],[-169.1502,65.9622]]},"properties":{"passage":"northwest"}},{"type":"Feature","geometry":{"type":"MultiLineString","coordinates":[[[-169.1182,64.7804],[-168.039583,64.273455]],[[-168.039583,64.273455],[-167.3135,63.9322]]]},"properties":{}},{"type":"Feature","geometry":{"type":"LineString","coordinates":[[100.6,3.2],[97,7]]},"properties":{"passage":"malacca"}},{"type":"Feature","geometry":{"type":"LineString","coordinates":[[104,-7],[105.4331,-6.230303],[106.5793,-5.3345],[106.8,-5.2]]},"properties":{"passage":"sunda"}},{"type":"Feature","geometry":{"type":"LineString","coordinates":[[-180,62.1],[-172.3,64.2]]},"properties":{}},{"type":"Feature","geometry":{"type":"MultiLineString","coordinates":[[[-166.5,64.3],[-168.039583,64.273455]],[[-168.039583,64.273455],[-172.3,64.2]]]},"properties":{}},{"type":"Feature","geometry":{"type":"LineString","coordinates":[[-172.3,64.2],[-171.6455,63.7383],[-167.3135,63.9322]]},"properties":{}},{"type":"Feature","geometry":{"type":"LineString","coordinates":[[-177.416051,64.720739],[-172.3,64.2]]},"properties":{}},{"type":"Feature","geometry":{"type":"LineString","coordinates":[[-98.4559,68.6212],[-100.6532,68.3958],[-106.2782,69.0024],[-109.8817,68.4604],[-113.1776,68.3796],[-113.5292,68.7011],[-122.494,70.0024],[-128.3827,70.6678],[-133.3485,69.6233],[-135.6336,70.3156],[-144.0714,71.185],[-147.1826,71.0161],[-147.813,71.4122],[-149.8616,71.5832],[-156.7051,72.1996],[-160.4146,71.4273],[-162.906645,71.467002],[-164.7128,70.7371],[-165.1538,70.4039],[-167.0866,69.1624],[-167.6608,68.3266],[-167.7467,67.16]]},"properties":{}},{"type":"Feature","geometry":{"type":"LineString","coordinates":[[-40,-50],[-30,-50]]},"properties":{}},{"type":"Feature","geometry":{"type":"MultiLineString","coordinates":[[[-40,-50],[-34.563,-45.1105]],[[-34.563,-45.1105],[-30,-40]]]},"properties":{}},{"type":"Feature","geometry":{"type":"MultiLineString","coordinates":[[[-66.395874,-55.890716],[-65.258789,-55.541065]],[[-65.258789,-55.541065],[-64.978638,-54.521081]]]},"properties":{}},{"type":"Feature","geometry":{"type":"LineString","coordinates":[[-65.953898,-55.255081],[-65.25879,-55.541065],[-64.2598,-55.9052]]},"properties":{},"id":12},{"type":"Feature","geometry":{"type":"LineString","coordinates":[[-96.366644,74.055637],[-92.871753,74.321406],[-85.40105,74.154282],[-76.611987,73.888147],[-73.447925,73.216332],[-72.880099,72.462164]]},"properties":{"passage":"northwest"}},{"type":"Feature","geometry":{"type":"LineString","coordinates":[[-180,-50],[-174.563,-45.1104],[-170,-40]]},"properties":{}},{"type":"Feature","geometry":{"type":"LineString","coordinates":[[-92.8863,28.2242],[-92.5705,27.8421]]},"properties":{}},{"type":"Feature","geometry":{"type":"MultiLineString","coordinates":[[[-92.8863,28.2242],[-92.561627,27.899352]],[[-92.561627,27.899352],[-92.508888,27.846584]],[[-92.508888,27.846584],[-91.733039,27.070317]],[[-91.733039,27.070317],[-90.859664,26.19647]],[[-90.859664,26.19647],[-90.8482,26.185]]]},"properties":{}},{"type":"Feature","geometry":{"type":"MultiLineString","coordinates":[[[-92.5705,27.8421],[-92.508888,27.846584]],[[-92.508888,27.846584],[-91.814891,27.89709]],[[-91.814891,27.89709],[-91.5578,27.9158]]]},"properties":{}},{"type":"Feature","geometry":{"type":"MultiLineString","coordinates":[[[-92.5705,27.8421],[-92.561627,27.899352]],[[-92.561627,27.899352],[-92.472207,28.476324]],[[-92.472207,28.476324],[-92.411602,28.867366]],[[-92.411602,28.867366],[-92.407265,28.895353]],[[-92.407265,28.895353],[-92.3207,29.4539]]]},"properties":{}},{"type":"Feature","geometry":{"type":"MultiLineString","coordinates":[[[-92.5705,27.8421],[-92.263729,27.064193]],[[-92.263729,27.064193],[-91.943254,26.251534]],[[-91.943254,26.251534],[-91.9167,26.1842]]]},"properties":{}},{"type":"Feature","geometry":{"type":"MultiLineString","coordinates":[[[-91.9939,29.6201],[-92.0381,29.583],[-92.1091,29.5094],[-92.1335,29.3897],[-91.858805,28.686428]],[[-91.858805,28.686428],[-91.842882,28.645662]],[[-91.842882,28.645662],[-91.5578,27.9158]]]},"properties":{}},{"type":"Feature","geometry":{"type":"MultiLineString","coordinates":[[[-91.9167,26.1842],[-91.691383,26.184369]],[[-91.691383,26.184369],[-91.219358,26.184722]],[[-91.219358,26.184722],[-90.867868,26.184985]],[[-90.867868,26.184985],[-90.8482,26.185]]]},"properties":{}},{"type":"Feature","geometry":{"type":"MultiLineString","coordinates":[[[-91.5578,27.9158],[-91.600783,27.708416]],[[-91.600783,27.708416],[-91.733039,27.070317]],[[-91.733039,27.070317],[-91.812981,26.684616]],[[-91.812981,26.684616],[-91.904866,26.241298]],[[-91.904866,26.241298],[-91.9167,26.1842]]]},"properties":{}},{"type":"Feature","geometry":{"type":"MultiLineString","coordinates":[[[-91.9167,26.1842],[-91.672053,26]],[[-91.672053,26],[-91.176449,25.626848]],[[-91.176449,25.626848],[-88.9569,23.9557],[-87.502306,22.843625]],[[-87.502306,22.843625],[-86.805352,22.310786]],[[-86.805352,22.310786],[-86.413062,22.01087]],[[-86.413062,22.01087],[-86.084451,21.759639]],[[-86.084451,21.759639],[-86.05,21.7333]]]},"properties":{}},{"type":"Feature","geometry":{"type":"LineString","coordinates":[[-91,26],[-91.9167,26.1842]]},"properties":{}},{"type":"Feature","geometry":{"type":"LineString","coordinates":[[-170.7,-14.4],[-170,-10]]},"properties":{}},{"type":"Feature","geometry":{"type":"MultiLineString","coordinates":[[[-89.8999,28.2842],[-90.1455,28.0154],[-90.380776,27.998808]],[[-90.380776,27.998808],[-91.5578,27.9158]]]},"properties":{}},{"type":"Feature","geometry":{"type":"MultiLineString","coordinates":[[[-91.2981,28.4308],[-91.308884,28.409415]],[[-91.308884,28.409415],[-91.5578,27.9158]]]},"properties":{}},{"type":"Feature","geometry":{"type":"MultiLineString","coordinates":[[[-91.5483,28.5839],[-91.549269,28.515764]],[[-91.549269,28.515764],[-91.5578,27.9158]]]},"properties":{}},{"type":"Feature","geometry":{"type":"MultiLineString","coordinates":[[[-91.5493,29.1858],[-91.548301,28.584797]],[[-91.548301,28.584797],[-91.5483,28.5839]]]},"properties":{}},{"type":"Feature","geometry":{"type":"LineString","coordinates":[[-91.5483,28.5839],[-91.2981,28.4308]]},"properties":{}},{"type":"Feature","geometry":{"type":"MultiLineString","coordinates":[[[-90.9528,29.1678],[-90.9592,29.0816],[-91.0064,29.0013],[-91.297464,28.432043]],[[-91.297464,28.432043],[-91.2981,28.4308]]]},"properties":{}},{"type":"Feature","geometry":{"type":"LineString","coordinates":[[-91.2981,28.4308],[-89.8999,28.2842]]},"properties":{}},{"type":"Feature","geometry":{"type":"LineString","coordinates":[[-91,13.5],[-89.5,13.1]]},"properties":{}},{"type":"Feature","geometry":{"type":"LineString","coordinates":[[-89.5,13.1],[-89.7166,13.1597],[-91,13.5]]},"properties":{}},{"type":"Feature","geometry":{"type":"LineString","coordinates":[[-170.7,-14.4],[-170.6925,-14.3503],[-170,-10]]},"properties":{}},{"type":"Feature","geometry":{"type":"MultiLineString","coordinates":[[[-89,28.8],[-89.183799,28.542681]],[[-89.183799,28.542681],[-89.243733,28.458773]],[[-89.243733,28.458773],[-89.412098,28.223062]],[[-89.412098,28.223062],[-89.766422,27.727009]],[[-89.766422,27.727009],[-89.889888,27.554157]],[[-89.889888,27.554157],[-90.48317,26.723562]],[[-90.48317,26.723562],[-90.859664,26.19647]],[[-90.859664,26.19647],[-90.867868,26.184985]],[[-90.867868,26.184985],[-91,26]]]},"properties":{}},{"type":"Feature","geometry":{"type":"MultiLineString","coordinates":[[[-86,22],[-86.111433,22.089147]],[[-86.111433,22.089147],[-86.15372,22.122976]],[[-86.15372,22.122976],[-86.27279,22.218232]],[[-86.27279,22.218232],[-86.890685,22.712548]],[[-86.890685,22.712548],[-87.183503,22.946802]],[[-87.183503,22.946802],[-88.450117,23.960094]],[[-88.450117,23.960094],[-91,26]]]},"properties":{}},{"type":"Feature","geometry":{"type":"MultiLineString","coordinates":[[[-82.7,24.3],[-84.636782,24.725801]],[[-84.636782,24.725801],[-85.886016,25.000444]],[[-85.886016,25.000444],[-86.642761,25.166814]],[[-86.642761,25.166814],[-86.821,25.206],[-86.982499,25.236684]],[[-86.982499,25.236684],[-87.417796,25.31939]],[[-87.417796,25.31939],[-87.729348,25.378584]],[[-87.729348,25.378584],[-89.462115,25.707806]],[[-89.462115,25.707806],[-90.558358,25.916089]],[[-90.558358,25.916089],[-91,26]]]},"properties":{}},{"type":"Feature","geometry":{"type":"MultiLineString","coordinates":[[[-90.8482,26.185],[-90.558358,25.916089]],[[-90.558358,25.916089],[-88.450117,23.960094]],[[-88.450117,23.960094],[-87.312839,22.904944]],[[-87.312839,22.904944],[-86.577778,22.222965]],[[-86.577778,22.222965],[-86.34731,22.00914]],[[-86.34731,22.00914],[-86.082961,21.763881]],[[-86.082961,21.763881],[-86.05,21.7333]]]},"properties":{}},{"type":"Feature","geometry":{"type":"LineString","coordinates":[[-90.8482,26.185],[-89.8711,26.1842]]},"properties":{}},{"type":"Feature","geometry":{"type":"LineString","coordinates":[[-90.3009,30.2948],[-90.0958,30.2474],[-90.02,29.989]]},"properties":{}},{"type":"Feature","geometry":{"type":"LineString","coordinates":[[-90.2269,29.0829],[-89.8999,28.2842]]},"properties":{}},{"type":"Feature","geometry":{"type":"LineString","coordinates":[[-90.02,29.989],[-90.0266,29.9668]]},"properties":{}},{"type":"Feature","geometry":{"type":"LineString","coordinates":[[-90.0266,29.9668],[-89.9619,29.9227],[-89.9359,29.9222],[-89.9619,29.6743],[-89.7933,29.5713],[-89.6676,29.4643],[-89.6008,29.4408],[-89.6019,29.3993],[-89.5663,29.3726],[-89.4848,29.3426],[-89.4541,29.3645],[-89.4054,29.3443],[-89.3558,29.2866]]},"properties":{}},{"type":"Feature","geometry":{"type":"LineString","coordinates":[[-90.02,29.989],[-89.9291,30.0077],[-89.8091,29.9168],[-89.7092,29.8656],[-89.6215,29.8402],[-89.1204,29.4918]]},"properties":{}},{"type":"Feature","geometry":{"type":"LineString","coordinates":[[-80,-60],[-90,-60]]},"properties":{}},{"type":"Feature","geometry":{"type":"MultiLineString","coordinates":[[[-80,-50],[-80.650097,-50.75841]],[[-80.650097,-50.75841],[-81.598272,-51.864559]],[[-81.598272,-51.864559],[-83.454373,-54.029904]],[[-83.454373,-54.029904],[-83.865677,-54.509736]],[[-83.865677,-54.509736],[-84.3743,-55.1031],[-84.751493,-55.431428]],[[-84.751493,-55.431428],[-90,-60]]]},"properties":{}},{"type":"Feature","geometry":{"type":"MultiLineString","coordinates":[[[-90,-50],[-89.997156,-53.308428]],[[-89.997156,-53.308428],[-89.996483,-54.091673]],[[-89.996483,-54.091673],[-89.9957,-55.0021],[-90,-60]]]},"properties":{}},{"type":"Feature","geometry":{"type":"LineString","coordinates":[[-170.7,-14.4],[-170,-20]]},"properties":{}},{"type":"Feature","geometry":{"type":"MultiLineString","coordinates":[[[-90,-50],[-82.878039,-50]],[[-82.878039,-50],[-80,-50]]]},"properties":{}},{"type":"Feature","geometry":{"type":"MultiLineString","coordinates":[[[-90,-50],[-87.48025,-47.73394]],[[-87.48025,-47.73394],[-84.889474,-45.404004]],[[-84.889474,-45.404004],[-84.563,-45.1104],[-83.24067,-43.629436]],[[-83.24067,-43.629436],[-80,-40]]]},"properties":{}},{"type":"Feature","geometry":{"type":"MultiLineString","coordinates":[[[-90,-50],[-89.997864,-46.441281]],[[-89.997864,-46.441281],[-89.997,-45.0022],[-90,-40]]]},"properties":{}},{"type":"Feature","geometry":{"type":"MultiLineString","coordinates":[[[-90,-50],[-86.45022,-53.699551]],[[-86.45022,-53.699551],[-85.799354,-54.377877]],[[-85.799354,-54.377877],[-85.2289,-54.9724],[-84.751493,-55.431428]],[[-84.751493,-55.431428],[-80,-60]]]},"properties":{}},{"type":"Feature","geometry":{"type":"LineString","coordinates":[[-170,-20],[-170.0967,-19.1816],[-170.7,-14.4]]},"properties":{}},{"type":"Feature","geometry":{"type":"MultiLineString","coordinates":[[[-80,-30],[-84.607244,-35.008911]],[[-84.607244,-35.008911],[-84.6948,-35.1041],[-84.999976,-35.385732]],[[-84.999976,-35.385732],[-88.170384,-38.31154]],[[-88.170384,-38.31154],[-90,-40]]]},"properties":{}},{"type":"Feature","geometry":{"type":"MultiLineString","coordinates":[[[-90,-30],[-89.9979,-35.0021],[-89.998455,-36.323637]],[[-89.998455,-36.323637],[-90,-40]]]},"properties":{}},{"type":"Feature","geometry":{"type":"MultiLineString","coordinates":[[[-80,-50],[-84.889474,-45.404004]],[[-84.889474,-45.404004],[-85.2847,-45.0325],[-90,-40]]]},"properties":{}},{"type":"Feature","geometry":{"type":"MultiLineString","coordinates":[[[-80,-40],[-85.0004,-40.1068],[-86.534636,-40.074026]],[[-86.534636,-40.074026],[-90,-40]]]},"properties":{}},{"type":"Feature","geometry":{"type":"MultiLineString","coordinates":[[[-90,-30],[-89.548881,-29.573836]],[[-89.548881,-29.573836],[-85.000105,-25.276681]],[[-85.000105,-25.276681],[-84.7972,-25.085],[-80,-20]]]},"properties":{}},{"type":"Feature","geometry":{"type":"MultiLineString","coordinates":[[[-90,-30],[-89.999741,-29.076411]],[[-89.999741,-29.076411],[-89.9986,-25.0017],[-90,-20]]]},"properties":{}},{"type":"Feature","geometry":{"type":"MultiLineString","coordinates":[[[-90,-30],[-85.3071,-35.1023],[-84.999976,-35.385732]],[[-84.999976,-35.385732],[-80,-40]]]},"properties":{}},{"type":"Feature","geometry":{"type":"MultiLineString","coordinates":[[[-80,-30],[-85.0005,-30.0935],[-89.148172,-30.015931]],[[-89.148172,-30.015931],[-90,-30]]]},"properties":{}},{"type":"Feature","geometry":{"type":"MultiLineString","coordinates":[[[-90,-20],[-87.4073,-17.5444],[-86.337372,-16.489184]],[[-86.337372,-16.489184],[-85.000194,-15.170393]],[[-85.000194,-15.170393],[-84.8837,-15.0555],[-82.4181,-12.5389],[-80,-10]]]},"properties":{}},{"type":"Feature","geometry":{"type":"MultiLineString","coordinates":[[[-90,-20],[-89.9992,-15.0011],[-89.999286,-14.460535]],[[-89.999286,-14.460535],[-90,-10]]]},"properties":{}},{"type":"Feature","geometry":{"type":"MultiLineString","coordinates":[[[-80,-30],[-85.000105,-25.276681]],[[-85.000105,-25.276681],[-85.2045,-25.0836],[-90,-20]]]},"properties":{}},{"type":"Feature","geometry":{"type":"LineString","coordinates":[[-80,-20],[-85.0004,-20.0692],[-90,-20]]},"properties":{}},{"type":"Feature","geometry":{"type":"MultiLineString","coordinates":[[[-81.8,-0.9],[-84.675598,-4.125402]],[[-84.675598,-4.125402],[-85.266849,-4.788575]],[[-85.266849,-4.788575],[-85.8692,-5.4642],[-90,-10]]]},"properties":{}},{"type":"Feature","geometry":{"type":"LineString","coordinates":[[-90,-10],[-89.9997,-5.0004],[-90,-0.00003]]},"properties":{}},{"type":"Feature","geometry":{"type":"MultiLineString","coordinates":[[[-80,-20],[-82.5937,-17.5438],[-85.000194,-15.170393]],[[-85.000194,-15.170393],[-85.1175,-15.0547],[-87.5827,-12.5384],[-90,-10]]]},"properties":{}},{"type":"Feature","geometry":{"type":"LineString","coordinates":[[-160,-50],[-170,-50]]},"properties":{}},{"type":"Feature","geometry":{"type":"LineString","coordinates":[[-90,-10],[-85.0002,-10.0367],[-80,-10]]},"properties":{}},{"type":"Feature","geometry":{"type":"MultiLineString","coordinates":[[[-80,7],[-81.645708,5.856645]],[[-81.645708,5.856645],[-84.197004,4.084134]],[[-84.197004,4.084134],[-85.0185,3.5134],[-88.692785,0.921943]],[[-88.692785,0.921943],[-90,-0.00003]]]},"properties":{}},{"type":"Feature","geometry":{"type":"MultiLineString","coordinates":[[[-87.6,12],[-87.997356,10.035818]],[[-87.997356,10.035818],[-88.137917,9.341004]],[[-88.137917,9.341004],[-88.188451,9.091208]],[[-88.188451,9.091208],[-88.549697,7.305518]],[[-88.549697,7.305518],[-88.8134,6.002],[-88.911162,5.507503]],[[-88.911162,5.507503],[-89.238446,3.852041]],[[-89.238446,3.852041],[-89.593893,2.05413]],[[-89.593893,2.05413],[-90,-0.00003]]]},"properties":{}},{"type":"Feature","geometry":{"type":"MultiLineString","coordinates":[[[-80,-10],[-82.5336,-7.5167],[-85.0384,-5.019],[-85.266849,-4.788575]],[[-85.266849,-4.788575],[-87.524,-2.5119],[-90,-0.00003]]]},"properties":{}},{"type":"Feature","geometry":{"type":"MultiLineString","coordinates":[[[-81.8,-0.9],[-85.9003,-0.4512],[-87.763055,-0.246205]],[[-87.763055,-0.246205],[-90,-0.00003]]]},"properties":{}},{"type":"Feature","geometry":{"type":"LineString","coordinates":[[-89.8999,28.2842],[-89.5864,28.6394]]},"properties":{}},{"type":"Feature","geometry":{"type":"MultiLineString","coordinates":[[[-89.8999,28.2842],[-89.893027,27.783021]],[[-89.893027,27.783021],[-89.889888,27.554157]],[[-89.889888,27.554157],[-89.8711,26.1842]]]},"properties":{}},{"type":"Feature","geometry":{"type":"MultiLineString","coordinates":[[[-89.8999,28.2842],[-89.412098,28.223062]],[[-89.412098,28.223062],[-89.10918,28.185097]],[[-89.10918,28.185097],[-88.696485,28.133373]],[[-88.696485,28.133373],[-88.4725,28.1053]]]},"properties":{}},{"type":"Feature","geometry":{"type":"MultiLineString","coordinates":[[[-89.8711,26.1842],[-88.150942,26.236086]],[[-88.150942,26.236086],[-87.836965,26.245557]],[[-87.836965,26.245557],[-87.263712,26.262848]],[[-87.263712,26.262848],[-86.843494,26.275524]],[[-86.843494,26.275524],[-86.685611,26.280286]],[[-86.685611,26.280286],[-85.946123,26.302592]],[[-85.946123,26.302592],[-85.7171,26.3095]]]},"properties":{}},{"type":"Feature","geometry":{"type":"MultiLineString","coordinates":[[[-89.8711,26.1842],[-89.462115,25.707806]],[[-89.462115,25.707806],[-87.111733,22.97003]],[[-87.111733,22.97003],[-86.890685,22.712548]],[[-86.890685,22.712548],[-86.417168,22.160986]],[[-86.417168,22.160986],[-86.28541,22.007511]],[[-86.28541,22.007511],[-86.081013,21.769425]],[[-86.081013,21.769425],[-86.05,21.7333]]]},"properties":{}},{"type":"Feature","geometry":{"type":"MultiLineString","coordinates":[[[-82.7,24.3],[-85.185687,23.56349]],[[-85.185687,23.56349],[-85.949199,23.337261]],[[-85.949199,23.337261],[-86.2788,23.2396],[-86.308394,23.230022]],[[-86.308394,23.230022],[-86.437281,23.188309]],[[-86.437281,23.188309],[-86.499022,23.168327]],[[-86.499022,23.168327],[-86.682071,23.109086]],[[-86.682071,23.109086],[-87.111733,22.97003]],[[-87.111733,22.97003],[-87.183503,22.946802]],[[-87.183503,22.946802],[-87.312839,22.904944]],[[-87.312839,22.904944],[-87.502306,22.843625]],[[-87.502306,22.843625],[-87.874214,22.723261]],[[-87.874214,22.723261],[-87.881904,22.720772]],[[-87.881904,22.720772],[-89.8,22.1]]]},"properties":{}},{"type":"Feature","geometry":{"type":"MultiLineString","coordinates":[[[-89.8,22.1],[-86.572727,22.015072]],[[-86.572727,22.015072],[-86.413062,22.01087]],[[-86.413062,22.01087],[-86.34731,22.00914]],[[-86.34731,22.00914],[-86.28541,22.007511]],[[-86.28541,22.007511],[-86.17464,22.004596]],[[-86.17464,22.004596],[-86.121841,22.003206]],[[-86.121841,22.003206],[-86.096481,22.002539]],[[-86.096481,22.002539],[-86,22]]]},"properties":{}},{"type":"Feature","geometry":{"type":"LineString","coordinates":[[-89.5864,28.6394],[-89.3702,28.716]]},"properties":{}},{"type":"Feature","geometry":{"type":"MultiLineString","coordinates":[[[-170,-50],[-164.888358,-45.403095]],[[-164.888358,-45.403095],[-164.563,-45.1105],[-160,-40]]]},"properties":{}},{"type":"Feature","geometry":{"type":"LineString","coordinates":[[-89.4328,28.8137],[-89.5864,28.6394]]},"properties":{}},{"type":"Feature","geometry":{"type":"LineString","coordinates":[[-89.5,13.1],[-88.1,12.7]]},"properties":{}},{"type":"Feature","geometry":{"type":"LineString","coordinates":[[-89.5,13.1],[-89.3428,13.0565],[-88.1,12.7]]},"properties":{}},{"type":"Feature","geometry":{"type":"LineString","coordinates":[[-89.2549,29.1604],[-89.2855,29.0821],[-89.3889,28.9614],[-89.4317,28.9048],[-89.4328,28.8137]]},"properties":{}},{"type":"Feature","geometry":{"type":"LineString","coordinates":[[-89.4328,28.8137],[-89.3702,28.716]]},"properties":{}},{"type":"Feature","geometry":{"type":"LineString","coordinates":[[-89.4104,29.0756],[-89.3599,29.1371],[-89.3397,29.1955],[-89.3468,29.2749]]},"properties":{}},{"type":"Feature","geometry":{"type":"LineString","coordinates":[[-89.3702,28.716],[-89.0089,28.9357]]},"properties":{}},{"type":"Feature","geometry":{"type":"MultiLineString","coordinates":[[[-89.3702,28.716],[-89.243733,28.458773]],[[-89.243733,28.458773],[-89.10918,28.185097]],[[-89.10918,28.185097],[-88.638654,27.22807]],[[-88.638654,27.22807],[-88.150942,26.236086]],[[-88.150942,26.236086],[-87.729348,25.378584]],[[-87.729348,25.378584],[-87.659,25.2355],[-86.682071,23.109086]],[[-86.682071,23.109086],[-86.27279,22.218232]],[[-86.27279,22.218232],[-86.209709,22.080927]],[[-86.209709,22.080927],[-86.17464,22.004596]],[[-86.17464,22.004596],[-86.074766,21.787206]],[[-86.074766,21.787206],[-86.05,21.7333]]]},"properties":{}},{"type":"Feature","geometry":{"type":"MultiLineString","coordinates":[[[-89.3702,28.716],[-89.291,28.6086],[-89.183799,28.542681]],[[-89.183799,28.542681],[-88.765825,28.285667]],[[-88.765825,28.285667],[-88.4725,28.1053]]]},"properties":{}},{"type":"Feature","geometry":{"type":"LineString","coordinates":[[-89.3558,29.2866],[-89.3295,29.2995],[-89.3041,29.3379],[-89.2998,29.3975],[-89.1204,29.4918]]},"properties":{}},{"type":"Feature","geometry":{"type":"LineString","coordinates":[[-89.3558,29.2866],[-89.3468,29.2749]]},"properties":{}},{"type":"Feature","geometry":{"type":"LineString","coordinates":[[-89.3468,29.2749],[-89.3029,29.238],[-89.2549,29.1604]]},"properties":{}},{"type":"Feature","geometry":{"type":"LineString","coordinates":[[-89.2549,29.1604],[-89.241,29.1122],[-89.1816,29.0273],[-89.137,28.9888],[-89.0089,28.9357]]},"properties":{}},{"type":"Feature","geometry":{"type":"LineString","coordinates":[[-89.1204,29.4918],[-88.9828,29.4279]]},"properties":{}},{"type":"Feature","geometry":{"type":"LineString","coordinates":[[-89,28.8],[-89.0089,28.9357]]},"properties":{}},{"type":"Feature","geometry":{"type":"MultiLineString","coordinates":[[[-89.0089,28.9357],[-88.855536,28.698278]],[[-88.855536,28.698278],[-88.4725,28.1053]]]},"properties":{}},{"type":"Feature","geometry":{"type":"MultiLineString","coordinates":[[[-86,22],[-86.161197,22.3774]],[[-86.161197,22.3774],[-86.321065,22.751688]],[[-86.321065,22.751688],[-86.499022,23.168327]],[[-86.499022,23.168327],[-87.417796,25.31939]],[[-87.417796,25.31939],[-87.4559,25.4086],[-87.836965,26.245557]],[[-87.836965,26.245557],[-88.194005,27.029745]],[[-88.194005,27.029745],[-88.696485,28.133373]],[[-88.696485,28.133373],[-88.765825,28.285667]],[[-88.765825,28.285667],[-89,28.8]]]},"properties":{}},{"type":"Feature","geometry":{"type":"LineString","coordinates":[[-170,-50],[-169.997,-45.0022],[-170,-40]]},"properties":{}},{"type":"Feature","geometry":{"type":"MultiLineString","coordinates":[[[-89,28.8],[-88.855536,28.698278]],[[-88.855536,28.698278],[-88.028506,28.115936]],[[-88.028506,28.115936],[-87.733673,27.908334]],[[-87.733673,27.908334],[-87.054899,27.430385]],[[-87.054899,27.430385],[-86.017892,26.700191]],[[-86.017892,26.700191],[-85.8107,26.5543],[-85.624986,26.419715]],[[-85.624986,26.419715],[-84.750963,25.786317]],[[-84.750963,25.786317],[-84.292764,25.454263]],[[-84.292764,25.454263],[-82.7,24.3]]]},"properties":{}},{"type":"Feature","geometry":{"type":"LineString","coordinates":[[-88.9828,29.4279],[-88.9391,29.4534]]},"properties":{}},{"type":"Feature","geometry":{"type":"LineString","coordinates":[[-88.9391,29.4534],[-88.7254,29.6376],[-88.5671,29.7545],[-88.3169,29.9504]]},"properties":{}},{"type":"Feature","geometry":{"type":"MultiLineString","coordinates":[[[-88.4725,28.1053],[-88.028506,28.115936]],[[-88.028506,28.115936],[-87.794566,28.121541]],[[-87.794566,28.121541],[-87.184096,28.136165]],[[-87.184096,28.136165],[-86.339822,28.156391]],[[-86.339822,28.156391],[-86.281,28.1578]]]},"properties":{}},{"type":"Feature","geometry":{"type":"MultiLineString","coordinates":[[[-88.4725,28.1053],[-87.633814,27.558696]],[[-87.633814,27.558696],[-87.003145,27.147665]],[[-87.003145,27.147665],[-85.978071,26.479585]],[[-85.978071,26.479585],[-85.7171,26.3095]]]},"properties":{}},{"type":"Feature","geometry":{"type":"LineString","coordinates":[[-88.3169,29.9504],[-88.0972,30.1015]]},"properties":{}},{"type":"Feature","geometry":{"type":"MultiLineString","coordinates":[[[-88.3169,29.9504],[-87.794566,28.121541]],[[-87.794566,28.121541],[-87.733673,27.908334]],[[-87.733673,27.908334],[-87.633814,27.558696]],[[-87.633814,27.558696],[-87.365118,26.617905]],[[-87.365118,26.617905],[-87.263712,26.262848]],[[-87.263712,26.262848],[-87.145,25.8472],[-86.982499,25.236684]],[[-86.982499,25.236684],[-86.437281,23.188309]],[[-86.437281,23.188309],[-86.321065,22.751688]],[[-86.321065,22.751688],[-86.15372,22.122976]],[[-86.15372,22.122976],[-86.134838,22.052034]],[[-86.134838,22.052034],[-86.121841,22.003206]],[[-86.121841,22.003206],[-86.068838,21.804075]],[[-86.068838,21.804075],[-86.05,21.7333]]]},"properties":{}},{"type":"Feature","geometry":{"type":"LineString","coordinates":[[-88.3169,29.9504],[-87.3464,29.0228]]},"properties":{}},{"type":"Feature","geometry":{"type":"LineString","coordinates":[[-88.1,12.7],[-87.6,12]]},"properties":{}},{"type":"Feature","geometry":{"type":"LineString","coordinates":[[-88.0972,30.1015],[-87.2889,30.2318]]},"properties":{}},{"type":"Feature","geometry":{"type":"MultiLineString","coordinates":[[[-88.0972,30.1015],[-87.9928,30.0943],[-87.4091,29.3574],[-87.405885,29.340242]],[[-87.405885,29.340242],[-87.3464,29.0228]]]},"properties":{}},{"type":"Feature","geometry":{"type":"LineString","coordinates":[[-87.8,16.25],[-87.3,18.3]]},"properties":{}},{"type":"Feature","geometry":{"type":"LineString","coordinates":[[-87.8,16.25],[-87.6304,16.9579],[-87.3,18.3]]},"properties":{}},{"type":"Feature","geometry":{"type":"MultiLineString","coordinates":[[[-170,-40],[-166.116722,-36.41632]],[[-166.116722,-36.41632],[-164.999976,-35.385732]],[[-164.999976,-35.385732],[-164.6948,-35.1041],[-161.777071,-31.931999]],[[-161.777071,-31.931999],[-160,-30]]]},"properties":{}},{"type":"Feature","geometry":{"type":"LineString","coordinates":[[-83.75,16],[-87.8,16.25]]},"properties":{}},{"type":"Feature","geometry":{"type":"LineString","coordinates":[[-83.75,16],[-87.1206,16.2215],[-87.8,16.25]]},"properties":{}},{"type":"Feature","geometry":{"type":"LineString","coordinates":[[-87.6,12],[-86.8,11.1]]},"properties":{}},{"type":"Feature","geometry":{"type":"LineString","coordinates":[[-87.6,12],[-86.9906,11.317],[-86.8,11.1]]},"properties":{}},{"type":"Feature","geometry":{"type":"MultiLineString","coordinates":[[[-87.2889,30.2318],[-87.2811,30.2003],[-87.2778,29.6665],[-87.322445,29.247582]],[[-87.322445,29.247582],[-87.3464,29.0228]]]},"properties":{}},{"type":"Feature","geometry":{"type":"MultiLineString","coordinates":[[[-87.3464,29.0228],[-87.184096,28.136165]],[[-87.184096,28.136165],[-87.054899,27.430385]],[[-87.054899,27.430385],[-87.003145,27.147665]],[[-87.003145,27.147665],[-86.86025,26.367057]],[[-86.86025,26.367057],[-86.843494,26.275524]],[[-86.843494,26.275524],[-86.6796,25.3802],[-86.642761,25.166814]],[[-86.642761,25.166814],[-86.308394,23.230022]],[[-86.308394,23.230022],[-86.161197,22.3774]],[[-86.161197,22.3774],[-86.111433,22.089147]],[[-86.111433,22.089147],[-86.102898,22.039709]],[[-86.102898,22.039709],[-86.096481,22.002539]],[[-86.096481,22.002539],[-86.0644,21.816709]],[[-86.0644,21.816709],[-86.061585,21.800404]],[[-86.061585,21.800404],[-86.05,21.7333]]]},"properties":{}},{"type":"Feature","geometry":{"type":"MultiLineString","coordinates":[[[-87.3464,29.0228],[-86.504488,28.33925]],[[-86.504488,28.33925],[-86.281,28.1578]]]},"properties":{}},{"type":"Feature","geometry":{"type":"MultiLineString","coordinates":[[[-87.3,18.3],[-86.086746,21.753108]],[[-86.086746,21.753108],[-86.084451,21.759639]],[[-86.084451,21.759639],[-86.082961,21.763881]],[[-86.082961,21.763881],[-86.081013,21.769425]],[[-86.081013,21.769425],[-86.074766,21.787206]],[[-86.074766,21.787206],[-86.068838,21.804075]],[[-86.068838,21.804075],[-86.068389,21.805355]],[[-86.068389,21.805355],[-86.0644,21.816709]],[[-86.0644,21.816709],[-86,22]]]},"properties":{}},{"type":"Feature","geometry":{"type":"LineString","coordinates":[[-87.2889,30.2318],[-86.8421,30.3017],[-86.3455,30.2803],[-85.7988,29.8451],[-85.7744,29.8381]]},"properties":{}},{"type":"Feature","geometry":{"type":"LineString","coordinates":[[-87.2889,30.2318],[-85.7744,29.8381]]},"properties":{}},{"type":"Feature","geometry":{"type":"LineString","coordinates":[[-86.8,11.1],[-86.6,10]]},"properties":{}},{"type":"Feature","geometry":{"type":"LineString","coordinates":[[-86.6,10],[-84.9,9.2]]},"properties":{}},{"type":"Feature","geometry":{"type":"LineString","coordinates":[[-85.7708,28.8725],[-86.281,28.1578]]},"properties":{}},{"type":"Feature","geometry":{"type":"MultiLineString","coordinates":[[[-86.281,28.1578],[-85.068309,27.085782]],[[-85.068309,27.085782],[-83.999198,26.140689]],[[-83.999198,26.140689],[-83.685692,25.86355]],[[-83.685692,25.86355],[-81.825,24.2187]]]},"properties":{}},{"type":"Feature","geometry":{"type":"LineString","coordinates":[[-86.281,28.1578],[-84.6525,27.5833]]},"properties":{}},{"type":"Feature","geometry":{"type":"MultiLineString","coordinates":[[[-86.069,21.8058],[-86.068389,21.805355]],[[-86.068389,21.805355],[-86.061585,21.800404]],[[-86.061585,21.800404],[-86.04032,21.784931]],[[-86.04032,21.784931],[-86.029377,21.776969]],[[-86.029377,21.776969],[-86.005411,21.75953]],[[-86.005411,21.75953],[-85.873954,21.663876]],[[-85.873954,21.663876],[-85.390974,21.31244]],[[-85.390974,21.31244],[-84.971542,21.007245]],[[-84.971542,21.007245],[-79.253729,16.846728]],[[-79.253729,16.846728],[-78.3729,16.2058],[-76.604059,15.754186]],[[-76.604059,15.754186],[-73.284043,14.906532]],[[-73.284043,14.906532],[-71.738548,14.511942]],[[-71.738548,14.511942],[-69.297338,13.888661]],[[-69.297338,13.888661],[-68.488542,13.682162]],[[-68.488542,13.682162],[-67.756376,13.495228]],[[-67.756376,13.495228],[-61.9,12]]]},"properties":{}},{"type":"Feature","geometry":{"type":"MultiLineString","coordinates":[[[-170,-40],[-169.998473,-36.681326]],[[-169.998473,-36.681326],[-169.9977,-35.0021],[-170,-30]]]},"properties":{}},{"type":"Feature","geometry":{"type":"MultiLineString","coordinates":[[[-81.825,24.2187],[-82.065666,24.077126]],[[-82.065666,24.077126],[-82.478285,23.834398]],[[-82.478285,23.834398],[-85.695292,21.94196]],[[-85.695292,21.94196],[-85.810089,21.87443]],[[-85.810089,21.87443],[-85.860715,21.844649]],[[-85.860715,21.844649],[-85.861818,21.844]],[[-85.861818,21.844],[-85.927099,21.805598]],[[-85.927099,21.805598],[-86.005411,21.75953]],[[-86.005411,21.75953],[-86.05,21.7333]]]},"properties":{}},{"type":"Feature","geometry":{"type":"MultiLineString","coordinates":[[[-84.2612,25.5211],[-84.292764,25.454263]],[[-84.292764,25.454263],[-84.431568,25.160345]],[[-84.431568,25.160345],[-84.636782,24.725801]],[[-84.636782,24.725801],[-85.185687,23.56349]],[[-85.185687,23.56349],[-85.886786,22.078907]],[[-85.886786,22.078907],[-85.930318,21.986727]],[[-85.930318,21.986727],[-85.942123,21.961731]],[[-85.942123,21.961731],[-85.950462,21.944074]],[[-85.950462,21.944074],[-85.966384,21.910357]],[[-85.966384,21.910357],[-86.029377,21.776969]],[[-86.029377,21.776969],[-86.05,21.7333]]]},"properties":{}},{"type":"Feature","geometry":{"type":"MultiLineString","coordinates":[[[-86,22],[-86.04032,21.784931]],[[-86.04032,21.784931],[-86.05,21.7333]]]},"properties":{}},{"type":"Feature","geometry":{"type":"MultiLineString","coordinates":[[[-82.7,24.3],[-85.886786,22.078907]],[[-85.886786,22.078907],[-86,22]]]},"properties":{}},{"type":"Feature","geometry":{"type":"MultiLineString","coordinates":[[[-83.75,16],[-85.599913,20.933101]],[[-85.599913,20.933101],[-85.873954,21.663876]],[[-85.873954,21.663876],[-85.927099,21.805598]],[[-85.927099,21.805598],[-85.966384,21.910357]],[[-85.966384,21.910357],[-86,22]]]},"properties":{}},{"type":"Feature","geometry":{"type":"MultiLineString","coordinates":[[[-86,22],[-85.950462,21.944074]],[[-85.950462,21.944074],[-85.861818,21.844]],[[-85.861818,21.844],[-85.390974,21.31244]],[[-85.390974,21.31244],[-82.7561,18.3378],[-80.5,14.3]]]},"properties":{}},{"type":"Feature","geometry":{"type":"MultiLineString","coordinates":[[[-86,22],[-85.942123,21.961731]],[[-85.942123,21.961731],[-85.810089,21.87443]],[[-85.810089,21.87443],[-81.2293,18.8456],[-78.711857,17.954031]],[[-78.711857,17.954031],[-75.900579,16.958398]],[[-75.900579,16.958398],[-72.249859,15.665471]],[[-72.249859,15.665471],[-72.043436,15.592365]],[[-72.043436,15.592365],[-70.568459,15.069992]],[[-70.568459,15.069992],[-68.84569,14.459862]],[[-68.84569,14.459862],[-67.680067,14.047049]],[[-67.680067,14.047049],[-61.9,12]]]},"properties":{}},{"type":"Feature","geometry":{"type":"MultiLineString","coordinates":[[[-83.9,21.6],[-85.695292,21.94196]],[[-85.695292,21.94196],[-85.930318,21.986727]],[[-85.930318,21.986727],[-86,22]]]},"properties":{}},{"type":"Feature","geometry":{"type":"LineString","coordinates":[[-75,63.2],[-86,61.1]]},"properties":{}},{"type":"Feature","geometry":{"type":"MultiLineString","coordinates":[[[-160,-50],[-164.888358,-45.403095]],[[-164.888358,-45.403095],[-165.2833,-45.0317],[-170,-40]]]},"properties":{}},{"type":"Feature","geometry":{"type":"LineString","coordinates":[[-86,61.1],[-83,57]]},"properties":{}},{"type":"Feature","geometry":{"type":"MultiLineString","coordinates":[[[-85.8613,21.8452],[-85.860715,21.844649]],[[-85.860715,21.844649],[-84.971542,21.007245]],[[-84.971542,21.007245],[-79.663879,16.008596]],[[-79.663879,16.008596],[-79.5594,15.9102],[-79.681199,14.207275]],[[-79.681199,14.207275],[-80,9.75]]]},"properties":{}},{"type":"Feature","geometry":{"type":"LineString","coordinates":[[-85.7744,29.8381],[-85.4898,29.861],[-85.4716,29.8731]]},"properties":{}},{"type":"Feature","geometry":{"type":"LineString","coordinates":[[-85.7196,30.13],[-85.7312,30.1173],[-85.7744,29.8381]]},"properties":{}},{"type":"Feature","geometry":{"type":"LineString","coordinates":[[-85.7744,29.8381],[-85.7708,28.8725]]},"properties":{}},{"type":"Feature","geometry":{"type":"LineString","coordinates":[[-85.7744,29.8381],[-85.4991,29.4988],[-83.4318,28.9201]]},"properties":{}},{"type":"Feature","geometry":{"type":"LineString","coordinates":[[-85.7708,28.8725],[-84.6525,27.5833]]},"properties":{}},{"type":"Feature","geometry":{"type":"MultiLineString","coordinates":[[[-84.6525,27.5833],[-85.068309,27.085782]],[[-85.068309,27.085782],[-85.212975,26.912689]],[[-85.212975,26.912689],[-85.624986,26.419715]],[[-85.624986,26.419715],[-85.7171,26.3095]]]},"properties":{}},{"type":"Feature","geometry":{"type":"MultiLineString","coordinates":[[[-84.2612,25.5211],[-84.750963,25.786317]],[[-84.750963,25.786317],[-85.7171,26.3095]]]},"properties":{}},{"type":"Feature","geometry":{"type":"LineString","coordinates":[[-84.9,9.2],[-81.4,6.9]]},"properties":{}},{"type":"Feature","geometry":{"type":"LineString","coordinates":[[-83.3816,27.6012],[-84.6525,27.5833]]},"properties":{}},{"type":"Feature","geometry":{"type":"LineString","coordinates":[[-83.4318,28.9201],[-84.6525,27.5833]]},"properties":{}},{"type":"Feature","geometry":{"type":"LineString","coordinates":[[-84.3327,29.998],[-84.2711,30.0089],[-84.1747,30.0099],[-83.8421,29.9386],[-83.7626,29.8895]]},"properties":{}},{"type":"Feature","geometry":{"type":"MultiLineString","coordinates":[[[-82.6626,26.4507],[-83.685692,25.86355]],[[-83.685692,25.86355],[-83.7391,25.8329],[-84.015582,25.667784]],[[-84.015582,25.667784],[-84.2612,25.5211]]]},"properties":{}},{"type":"Feature","geometry":{"type":"MultiLineString","coordinates":[[[-83.3816,27.6012],[-83.999198,26.140689]],[[-83.999198,26.140689],[-84.143107,25.800369]],[[-84.143107,25.800369],[-84.2612,25.5211]]]},"properties":{}},{"type":"Feature","geometry":{"type":"MultiLineString","coordinates":[[[-81.825,24.2187],[-83.465187,25.095549]],[[-83.465187,25.095549],[-84.2612,25.5211]]]},"properties":{}},{"type":"Feature","geometry":{"type":"LineString","coordinates":[[-83.9,21.6],[-82.7,22.3]]},"properties":{}},{"type":"Feature","geometry":{"type":"LineString","coordinates":[[-160,-40],[-165.0004,-40.1068],[-170,-40]]},"properties":{}},{"type":"Feature","geometry":{"type":"LineString","coordinates":[[-83.9,21.6],[-78.2,19]]},"properties":{}},{"type":"Feature","geometry":{"type":"LineString","coordinates":[[-83.9,21.6],[-80.9348,20.3138],[-78.2,19]]},"properties":{}},{"type":"Feature","geometry":{"type":"LineString","coordinates":[[-83.7626,29.8895],[-83.6621,29.8274],[-83.5018,29.6411],[-83.3654,29.3792],[-83.4255,29.2596],[-83.3184,29.2007],[-83.116,29.1092],[-83.0208,28.9415]]},"properties":{}},{"type":"Feature","geometry":{"type":"LineString","coordinates":[[-83.7626,29.8895],[-83.7378,29.8742]]},"properties":{}},{"type":"Feature","geometry":{"type":"LineString","coordinates":[[-82.7,14.6],[-83.75,16]]},"properties":{}},{"type":"Feature","geometry":{"type":"LineString","coordinates":[[-83.0208,28.9415],[-83.4318,28.9201]]},"properties":{}},{"type":"Feature","geometry":{"type":"LineString","coordinates":[[-83.4318,28.9201],[-83.438,28.1675],[-83.3816,27.6012]]},"properties":{}},{"type":"Feature","geometry":{"type":"LineString","coordinates":[[-83.4,12.2],[-82.7,14.6]]},"properties":{}},{"type":"Feature","geometry":{"type":"LineString","coordinates":[[-82.9,10],[-83.4,12.2]]},"properties":{}},{"type":"Feature","geometry":{"type":"LineString","coordinates":[[-83.4,12.2],[-82.9628,10.2829],[-82.9,10]]},"properties":{}},{"type":"Feature","geometry":{"type":"LineString","coordinates":[[-83.3816,27.6012],[-82.8234,26.6896],[-82.6626,26.4507]]},"properties":{}},{"type":"Feature","geometry":{"type":"LineString","coordinates":[[-83.0024,27.5864],[-83.3816,27.6012]]},"properties":{}},{"type":"Feature","geometry":{"type":"LineString","coordinates":[[-83.0208,28.9415],[-82.9975,28.8498],[-82.9944,28.3701],[-82.9972,28.2644],[-83.0647,28.162],[-83.0072,27.9362],[-82.9996,27.7875],[-83.0024,27.5864]]},"properties":{}},{"type":"Feature","geometry":{"type":"LineString","coordinates":[[-83.0024,27.5864],[-82.9828,27.4921],[-82.6844,27.2105],[-82.6211,27.1159],[-82.3773,26.7074],[-82.3226,26.6665]]},"properties":{}},{"type":"Feature","geometry":{"type":"MultiLineString","coordinates":[[[-170,-30],[-168.187098,-28.287347]],[[-168.187098,-28.287347],[-165.000156,-25.276633]],[[-165.000156,-25.276633],[-164.7972,-25.0849],[-164.255332,-24.510534]],[[-164.255332,-24.510534],[-160,-20]]]},"properties":{}},{"type":"Feature","geometry":{"type":"LineString","coordinates":[[-82.9,10],[-80,9.75]]},"properties":{}},{"type":"Feature","geometry":{"type":"MultiLineString","coordinates":[[[-82.7,14.6],[-82.166049,14.527189]],[[-82.166049,14.527189],[-80.5,14.3]]]},"properties":{}},{"type":"Feature","geometry":{"type":"LineString","coordinates":[[-82.7,22.3],[-80.75,21.6]]},"properties":{}},{"type":"Feature","geometry":{"type":"MultiLineString","coordinates":[[[-82.2,23.25],[-82.478285,23.834398]],[[-82.478285,23.834398],[-82.7,24.3]]]},"properties":{}},{"type":"Feature","geometry":{"type":"MultiLineString","coordinates":[[[-79,23],[-82.065666,24.077126]],[[-82.065666,24.077126],[-82.7,24.3]]]},"properties":{}},{"type":"Feature","geometry":{"type":"LineString","coordinates":[[-82.7,24.3],[-81.825,24.2187]]},"properties":{}},{"type":"Feature","geometry":{"type":"LineString","coordinates":[[-82.2522,26.4952],[-82.6626,26.4507]]},"properties":{}},{"type":"Feature","geometry":{"type":"LineString","coordinates":[[-82.3226,26.6665],[-82.6626,26.4507]]},"properties":{}},{"type":"Feature","geometry":{"type":"LineString","coordinates":[[-82.6626,26.4507],[-82.4822,26.2819],[-82.0978,25.6217],[-82.0286,25.1618],[-82.0927,24.6799],[-82.0471,24.4172],[-81.825,24.2187]]},"properties":{}},{"type":"Feature","geometry":{"type":"LineString","coordinates":[[-82.3226,26.6665],[-82.2772,26.519],[-82.2522,26.4952]]},"properties":{}},{"type":"Feature","geometry":{"type":"LineString","coordinates":[[-82.2522,26.4952],[-82.1616,26.4028],[-81.9921,26.3568],[-81.9144,26.0435],[-81.7129,25.7693],[-81.5207,25.0404]]},"properties":{}},{"type":"Feature","geometry":{"type":"MultiLineString","coordinates":[[[-170,-30],[-169.999232,-27.256993]],[[-169.999232,-27.256993],[-169.999094,-26.764069]],[[-169.999094,-26.764069],[-169.9986,-25.0017],[-170,-20]]]},"properties":{}},{"type":"Feature","geometry":{"type":"LineString","coordinates":[[-81.25,-3],[-81.9,-5.25]]},"properties":{}},{"type":"Feature","geometry":{"type":"LineString","coordinates":[[-81.9,-5.25],[-80.2,-7.3]]},"properties":{}},{"type":"Feature","geometry":{"type":"LineString","coordinates":[[-80.2,-7.3],[-81.5607,-5.6477],[-81.9,-5.25]]},"properties":{}},{"type":"Feature","geometry":{"type":"MultiLineString","coordinates":[[[-79.815,25.7903],[-79.9482,25.3329],[-80.0286,25.1157],[-80.029414,25.114792]],[[-80.029414,25.114792],[-80.3533,24.7537],[-80.797078,24.513328]],[[-80.797078,24.513328],[-80.8143,24.504],[-81.825,24.2187]]]},"properties":{}},{"type":"Feature","geometry":{"type":"LineString","coordinates":[[-81.5207,25.0404],[-81.8201,24.7616],[-81.8204,24.541],[-81.825,24.2187]]},"properties":{}},{"type":"Feature","geometry":{"type":"MultiLineString","coordinates":[[[-81.825,24.2187],[-79.634486,23.534304]],[[-79.634486,23.534304],[-77.7989,22.9608],[-75.703573,22.244412]],[[-75.703573,22.244412],[-74.894912,21.967932]],[[-74.894912,21.967932],[-74.573913,21.858183]],[[-74.573913,21.858183],[-74.304347,21.766019]],[[-74.304347,21.766019],[-73.92809,21.637377]],[[-73.92809,21.637377],[-73.894602,21.625928]],[[-73.894602,21.625928],[-73.857925,21.613388]],[[-73.857925,21.613388],[-73.8486,21.6102],[-73.697222,21.554184]],[[-73.697222,21.554184],[-73.656755,21.539209]],[[-73.656755,21.539209],[-73.497492,21.480275]],[[-73.497492,21.480275],[-73.492623,21.478473]],[[-73.492623,21.478473],[-71.704658,20.816848]],[[-71.704658,20.816848],[-69.9723,20.1758],[-68.901266,19.751073]],[[-68.901266,19.751073],[-68.900061,19.750596]],[[-68.900061,19.750596],[-68.899646,19.750431]],[[-68.899646,19.750431],[-68.898693,19.750053]],[[-68.898693,19.750053],[-68.897276,19.749491]],[[-68.897276,19.749491],[-67.331093,19.128409]],[[-67.331093,19.128409],[-67.037894,19.012139]],[[-67.037894,19.012139],[-66.199242,18.679565]],[[-66.199242,18.679565],[-66.1668,18.6667]]]},"properties":{}},{"type":"Feature","geometry":{"type":"LineString","coordinates":[[-80.3,1.2],[-81.8,-0.9]]},"properties":{}},{"type":"Feature","geometry":{"type":"MultiLineString","coordinates":[[[-81.8,-0.9],[-81.176151,1.84843]],[[-81.176151,1.84843],[-80.9033,3.0505],[-80.412834,5.194964]],[[-80.412834,5.194964],[-80,7]]]},"properties":{}},{"type":"Feature","geometry":{"type":"LineString","coordinates":[[-81.8,-0.9],[-81.25,-3]]},"properties":{}},{"type":"Feature","geometry":{"type":"LineString","coordinates":[[-81.4,6.9],[-80,7]]},"properties":{}},{"type":"Feature","geometry":{"type":"LineString","coordinates":[[-81.2,30.4],[-81.1905,30.2861]]},"properties":{}},{"type":"Feature","geometry":{"type":"MultiLineString","coordinates":[[[-160,-40],[-164.088559,-36.226841]],[[-164.088559,-36.226841],[-164.999976,-35.385732]],[[-164.999976,-35.385732],[-165.3071,-35.1023],[-170,-30]]]},"properties":{}},{"type":"Feature","geometry":{"type":"MultiLineString","coordinates":[[[-71.2,21.7],[-73.134922,23.198996]],[[-73.134922,23.198996],[-73.144706,23.206576]],[[-73.144706,23.206576],[-73.477584,23.464459]],[[-73.477584,23.464459],[-73.566349,23.533225]],[[-73.566349,23.533225],[-73.887445,23.78198]],[[-73.887445,23.78198],[-73.937167,23.8205]],[[-73.937167,23.8205],[-74.109958,23.954362]],[[-74.109958,23.954362],[-75.190445,24.791422]],[[-75.190445,24.791422],[-76.083833,25.483536]],[[-76.083833,25.483536],[-76.3728,25.7074],[-76.61827,25.946026]],[[-76.61827,25.946026],[-77.721035,27.018041]],[[-77.721035,27.018041],[-77.823399,27.117551]],[[-77.823399,27.117551],[-78.173844,27.458225]],[[-78.173844,27.458225],[-78.658587,27.929451]],[[-78.658587,27.929451],[-78.788447,28.05569]],[[-78.788447,28.05569],[-79.094376,28.353089]],[[-79.094376,28.353089],[-79.298026,28.55106]],[[-79.298026,28.55106],[-79.816335,29.054916]],[[-79.816335,29.054916],[-81.2,30.4]]]},"properties":{}},{"type":"Feature","geometry":{"type":"LineString","coordinates":[[-81.1905,30.2861],[-81.1137,29.9152]]},"properties":{}},{"type":"Feature","geometry":{"type":"LineString","coordinates":[[103.6,1.1],[104.482294,1.341312]]},"properties":{}},{"type":"Feature","geometry":{"type":"LineString","coordinates":[[-81.1137,29.9152],[-80.7948,29.0791]]},"properties":{}},{"type":"Feature","geometry":{"type":"LineString","coordinates":[[103.6,1.1],[103.859252,0.347932],[104.137095,-0.58662],[105.063239,-2.168977],[105.686282,-2.345649],[105.905189,-2.892342],[106.1,-3]]},"properties":{}},{"type":"Feature","geometry":{"type":"MultiLineString","coordinates":[[[-79.9545,25.7921],[-79.9567,25.7608],[-80.0872,25.5421],[-80.0934,25.4796],[-80.1694,25.2375],[-80.3256,25.0394]],[[-80.3256,25.0394],[-80.4332,24.9561],[-80.7641,24.7402],[-81.0362,24.6356],[-81.1122,24.6271]]]},"properties":{}},{"type":"Feature","geometry":{"type":"LineString","coordinates":[[-80.9,24.6],[-81.1122,24.6271]]},"properties":{}},{"type":"Feature","geometry":{"type":"MultiLineString","coordinates":[[[-79,23],[-79.634486,23.534304]],[[-79.634486,23.534304],[-80.797078,24.513328]],[[-80.797078,24.513328],[-80.9,24.6]]]},"properties":{}},{"type":"Feature","geometry":{"type":"LineString","coordinates":[[-80.7948,29.0791],[-80.4402,28.4472],[-80.4347,28.4248]]},"properties":{}},{"type":"Feature","geometry":{"type":"MultiLineString","coordinates":[[[-80.5,14.3],[-79.663879,16.008596]],[[-79.663879,16.008596],[-79.253729,16.846728]],[[-79.253729,16.846728],[-78.711857,17.954031]],[[-78.711857,17.954031],[-78.2,19]]]},"properties":{}},{"type":"Feature","geometry":{"type":"LineString","coordinates":[[-80.5,14.3],[-80,9.75]]},"properties":{}},{"type":"Feature","geometry":{"type":"MultiLineString","coordinates":[[[-160,-30],[-165.0005,-30.0936],[-165.010688,-30.093409]],[[-165.010688,-30.093409],[-170,-30]]]},"properties":{}},{"type":"Feature","geometry":{"type":"MultiLineString","coordinates":[[[-70,13],[-73.777685,13.507848]],[[-73.777685,13.507848],[-74.970687,13.668227]],[[-74.970687,13.668227],[-75.2353,13.7038],[-77.638723,13.975975]],[[-77.638723,13.975975],[-79.681199,14.207275]],[[-79.681199,14.207275],[-80.5,14.3]]]},"properties":{}},{"type":"Feature","geometry":{"type":"LineString","coordinates":[[-80.4347,28.4248],[-79.6882,28.4937]]},"properties":{}},{"type":"Feature","geometry":{"type":"LineString","coordinates":[[-80.4347,28.4248],[-80.4249,28.3836],[-80.2419,27.9097],[-80.0986,27.5819]]},"properties":{}},{"type":"Feature","geometry":{"type":"MultiLineString","coordinates":[[[-80.3256,25.0394],[-80.029414,25.114792]],[[-80.029414,25.114792],[-78.144881,25.594487]],[[-78.144881,25.594487],[-77.112232,25.857341]],[[-77.112232,25.857341],[-77.1065,25.8588],[-76.61827,25.946026]],[[-76.61827,25.946026],[-76.300128,26.002864]],[[-76.300128,26.002864],[-75.592314,26.12932]],[[-75.592314,26.12932],[-75.121698,26.213399]],[[-75.121698,26.213399],[-74.308394,26.358701]],[[-74.308394,26.358701],[-74.034083,26.407709]],[[-74.034083,26.407709],[-73.877374,26.435706]],[[-73.877374,26.435706],[-73.356587,26.528748]],[[-73.356587,26.528748],[-73.272918,26.543697]],[[-73.272918,26.543697],[-73.177824,26.560686]],[[-73.177824,26.560686],[-72.416539,26.696695]],[[-72.416539,26.696695],[-72.376461,26.703855]],[[-72.376461,26.703855],[-72.11486,26.750592]],[[-72.11486,26.750592],[-70.032341,27.122649]],[[-70.032341,27.122649],[-69.686099,27.184507]],[[-69.686099,27.184507],[-69.416194,27.232728]],[[-69.416194,27.232728],[-68.514007,27.39391]],[[-68.514007,27.39391],[-67.997821,27.48613]],[[-67.997821,27.48613],[-67.44363,27.58514]],[[-67.44363,27.58514],[-67.126127,27.641864]],[[-67.126127,27.641864],[-63.0953,28.362]],[[-63.0953,28.362],[-61.33976,28.537799]],[[-61.33976,28.537799],[-60.000372,28.671926]],[[-60.000372,28.671926],[-58.995496,28.772554]],[[-58.995496,28.772554],[-58.728888,28.799252]],[[-58.728888,28.799252],[-56.6607,29.00636]],[[-56.6607,29.00636],[-52.7967,29.3933],[-50,30]]]},"properties":{}},{"type":"Feature","geometry":{"type":"LineString","coordinates":[[-78,3.9],[-80.3,1.2]]},"properties":{}},{"type":"Feature","geometry":{"type":"LineString","coordinates":[[-80.3,1.2],[-79.8285,1.7741],[-78,3.9]]},"properties":{}},{"type":"Feature","geometry":{"type":"MultiLineString","coordinates":[[[-80.3,1.2],[-81.176151,1.84843]],[[-81.176151,1.84843],[-84.197004,4.084134]],[[-84.197004,4.084134],[-85.742297,5.227789]],[[-85.742297,5.227789],[-86.694893,5.932796]],[[-86.694893,5.932796],[-88.549697,7.305518]],[[-88.549697,7.305518],[-90.812512,8.980205]],[[-90.812512,8.980205],[-90.892686,9.039541]],[[-90.892686,9.039541],[-93.209132,10.753919]],[[-93.209132,10.753919],[-93.658883,11.086775]],[[-93.658883,11.086775],[-99.644,15.5163]],[[-99.644,15.5163],[-91.888035,11.353686]],[[-91.888035,11.353686],[-89.596663,10.12391]],[[-89.596663,10.12391],[-88.137917,9.341004]],[[-88.137917,9.341004],[-86.781866,8.613213]],[[-86.781866,8.613213],[-83.033697,6.601577]],[[-83.033697,6.601577],[-82.675316,6.409235]],[[-82.675316,6.409235],[-81.645708,5.856645]],[[-81.645708,5.856645],[-80.412834,5.194964]],[[-80.412834,5.194964],[-78,3.9]]]},"properties":{}},{"type":"Feature","geometry":{"type":"LineString","coordinates":[[-80.2,-7.3],[-80,-10]]},"properties":{}},{"type":"Feature","geometry":{"type":"LineString","coordinates":[[-79.2207,32.2439],[-79.79,31.9811],[-79.9246,31.7801],[-80.0292,31.6806],[-80.055,31.2087],[-80.066,30.8186],[-80.1228,30.3972]]},"properties":{}},{"type":"Feature","geometry":{"type":"MultiLineString","coordinates":[[[-80.1228,30.3972],[-79.816335,29.054916]],[[-79.816335,29.054916],[-79.6882,28.4937]]]},"properties":{}},{"type":"Feature","geometry":{"type":"MultiLineString","coordinates":[[[-80.1228,30.3972],[-79.285798,29.135022]],[[-79.285798,29.135022],[-79.004611,28.711]],[[-79.004611,28.711],[-78.704647,28.258662]],[[-78.704647,28.258662],[-78.579305,28.069649]],[[-78.579305,28.069649],[-78.173844,27.458225]],[[-78.173844,27.458225],[-77.903476,27.050515]],[[-77.903476,27.050515],[-77.850212,26.970195]],[[-77.850212,26.970195],[-77.664809,26.690612]],[[-77.664809,26.690612],[-77.646459,26.662941]],[[-77.646459,26.662941],[-77.112232,25.857341]],[[-77.112232,25.857341],[-76.7809,25.3577],[-74.894912,21.967932]],[[-74.894912,21.967932],[-74.485489,21.232058]],[[-74.485489,21.232058],[-73.899407,20.178668]],[[-73.899407,20.178668],[-73.808075,20.014514]],[[-73.808075,20.014514],[-73.8,20]]]},"properties":{}},{"type":"Feature","geometry":{"type":"MultiLineString","coordinates":[[[122.1825,37.8155],[122.622974,37.869368]],[[122.622974,37.869368],[124.1,38.05]],[[124.1,38.05],[123.2,37.1]]]},"properties":{}},{"type":"Feature","geometry":{"type":"MultiLineString","coordinates":[[[-80.1228,30.3972],[-79.274212,29.68832]],[[-79.274212,29.68832],[-78.848655,29.332826]],[[-78.848655,29.332826],[-78.411825,28.967913]],[[-78.411825,28.967913],[-78.18058,28.774739]],[[-78.18058,28.774739],[-77.21411,27.967386]],[[-77.21411,27.967386],[-77.010956,27.797678]],[[-77.010956,27.797678],[-76.582487,27.439751]],[[-76.582487,27.439751],[-76.544,27.4076],[-75.789347,26.773974]],[[-75.789347,26.773974],[-75.405913,26.452033]],[[-75.405913,26.452033],[-75.121698,26.213399]],[[-75.121698,26.213399],[-74.234954,25.468866]],[[-74.234954,25.468866],[-73.990483,25.263602]],[[-73.990483,25.263602],[-73.882699,25.173104]],[[-73.882699,25.173104],[-73.476792,24.832295]],[[-73.476792,24.832295],[-73.359457,24.733777]],[[-73.359457,24.733777],[-73.0316,24.4585],[-72.911918,24.345691]],[[-72.911918,24.345691],[-72.899045,24.333557]],[[-72.899045,24.333557],[-69.7214,21.3384],[-69.008576,20.802629]],[[-69.008576,20.802629],[-68.406795,20.35032]],[[-68.406795,20.35032],[-67.673973,19.799518]],[[-67.673973,19.799518],[-67.180783,19.428828]],[[-67.180783,19.428828],[-67.097137,19.365958]],[[-67.097137,19.365958],[-66.802353,19.144393]],[[-66.802353,19.144393],[-66.185757,18.680948]],[[-66.185757,18.680948],[-66.1668,18.6667]]]},"properties":{}},{"type":"Feature","geometry":{"type":"LineString","coordinates":[[-80.0986,27.5819],[-80.0488,27.4715]]},"properties":{}},{"type":"Feature","geometry":{"type":"LineString","coordinates":[[-80.0986,27.5819],[-79.3211,27.4491]]},"properties":{}},{"type":"Feature","geometry":{"type":"LineString","coordinates":[[-80.0488,27.4715],[-79.9479,27.1678]]},"properties":{}},{"type":"Feature","geometry":{"type":"MultiLineString","coordinates":[[[123.2,37.1],[125.5,37.4]],[[125.5,37.4],[126.074087,37.526233]]]},"properties":{}},{"type":"Feature","geometry":{"type":"LineString","coordinates":[[-170,-30],[-175.0005,-30.0935],[-180,-30]]},"properties":{}},{"type":"Feature","geometry":{"type":"MultiLineString","coordinates":[[[-80,-50],[-79.999164,-50.973003]],[[-79.999164,-50.973003],[-79.998244,-52.042634]],[[-79.998244,-52.042634],[-79.996208,-54.411238]],[[-79.996208,-54.411238],[-79.995896,-54.773618]],[[-79.995896,-54.773618],[-79.9957,-55.0021],[-80,-60]]]},"properties":{}},{"type":"Feature","geometry":{"type":"MultiLineString","coordinates":[[[-80,-50],[-79.998271,-47.119436]],[[-79.998271,-47.119436],[-79.997,-45.0022],[-80,-40]]]},"properties":{}},{"type":"Feature","geometry":{"type":"LineString","coordinates":[[-72,-33],[-75.8198,-36.5676],[-80,-40]]},"properties":{}},{"type":"Feature","geometry":{"type":"LineString","coordinates":[[-80,-30],[-79.9979,-35.0021],[-80,-40]]},"properties":{}},{"type":"Feature","geometry":{"type":"LineString","coordinates":[[-76.5,-46.5001],[-78.356,-43.2666],[-80,-40]]},"properties":{}},{"type":"Feature","geometry":{"type":"LineString","coordinates":[[-80,-30],[-79.9986,-25.0017],[-80,-20]]},"properties":{}},{"type":"Feature","geometry":{"type":"LineString","coordinates":[[-72,-33],[-76.063,-31.5575],[-80,-30]]},"properties":{}},{"type":"Feature","geometry":{"type":"LineString","coordinates":[[-80,-20],[-79.9992,-15.0011],[-80,-10]]},"properties":{}},{"type":"Feature","geometry":{"type":"MultiLineString","coordinates":[[[-72.8,-29.6],[-76.035245,-25.998693]],[[-76.035245,-25.998693],[-76.9618,-24.9673],[-80,-20]]]},"properties":{}},{"type":"Feature","geometry":{"type":"MultiLineString","coordinates":[[[-80,-10],[-76.279343,-20.128455]],[[-76.279343,-20.128455],[-74.650508,-24.562506]],[[-74.650508,-24.562506],[-72.8,-29.6]]]},"properties":{}},{"type":"Feature","geometry":{"type":"LineString","coordinates":[[-77.7,-12],[-80,-10]]},"properties":{}},{"type":"Feature","geometry":{"type":"MultiLineString","coordinates":[[[-160,-30],[-165.000156,-25.276633]],[[-165.000156,-25.276633],[-165.2045,-25.0836],[-165.332968,-24.947414]],[[-165.332968,-24.947414],[-170,-20]]]},"properties":{}},{"type":"Feature","geometry":{"type":"LineString","coordinates":[[-78,3.9],[-80,7]]},"properties":{}},{"type":"Feature","geometry":{"type":"LineString","coordinates":[[-75.25,11.7],[-80,9.75]]},"properties":{}},{"type":"Feature","geometry":{"type":"MultiLineString","coordinates":[[[-69.75,17.5],[-71.173962,16.455021]],[[-71.173962,16.455021],[-71.579995,16.157053]],[[-71.579995,16.157053],[-72.224911,15.683779]],[[-72.224911,15.683779],[-72.249859,15.665471]],[[-72.249859,15.665471],[-73.284043,14.906532]],[[-73.284043,14.906532],[-74.9584,13.6778],[-74.970687,13.668227]],[[-74.970687,13.668227],[-80,9.75]]]},"properties":{}},{"type":"Feature","geometry":{"type":"MultiLineString","coordinates":[[[-75,18.5],[-75.408284,17.801104]],[[-75.408284,17.801104],[-75.900579,16.958398]],[[-75.900579,16.958398],[-76.604059,15.754186]],[[-76.604059,15.754186],[-77.5478,14.1387],[-77.638723,13.975975]],[[-77.638723,13.975975],[-80,9.75]]]},"properties":{}},{"type":"Feature","geometry":{"type":"LineString","coordinates":[[-80,9.75],[-78.0323,9.5375],[-77.0765,8.6153],[-75.25,11.7]]},"properties":{}},{"type":"Feature","geometry":{"type":"LineString","coordinates":[[-79.9386,25.9805],[-79.9545,25.7921]]},"properties":{}},{"type":"Feature","geometry":{"type":"LineString","coordinates":[[-79.9545,25.7921],[-79.815,25.7903]]},"properties":{}},{"type":"Feature","geometry":{"type":"LineString","coordinates":[[-79.9479,27.1678],[-79.8904,26.7929]]},"properties":{}},{"type":"Feature","geometry":{"type":"LineString","coordinates":[[-79.9386,25.9805],[-79.5356,26.0942]]},"properties":{}},{"type":"Feature","geometry":{"type":"LineString","coordinates":[[-79.8904,26.7929],[-79.8891,26.6483],[-79.9385,26.0985],[-79.9386,25.9805]]},"properties":{}},{"type":"Feature","geometry":{"type":"LineString","coordinates":[[-160,-20],[-165.0004,-20.0692],[-170,-20]]},"properties":{}},{"type":"Feature","geometry":{"type":"LineString","coordinates":[[-79.8904,26.7929],[-79.3328,26.7372]]},"properties":{}},{"type":"Feature","geometry":{"type":"LineString","coordinates":[[-79.5356,26.0942],[-79.815,25.7903]]},"properties":{}},{"type":"Feature","geometry":{"type":"MultiLineString","coordinates":[[[-79.8,32.75],[-78.87474,32.51071]],[[-78.87474,32.51071],[-78.101768,32.310804]],[[-78.101768,32.310804],[-77.561061,32.170967]],[[-77.561061,32.170967],[-77.020719,32.031224]],[[-77.020719,32.031224],[-76.84305,31.985276]],[[-76.84305,31.985276],[-76.207991,31.821037]],[[-76.207991,31.821037],[-74.8286,31.4643],[-74.748633,31.44005]],[[-74.748633,31.44005],[-74.225951,31.281543]],[[-74.225951,31.281543],[-73.856125,31.169391]],[[-73.856125,31.169391],[-73.069762,30.930923]],[[-73.069762,30.930923],[-73.028471,30.918401]],[[-73.028471,30.918401],[-72.738306,30.830407]],[[-72.738306,30.830407],[-71.802116,30.546502]],[[-71.802116,30.546502],[-71.557009,30.472172]],[[-71.557009,30.472172],[-71.518852,30.4606]],[[-71.518852,30.4606],[-70.666621,30.202157]],[[-70.666621,30.202157],[-70,30]]]},"properties":{}},{"type":"Feature","geometry":{"type":"LineString","coordinates":[[-79.6882,28.4937],[-79.3211,27.4491]]},"properties":{}},{"type":"Feature","geometry":{"type":"LineString","coordinates":[[-79.3328,26.7372],[-79.5356,26.0942]]},"properties":{}},{"type":"Feature","geometry":{"type":"LineString","coordinates":[[-79.3211,27.4491],[-79.3328,26.7372]]},"properties":{}},{"type":"Feature","geometry":{"type":"MultiLineString","coordinates":[[[-77.8929,33.1436],[-78.101768,32.310804]],[[-78.101768,32.310804],[-78.325755,31.417727]],[[-78.325755,31.417727],[-78.502461,30.713165]],[[-78.502461,30.713165],[-78.588453,30.370301]],[[-78.588453,30.370301],[-78.848655,29.332826]],[[-78.848655,29.332826],[-79.004611,28.711]],[[-79.004611,28.711],[-79.094376,28.353089]],[[-79.094376,28.353089],[-79.3211,27.4491]]]},"properties":{}},{"type":"Feature","geometry":{"type":"MultiLineString","coordinates":[[[-79.2207,32.2439],[-79.259686,30.382068]],[[-79.259686,30.382068],[-79.274212,29.68832]],[[-79.274212,29.68832],[-79.285798,29.135022]],[[-79.285798,29.135022],[-79.298026,28.55106]],[[-79.298026,28.55106],[-79.3211,27.4491]]]},"properties":{}},{"type":"Feature","geometry":{"type":"MultiLineString","coordinates":[[[-77.8929,33.1436],[-78.1343,32.9347],[-78.6433,32.6892],[-78.87474,32.51071]],[[-78.87474,32.51071],[-79.2207,32.2439]]]},"properties":{}},{"type":"Feature","geometry":{"type":"MultiLineString","coordinates":[[[-79.2207,32.2439],[-78.502461,30.713165]],[[-78.502461,30.713165],[-78.339538,30.365937]],[[-78.339538,30.365937],[-78.070959,29.793532]],[[-78.070959,29.793532],[-77.859413,29.342678]],[[-77.859413,29.342678],[-77.21411,27.967386]],[[-77.21411,27.967386],[-77.099645,27.723433]],[[-77.099645,27.723433],[-76.909675,27.318563]],[[-76.909675,27.318563],[-76.3617,26.1507],[-76.327093,26.067607]],[[-76.327093,26.067607],[-76.300128,26.002864]],[[-76.300128,26.002864],[-76.083833,25.483536]],[[-76.083833,25.483536],[-74.573913,21.858183]],[[-74.573913,21.858183],[-74.281238,21.155464]],[[-74.281238,21.155464],[-73.899209,20.238204]],[[-73.899209,20.238204],[-73.80617,20.014815]],[[-73.80617,20.014815],[-73.8,20]]]},"properties":{}},{"type":"Feature","geometry":{"type":"MultiLineString","coordinates":[[[-81.4,6.9],[-83.033697,6.601577]],[[-83.033697,6.601577],[-86.694893,5.932796]],[[-86.694893,5.932796],[-86.956,5.8851],[-88.911162,5.507503]],[[-88.911162,5.507503],[-92.014504,4.90816]],[[-92.014504,4.90816],[-92.4917,4.816],[-94.382295,4.434661]],[[-94.382295,4.434661],[-95.791125,4.150495]],[[-95.791125,4.150495],[-98.0102,3.7029],[-100.000197,3.288286]],[[-100.000197,3.288286],[-102.690171,2.727832]],[[-102.690171,2.727832],[-103.5149,2.556],[-105.304156,2.174958]],[[-105.304156,2.174958],[-107.018485,1.809873]],[[-107.018485,1.809873],[-108.533995,1.487128]],[[-108.533995,1.487128],[-109.0098,1.3858],[-110.00007,1.172456]],[[-110.00007,1.172456],[-110.953323,0.967088]],[[-110.953323,0.967088],[-114.4995,0.2031],[-115.440624,-0.000011]],[[-115.440624,-0.000011],[-119.200214,-0.811396]],[[-119.200214,-0.811396],[-119.9884,-0.9815],[-119.999941,-0.98397]],[[-119.999941,-0.98397],[-121.229405,-1.247139]],[[-121.229405,-1.247139],[-125.481,-2.1572],[-127.462722,-2.57361]],[[-127.462722,-2.57361],[-129.999814,-3.106718]],[[-129.999814,-3.106718],[-130.982,-3.3131],[-133.851372,-3.898966]],[[-133.851372,-3.898966],[-135.762054,-4.289087]],[[-135.762054,-4.289087],[-136.4953,-4.4388],[-137.396084,-4.615552]],[[-137.396084,-4.615552],[-139.999708,-5.126436]],[[-139.999708,-5.126436],[-142.0248,-5.5238],[-144.137246,-5.917599]],[[-144.137246,-5.917599],[-144.619775,-6.007552]],[[-144.619775,-6.007552],[-146.259689,-6.313262]],[[-146.259689,-6.313262],[-147.5736,-6.5582],[-149.999879,-6.982332]],[[-149.999879,-6.982332],[-152.611635,-7.438886]],[[-152.611635,-7.438886],[-153.1443,-7.532],[-158.338423,-8.371349]],[[-158.338423,-8.371349],[-158.7385,-8.436],[-159.999917,-8.621308]],[[-159.999917,-8.621308],[-161.223262,-8.801024]],[[-161.223262,-8.801024],[-164.3571,-9.2614],[-166.418455,-9.531211]],[[-166.418455,-9.531211],[-169.004008,-9.869635]],[[-169.004008,-9.869635],[-170,-10]]]},"properties":{}},{"type":"Feature","geometry":{"type":"MultiLineString","coordinates":[[[-79.2207,32.2439],[-78.325755,31.417727]],[[-78.325755,31.417727],[-77.655752,30.799211]],[[-77.655752,30.799211],[-77.210108,30.387812]],[[-77.210108,30.387812],[-77.164089,30.345329]],[[-77.164089,30.345329],[-76.834338,30.040918]],[[-76.834338,30.040918],[-75.6655,28.9619],[-75.640718,28.936853]],[[-75.640718,28.936853],[-74.809296,28.096527]],[[-74.809296,28.096527],[-74.419773,27.702833]],[[-74.419773,27.702833],[-74.069965,27.349279]],[[-74.069965,27.349279],[-73.874355,27.151575]],[[-73.874355,27.151575],[-73.832064,27.108831]],[[-73.832064,27.108831],[-73.350007,26.621612]],[[-73.350007,26.621612],[-73.272918,26.543697]],[[-73.272918,26.543697],[-73.188293,26.458166]],[[-73.188293,26.458166],[-72.601429,25.865017]],[[-72.601429,25.865017],[-72.573362,25.83665]],[[-72.573362,25.83665],[-72.3317,25.5924],[-69.1495,22.0278],[-69.133036,22.009247]],[[-69.133036,22.009247],[-68.048205,20.78679]],[[-68.048205,20.78679],[-67.189449,19.819087]],[[-67.189449,19.819087],[-66.934172,19.531425]],[[-66.934172,19.531425],[-66.776024,19.353213]],[[-66.776024,19.353213],[-66.661098,19.223707]],[[-66.661098,19.223707],[-66.179971,18.681541]],[[-66.179971,18.681541],[-66.1668,18.6667]]]},"properties":{}},{"type":"Feature","geometry":{"type":"MultiLineString","coordinates":[[[-78.8,26.3],[-77.903476,27.050515]],[[-77.903476,27.050515],[-77.823399,27.117551]],[[-77.823399,27.117551],[-77.099645,27.723433]],[[-77.099645,27.723433],[-77.010956,27.797678]],[[-77.010956,27.797678],[-76.304169,28.389357]],[[-76.304169,28.389357],[-75.7692,28.8372],[-75.640718,28.936853]],[[-75.640718,28.936853],[-74.724316,29.647627]],[[-74.724316,29.647627],[-74.599389,29.744522]],[[-74.599389,29.744522],[-74.176384,30.07261]],[[-74.176384,30.07261],[-73.978383,30.226183]],[[-73.978383,30.226183],[-73.860704,30.317457]],[[-73.860704,30.317457],[-73.069762,30.930923]],[[-73.069762,30.930923],[-73.024825,30.965776]],[[-73.024825,30.965776],[-72.69332,31.222897]],[[-72.69332,31.222897],[-72.5903,31.3028],[-72.495855,31.370067]],[[-72.495855,31.370067],[-72.495831,31.370084]],[[-72.495831,31.370084],[-72.306161,31.505173]],[[-72.306161,31.505173],[-71.736244,31.911086]],[[-71.736244,31.911086],[-71.494758,32.083079]],[[-71.494758,32.083079],[-71.121104,32.349208]],[[-71.121104,32.349208],[-71.022856,32.419183]],[[-71.022856,32.419183],[-70.214581,32.994862]],[[-70.214581,32.994862],[-69.841727,33.260421]],[[-69.841727,33.260421],[-69.424515,33.557573]],[[-69.424515,33.557573],[-69.2449,33.6855],[-69.087845,33.787235]],[[-69.087845,33.787235],[-68.415982,34.222444]],[[-68.415982,34.222444],[-67.957084,34.519702]],[[-67.957084,34.519702],[-67.613187,34.742467]],[[-67.613187,34.742467],[-67.057094,35.102685]],[[-67.057094,35.102685],[-66.514606,35.45409]],[[-66.514606,35.45409],[-65.7143,35.9725],[-61.9797,38.1497],[-60.823113,38.749556]],[[-60.823113,38.749556],[-60.000346,39.176278]],[[-60.000346,39.176278],[-59.471991,39.450306]],[[-59.471991,39.450306],[-59.428691,39.472763]],[[-59.428691,39.472763],[-58.343989,40.035336]],[[-58.343989,40.035336],[-58.0238,40.2014],[-53.8316,42.1102],[-52.59634,42.59634]],[[-52.59634,42.59634],[-52.53975,42.618612]],[[-52.53975,42.618612],[-50.002169,43.617284]],[[-50.002169,43.617284],[-49.3923,43.8573],[-45.319011,45.21651]],[[-45.319011,45.21651],[-45.015812,45.317684]],[[-45.015812,45.317684],[-44.7008,45.4228],[-40.001969,46.719771]],[[-40.001969,46.719771],[-39.7613,46.7862],[-37.184144,47.354689]],[[-37.184144,47.354689],[-34.5883,47.9273],[-31.783064,48.396456]],[[-31.783064,48.396456],[-30.000784,48.69453]],[[-30.000784,48.69453],[-29.2087,48.827],[-28.801592,48.874132]],[[-28.801592,48.874132],[-28.318152,48.930101]],[[-28.318152,48.930101],[-23.6625,49.4691],[-20.348228,49.686831]],[[-20.348228,49.686831],[-20.000174,49.709697]],[[-20.000174,49.709697],[-19.742404,49.726631]],[[-19.742404,49.726631],[-19.57938,49.737341]],[[-19.57938,49.737341],[-18.158595,49.83068]],[[-18.158595,49.83068],[-18.0015,49.841],[-15.355327,49.884617]],[[-15.355327,49.884617],[-12.2866,49.9352],[-12.051344,49.927561]],[[-12.051344,49.927561],[-11.128729,49.897601]],[[-11.128729,49.897601],[-10.690172,49.88336]],[[-10.690172,49.88336],[-6.697411,49.753705]],[[-6.697411,49.753705],[-6.5833,49.75]]]},"properties":{}},{"type":"Feature","geometry":{"type":"MultiLineString","coordinates":[[[-78.8,26.3],[-78.144881,25.594487]],[[-78.144881,25.594487],[-77.5,24.9]]]},"properties":{}},{"type":"Feature","geometry":{"type":"LineString","coordinates":[[-78.2,19],[-75.1,19.7]]},"properties":{}},{"type":"Feature","geometry":{"type":"MultiLineString","coordinates":[[[-61.9,12],[-67.18597,14.270048]],[[-67.18597,14.270048],[-68.537011,14.85025]],[[-68.537011,14.85025],[-69.848385,15.413417]],[[-69.848385,15.413417],[-71.579995,16.157053]],[[-71.579995,16.157053],[-75.408284,17.801104]],[[-75.408284,17.801104],[-78.2,19]]]},"properties":{}},{"type":"Feature","geometry":{"type":"LineString","coordinates":[[-78.2,19],[-75,18.5]]},"properties":{}},{"type":"Feature","geometry":{"type":"LineString","coordinates":[[-78.2,19],[-76.6482,18.7727],[-75,18.5]]},"properties":{}},{"type":"Feature","geometry":{"type":"MultiLineString","coordinates":[[[-75.1081,35.2318],[-75.377113,35.085112]],[[-75.377113,35.085112],[-75.478,35.0301],[-75.7745,34.794],[-76.0644,34.63],[-76.264,34.2168],[-77.029703,33.712317]],[[-77.029703,33.712317],[-77.034963,33.708851]],[[-77.034963,33.708851],[-77.8929,33.1436]]]},"properties":{}},{"type":"Feature","geometry":{"type":"MultiLineString","coordinates":[[[-77.8929,33.1436],[-77.561061,32.170967]],[[-77.561061,32.170967],[-77.322242,31.470982]],[[-77.322242,31.470982],[-77.037106,30.635239]],[[-77.037106,30.635239],[-76.936837,30.341345]],[[-76.936837,30.341345],[-76.834338,30.040918]],[[-76.834338,30.040918],[-76.7764,29.8711],[-76.304169,28.389357]],[[-76.304169,28.389357],[-76.062868,27.632214]],[[-76.062868,27.632214],[-75.789347,26.773974]],[[-75.789347,26.773974],[-75.7303,26.5887],[-75.657688,26.346963]],[[-75.657688,26.346963],[-75.592314,26.12932]],[[-75.592314,26.12932],[-75.190445,24.791422]],[[-75.190445,24.791422],[-74.7418,23.2978],[-74.304347,21.766019]],[[-74.304347,21.766019],[-74.111841,21.09194]],[[-74.111841,21.09194],[-73.898851,20.346136]],[[-73.898851,20.346136],[-73.804315,20.015108]],[[-73.804315,20.015108],[-73.8,20]]]},"properties":{}},{"type":"Feature","geometry":{"type":"MultiLineString","coordinates":[[[-77.8929,33.1436],[-76.97004,32.125387]],[[-76.97004,32.125387],[-76.84305,31.985276]],[[-76.84305,31.985276],[-76.419727,31.518213]],[[-76.419727,31.518213],[-75.317705,30.302327]],[[-75.317705,30.302327],[-74.724316,29.647627]],[[-74.724316,29.647627],[-74.576519,29.484559]],[[-74.576519,29.484559],[-74.5529,29.4585],[-74.132553,28.991624]],[[-74.132553,28.991624],[-73.867836,28.697605]],[[-73.867836,28.697605],[-73.711518,28.523985]],[[-73.711518,28.523985],[-73.251422,28.01296]],[[-73.251422,28.01296],[-73.052125,27.791603]],[[-73.052125,27.791603],[-72.818299,27.531894]],[[-72.818299,27.531894],[-72.345858,27.007159]],[[-72.345858,27.007159],[-72.315301,26.973219]],[[-72.315301,26.973219],[-72.11486,26.750592]],[[-72.11486,26.750592],[-71.4334,25.9937],[-69.297107,23.599887]],[[-69.297107,23.599887],[-68.3159,22.5004],[-67.636322,21.288126]],[[-67.636322,21.288126],[-66.821145,19.833962]],[[-66.821145,19.833962],[-66.754064,19.714298]],[[-66.754064,19.714298],[-66.5254,19.306393]],[[-66.5254,19.306393],[-66.522631,19.301454]],[[-66.522631,19.301454],[-66.175384,18.682012]],[[-66.175384,18.682012],[-66.1668,18.6667]]]},"properties":{}},{"type":"Feature","geometry":{"type":"MultiLineString","coordinates":[[[-170,-10],[-168.503788,-8.533437]],[[-168.503788,-8.533437],[-167.4667,-7.5169],[-165.000099,-5.057193]],[[-165.000099,-5.057193],[-164.9621,-5.0193],[-162.4763,-2.512],[-160,-0.00002]]]},"properties":{}},{"type":"Feature","geometry":{"type":"LineString","coordinates":[[-77,-13.7],[-77.7,-12]]},"properties":{}},{"type":"Feature","geometry":{"type":"LineString","coordinates":[[-77,-13.7],[-77.4616,-12.5704],[-77.7,-12]]},"properties":{}},{"type":"Feature","geometry":{"type":"MultiLineString","coordinates":[[[-77.5,24.9],[-75.703573,22.244412]],[[-75.703573,22.244412],[-75.2,21.5]]]},"properties":{}},{"type":"Feature","geometry":{"type":"MultiLineString","coordinates":[[[-72.8,-29.6],[-74.245844,-24.126448]],[[-74.245844,-24.126448],[-75.293487,-20.16037]],[[-75.293487,-20.16037],[-77,-13.7]]]},"properties":{}},{"type":"Feature","geometry":{"type":"LineString","coordinates":[[-77,-13.7],[-72.7,-17.3]]},"properties":{}},{"type":"Feature","geometry":{"type":"MultiLineString","coordinates":[[[-5.75,35.95],[-7.447269,35.995663]],[[-7.447269,35.995663],[-8.196204,36.015813]],[[-8.196204,36.015813],[-8.838176,36.033084]],[[-8.838176,36.033084],[-8.929005,36.035528]],[[-8.929005,36.035528],[-9.130793,36.040957]],[[-9.130793,36.040957],[-12.608538,36.134522]],[[-12.608538,36.134522],[-12.948729,36.143675]],[[-12.948729,36.143675],[-15.087759,36.201224]],[[-15.087759,36.201224],[-18.3875,36.29],[-20.001544,36.324949]],[[-20.001544,36.324949],[-22.486564,36.378758]],[[-22.486564,36.378758],[-23.839759,36.408059]],[[-23.839759,36.408059],[-23.891026,36.409169]],[[-23.891026,36.409169],[-28.1874,36.5022],[-30.001492,36.448298]],[[-30.001492,36.448298],[-33.976613,36.330185]],[[-33.976613,36.330185],[-35.95958,36.271266]],[[-35.95958,36.271266],[-38.91,36.1836],[-40.00166,36.050314]],[[-40.00166,36.050314],[-44.932205,35.448318]],[[-44.932205,35.448318],[-45.051994,35.433693]],[[-45.051994,35.433693],[-48.55276,35.006266]],[[-48.55276,35.006266],[-50.002027,34.829318]],[[-50.002027,34.829318],[-51.5223,34.6437],[-53.598858,33.912816]],[[-53.598858,33.912816],[-57.742406,32.454415]],[[-57.742406,32.454415],[-57.7916,32.4371],[-57.833543,32.424706]],[[-57.833543,32.424706],[-60.000749,31.784301]],[[-60.000749,31.784301],[-62.024698,31.186227]],[[-62.024698,31.186227],[-62.303605,31.103811]],[[-62.303605,31.103811],[-64.892149,30.338901]],[[-64.892149,30.338901],[-65.771462,30.079066]],[[-65.771462,30.079066],[-67.347424,29.613372]],[[-67.347424,29.613372],[-68.396402,29.303401]],[[-68.396402,29.303401],[-69.0025,29.1243]],[[-69.0025,29.1243],[-69.051387,29.103898]],[[-69.051387,29.103898],[-69.862361,28.765464]],[[-69.862361,28.765464],[-70.007418,28.704929]],[[-70.007418,28.704929],[-70.685156,28.422096]],[[-70.685156,28.422096],[-72.122525,27.822254]],[[-72.122525,27.822254],[-72.164258,27.804838]],[[-72.164258,27.804838],[-72.818299,27.531894]],[[-72.818299,27.531894],[-73.090234,27.41841]],[[-73.090234,27.41841],[-73.299744,27.330978]],[[-73.299744,27.330978],[-73.832064,27.108831]],[[-73.832064,27.108831],[-73.87461,27.091075]],[[-73.87461,27.091075],[-74.057221,27.014868]],[[-74.057221,27.014868],[-74.352383,26.891691]],[[-74.352383,26.891691],[-75.405913,26.452033]],[[-75.405913,26.452033],[-75.657688,26.346963]],[[-75.657688,26.346963],[-76.327093,26.067607]],[[-76.327093,26.067607],[-76.6149,25.9475]]]},"properties":{}},{"type":"Feature","geometry":{"type":"LineString","coordinates":[[-76.5,-46.5001],[-75.5,-43.5001]]},"properties":{}},{"type":"Feature","geometry":{"type":"LineString","coordinates":[[-76.4345,38.5713],[-76.4292,38.5384],[-76.3394,38.3792],[-76.3318,38.3391],[-76.2597,38.0958],[-76.1514,37.8805],[-76.1836,37.7817],[-76.1525,37.4661],[-76.1374,37.3617],[-76.1124,37.294],[-76.1542,37.1867],[-76.1496,37.1472],[-76.0085,36.9585],[-75.9599,36.9485],[-75.8067,36.8468]]},"properties":{}},{"type":"Feature","geometry":{"type":"MultiLineString","coordinates":[[[-74.5315,38.3084],[-75.0202,37.6502],[-75.1485,37.4694],[-75.287,37.2901],[-75.4399,37.0813]],[[-75.4399,37.0813],[-75.8067,36.8468]]]},"properties":{}},{"type":"Feature","geometry":{"type":"LineString","coordinates":[[-75.8067,36.8468],[-75.7447,36.809],[-75.3372,36.6311]]},"properties":{}},{"type":"Feature","geometry":{"type":"LineString","coordinates":[[-75.5,-43.5001],[-75,-41.3]]},"properties":{}},{"type":"Feature","geometry":{"type":"LineString","coordinates":[[-75.3372,36.6311],[-75.0737,35.8144]]},"properties":{}},{"type":"Feature","geometry":{"type":"MultiLineString","coordinates":[[[-75.3372,36.6311],[-75.013176,36.092797]],[[-75.013176,36.092797],[-74.994466,36.061714]],[[-74.994466,36.061714],[-74.845245,35.813812]],[[-74.845245,35.813812],[-74.817038,35.766951]],[[-74.817038,35.766951],[-74.780601,35.706418]],[[-74.780601,35.706418],[-74.772976,35.693752]],[[-74.772976,35.693752],[-74.707169,35.584426]],[[-74.707169,35.584426],[-74.633776,35.462498]],[[-74.633776,35.462498],[-74.38547,35.049985]],[[-74.38547,35.049985],[-74.145485,34.651297]],[[-74.145485,34.651297],[-73.974015,34.366432]],[[-73.974015,34.366432],[-73.840136,34.144019]],[[-73.840136,34.144019],[-72.897588,32.578157]],[[-72.897588,32.578157],[-72.682,32.22],[-72.597462,32.059213]],[[-72.597462,32.059213],[-72.306161,31.505173]],[[-72.306161,31.505173],[-72.129364,31.168912]],[[-72.129364,31.168912],[-72.129345,31.168876]],[[-72.129345,31.168876],[-71.802116,30.546502]],[[-71.802116,30.546502],[-71.619263,30.198724]],[[-71.619263,30.198724],[-71.593895,30.150475]],[[-71.593895,30.150475],[-71.561454,30.088773]],[[-71.561454,30.088773],[-71.252822,29.501771]],[[-71.252822,29.501771],[-70.685156,28.422096]],[[-70.685156,28.422096],[-70.327,27.7409],[-70.032341,27.122649]],[[-70.032341,27.122649],[-69.571367,26.155434]],[[-69.571367,26.155434],[-68.1721,23.2195],[-67.431322,21.537649]],[[-67.431322,21.537649],[-66.683376,19.839526]],[[-66.683376,19.839526],[-66.667107,19.80259]],[[-66.667107,19.80259],[-66.461499,19.33578]],[[-66.461499,19.33578],[-66.441666,19.290751]],[[-66.441666,19.290751],[-66.173624,18.682192]],[[-66.173624,18.682192],[-66.1668,18.6667]]]},"properties":{}},{"type":"Feature","geometry":{"type":"LineString","coordinates":[[-170,-10],[-169.9997,-5.0004],[-170,-0.00002]]},"properties":{}},{"type":"Feature","geometry":{"type":"LineString","coordinates":[[-75.3218,39.2494],[-75.2711,39.18],[-75.1861,39.0837],[-75.059,38.8498]]},"properties":{}},{"type":"Feature","geometry":{"type":"LineString","coordinates":[[-70,13],[-75.25,11.7]]},"properties":{}},{"type":"Feature","geometry":{"type":"LineString","coordinates":[[-75.2,21.5],[-73.9,20]]},"properties":{}},{"type":"Feature","geometry":{"type":"MultiLineString","coordinates":[[[-75.2,21.5],[-74.485489,21.232058]],[[-74.485489,21.232058],[-74.281238,21.155464]],[[-74.281238,21.155464],[-74.111841,21.09194]],[[-74.111841,21.09194],[-73.896643,21.011241]],[[-73.896643,21.011241],[-73.878578,21.004467]],[[-73.878578,21.004467],[-73.835483,20.988306]],[[-73.835483,20.988306],[-73.737084,20.951406]],[[-73.737084,20.951406],[-73.712323,20.942121]],[[-73.712323,20.942121],[-73.614932,20.9056]],[[-73.614932,20.9056],[-73.611956,20.904484]],[[-73.611956,20.904484],[-72,20.3]]]},"properties":{}},{"type":"Feature","geometry":{"type":"LineString","coordinates":[[-75.059,38.8498],[-75.1177,38.7992],[-75.1178,38.7815]]},"properties":{}},{"type":"Feature","geometry":{"type":"MultiLineString","coordinates":[[[-75.1081,35.2318],[-74.917183,35.399715]],[[-74.917183,35.399715],[-74.792556,35.509327]],[[-74.792556,35.509327],[-74.707169,35.584426]],[[-74.707169,35.584426],[-74.490936,35.774607]],[[-74.490936,35.774607],[-74.439096,35.820202]],[[-74.439096,35.820202],[-74.420713,35.83637]],[[-74.420713,35.83637],[-73.852792,36.335868]],[[-73.852792,36.335868],[-73.817452,36.36695]],[[-73.817452,36.36695],[-73.637591,36.525141]],[[-73.637591,36.525141],[-72.543884,37.487078]],[[-72.543884,37.487078],[-72.0628,37.9102],[-71.941838,38.006117]],[[-71.941838,38.006117],[-71.907054,38.0337]],[[-71.907054,38.0337],[-71.870661,38.062557]],[[-71.870661,38.062557],[-71.66538,38.225336]],[[-71.66538,38.225336],[-71.472185,38.378531]],[[-71.472185,38.378531],[-70.852223,38.870132]],[[-70.852223,38.870132],[-70.459343,39.181669]],[[-70.459343,39.181669],[-69.518055,39.928068]],[[-69.518055,39.928068],[-69.349417,40.06179]],[[-69.349417,40.06179],[-69.055334,40.294984]],[[-69.055334,40.294984],[-68.907278,40.412386]],[[-68.907278,40.412386],[-68.898408,40.41942]],[[-68.898408,40.41942],[-68.7925,40.5034]]]},"properties":{}},{"type":"Feature","geometry":{"type":"MultiLineString","coordinates":[[[-75.0737,35.8144],[-75.085648,35.612045]],[[-75.085648,35.612045],[-75.085867,35.608339]],[[-75.085867,35.608339],[-75.086086,35.604636]],[[-75.086086,35.604636],[-75.086125,35.603978]],[[-75.086125,35.603978],[-75.086593,35.596046]],[[-75.086593,35.596046],[-75.087188,35.585964]],[[-75.087188,35.585964],[-75.1081,35.2318]]]},"properties":{}},{"type":"Feature","geometry":{"type":"MultiLineString","coordinates":[[[-75.1081,35.2318],[-74.953498,33.601023]],[[-74.953498,33.601023],[-74.860552,32.620603]],[[-74.860552,32.620603],[-74.858212,32.595919]],[[-74.858212,32.595919],[-74.748633,31.44005]],[[-74.748633,31.44005],[-74.7475,31.4281],[-74.645097,30.264087]],[[-74.645097,30.264087],[-74.599389,29.744522]],[[-74.599389,29.744522],[-74.576519,29.484559]],[[-74.576519,29.484559],[-74.46563,28.224086]],[[-74.46563,28.224086],[-74.419773,27.702833]],[[-74.419773,27.702833],[-74.4126,27.6213],[-74.352383,26.891691]],[[-74.352383,26.891691],[-74.308394,26.358701]],[[-74.308394,26.358701],[-74.234954,25.468866]],[[-74.234954,25.468866],[-74.109958,23.954362]],[[-74.109958,23.954362],[-74.0982,23.8119],[-73.92809,21.637377]],[[-73.92809,21.637377],[-73.895929,21.226265]],[[-73.895929,21.226265],[-73.878578,21.004467]],[[-73.878578,21.004467],[-73.80122,20.015597]],[[-73.80122,20.015597],[-73.8,20]]]},"properties":{}},{"type":"Feature","geometry":{"type":"LineString","coordinates":[[-73.9,20],[-75.1,19.7]]},"properties":{}},{"type":"Feature","geometry":{"type":"LineString","coordinates":[[-75.1,19.7],[-75,18.5]]},"properties":{}},{"type":"Feature","geometry":{"type":"MultiLineString","coordinates":[[[-75.1,35.6],[-75.086125,35.603978]],[[-75.086125,35.603978],[-74.772976,35.693752]],[[-74.772976,35.693752],[-74.490936,35.774607]],[[-74.490936,35.774607],[-74.418871,35.795267]],[[-74.418871,35.795267],[-73.822953,35.966106]],[[-73.822953,35.966106],[-73.415861,36.082812]],[[-73.415861,36.082812],[-72.938996,36.21952]],[[-72.938996,36.21952],[-72.585311,36.320915]],[[-72.585311,36.320915],[-72.081237,36.465424]],[[-72.081237,36.465424],[-71.456984,36.644385]],[[-71.456984,36.644385],[-70.789314,36.835794]],[[-70.789314,36.835794],[-70.316361,36.971381]],[[-70.316361,36.971381],[-70.226628,36.997106]],[[-70.226628,36.997106],[-69.880311,37.096388]],[[-69.880311,37.096388],[-69.768342,37.128487]],[[-69.768342,37.128487],[-69.73835,37.137086]],[[-69.73835,37.137086],[-69.652343,37.161742]],[[-69.652343,37.161742],[-68.372677,37.528599]],[[-68.372677,37.528599],[-67.843898,37.68019]],[[-67.843898,37.68019],[-67.449,37.7934],[-60.502775,39.236201]],[[-60.502775,39.236201],[-60.000277,39.340575]],[[-60.000277,39.340575],[-59.471991,39.450306]],[[-59.471991,39.450306],[-59.416783,39.461773]],[[-59.416783,39.461773],[-59.3921,39.4669],[-54.57348,40.097606]],[[-54.57348,40.097606],[-51.0125,40.5637],[-50.587452,40.587452]],[[-50.587452,40.587452],[-50.000372,40.620259]],[[-50.000372,40.620259],[-49.417076,40.652855]],[[-49.417076,40.652855],[-42.4372,41.0429],[-40.951,41.015608]],[[-40.951,41.015608],[-40.000599,40.998156]],[[-40.000599,40.998156],[-39.123148,40.982043]],[[-39.123148,40.982043],[-37.894086,40.959473]],[[-37.894086,40.959473],[-33.8222,40.8847],[-30.544428,40.581415]],[[-30.544428,40.581415],[-30.000319,40.53107]],[[-30.000319,40.53107],[-29.562026,40.490515]],[[-29.562026,40.490515],[-27.310562,40.282192]],[[-27.310562,40.282192],[-25.336276,40.099516]],[[-25.336276,40.099516],[-25.3307,40.099],[-21.458843,39.449493]],[[-21.458843,39.449493],[-20.729166,39.327089]],[[-20.729166,39.327089],[-20.000334,39.204827]],[[-20.000334,39.204827],[-17.1054,38.7192],[-13.970499,37.953293]],[[-13.970499,37.953293],[-12.131862,37.504085]],[[-12.131862,37.504085],[-11.303113,37.301608]],[[-11.303113,37.301608],[-11.088607,37.249201]],[[-11.088607,37.249201],[-9.359563,36.826768]],[[-9.359563,36.826768],[-9.25,36.8]]]},"properties":{}},{"type":"Feature","geometry":{"type":"MultiLineString","coordinates":[[[-60,40],[-67.7743,38.0408],[-68.020089,37.958907]],[[-68.020089,37.958907],[-68.414843,37.827382]],[[-68.414843,37.827382],[-69.639843,37.419232]],[[-69.639843,37.419232],[-69.689012,37.40285]],[[-69.689012,37.40285],[-69.810817,37.362267]],[[-69.810817,37.362267],[-69.975985,37.307235]],[[-69.975985,37.307235],[-70.373744,37.174709]],[[-70.373744,37.174709],[-70.417568,37.160107]],[[-70.417568,37.160107],[-70.92907,36.989684]],[[-70.92907,36.989684],[-71.510905,36.795826]],[[-71.510905,36.795826],[-72.061878,36.612251]],[[-72.061878,36.612251],[-72.581107,36.439253]],[[-72.581107,36.439253],[-72.835037,36.354647]],[[-72.835037,36.354647],[-73.4495,36.149919]],[[-73.4495,36.149919],[-73.822134,36.025763]],[[-73.822134,36.025763],[-74.420269,35.826475]],[[-74.420269,35.826475],[-74.439096,35.820202]],[[-74.439096,35.820202],[-74.780601,35.706418]],[[-74.780601,35.706418],[-75.086086,35.604636]],[[-75.086086,35.604636],[-75.1,35.6]]]},"properties":{}},{"type":"Feature","geometry":{"type":"MultiLineString","coordinates":[[[-69.5,40.3],[-69.512223,40.289741]],[[-69.512223,40.289741],[-70.919527,39.108612]],[[-70.919527,39.108612],[-71.643369,38.501101]],[[-71.643369,38.501101],[-71.817357,38.355075]],[[-71.817357,38.355075],[-71.833928,38.341168]],[[-71.833928,38.341168],[-72.00886,38.19435]],[[-72.00886,38.19435],[-72.036231,38.171378]],[[-72.036231,38.171378],[-72.534428,37.753248]],[[-72.534428,37.753248],[-73.744231,36.737877]],[[-73.744231,36.737877],[-73.813155,36.68003]],[[-73.813155,36.68003],[-74.435128,36.158018]],[[-74.435128,36.158018],[-74.845245,35.813812]],[[-74.845245,35.813812],[-75.085648,35.612045]],[[-75.085648,35.612045],[-75.1,35.6]]]},"properties":{}},{"type":"Feature","geometry":{"type":"LineString","coordinates":[[-75.1,35.6],[-75.0737,35.8144]]},"properties":{}},{"type":"Feature","geometry":{"type":"MultiLineString","coordinates":[[[-75.1,35.6],[-75.087188,35.585964]],[[-75.087188,35.585964],[-74.917183,35.399715]],[[-74.917183,35.399715],[-74.374499,34.80518]],[[-74.374499,34.80518],[-74.185985,34.598655]],[[-74.185985,34.598655],[-73.974015,34.366432]],[[-73.974015,34.366432],[-73.839731,34.219318]],[[-73.839731,34.219318],[-72.850372,33.13543]],[[-72.850372,33.13543],[-72.516084,32.769203]],[[-72.516084,32.769203],[-72.4667,32.7151],[-71.736244,31.911086]],[[-71.736244,31.911086],[-71.330979,31.46501]],[[-71.330979,31.46501],[-71.278986,31.407781]],[[-71.278986,31.407781],[-71.120755,31.233616]],[[-71.120755,31.233616],[-70,30]]]},"properties":{}},{"type":"Feature","geometry":{"type":"MultiLineString","coordinates":[[[-64.8,32.3],[-67.531454,33.247402]],[[-67.531454,33.247402],[-67.811038,33.344376]],[[-67.811038,33.344376],[-69.087845,33.787235]],[[-69.087845,33.787235],[-69.517415,33.936231]],[[-69.517415,33.936231],[-69.804094,34.035665]],[[-69.804094,34.035665],[-69.8509,34.0519],[-70.556671,34.260051]],[[-70.556671,34.260051],[-70.616286,34.277633]],[[-70.616286,34.277633],[-70.617007,34.277845]],[[-70.617007,34.277845],[-72.286723,34.770289]],[[-72.286723,34.770289],[-72.701493,34.892616]],[[-72.701493,34.892616],[-72.83967,34.933368]],[[-72.83967,34.933368],[-73.727118,35.1951]],[[-73.727118,35.1951],[-73.833105,35.226359]],[[-73.833105,35.226359],[-74.400879,35.393811]],[[-74.400879,35.393811],[-74.633776,35.462498]],[[-74.633776,35.462498],[-74.792556,35.509327]],[[-74.792556,35.509327],[-75.086593,35.596046]],[[-75.086593,35.596046],[-75.1,35.6]]]},"properties":{}},{"type":"Feature","geometry":{"type":"MultiLineString","coordinates":[[[-75.0737,35.8144],[-75.013176,36.092797]],[[-75.013176,36.092797],[-74.712593,37.475411]],[[-74.712593,37.475411],[-74.5315,38.3084]]]},"properties":{}},{"type":"Feature","geometry":{"type":"LineString","coordinates":[[-75.059,38.8498],[-75.0095,38.79]]},"properties":{}},{"type":"Feature","geometry":{"type":"LineString","coordinates":[[-75.0095,38.79],[-74.8373,38.6023]]},"properties":{}},{"type":"Feature","geometry":{"type":"LineString","coordinates":[[-75.0095,38.79],[-74.5647,38.6565]]},"properties":{}},{"type":"Feature","geometry":{"type":"LineString","coordinates":[[-74.5743,38.787],[-75.0095,38.79]]},"properties":{}},{"type":"Feature","geometry":{"type":"MultiLineString","coordinates":[[[-160,-10],[-165.0002,-10.0367],[-166.843346,-10.023171]],[[-166.843346,-10.023171],[-169.055408,-10.006934]],[[-169.055408,-10.006934],[-170,-10]]]},"properties":{}},{"type":"Feature","geometry":{"type":"LineString","coordinates":[[-75,-41.3],[-73.9,-36.9]]},"properties":{}},{"type":"Feature","geometry":{"type":"LineString","coordinates":[[-73.9,20],[-75,18.5]]},"properties":{}},{"type":"Feature","geometry":{"type":"LineString","coordinates":[[-75,18.5],[-73,17.3]]},"properties":{}},{"type":"Feature","geometry":{"type":"LineString","coordinates":[[-64.5,61.1],[-75,63.2]]},"properties":{}},{"type":"Feature","geometry":{"type":"LineString","coordinates":[[-74.8373,38.6023],[-74.5315,38.3084]]},"properties":{}},{"type":"Feature","geometry":{"type":"LineString","coordinates":[[-74.8373,38.6023],[-74.5502,38.5317]]},"properties":{}},{"type":"Feature","geometry":{"type":"MultiLineString","coordinates":[[[-74.5743,38.787],[-74.073738,38.935598]],[[-74.073738,38.935598],[-73.781008,39.022499]],[[-73.781008,39.022499],[-73.040934,39.242199]],[[-73.040934,39.242199],[-72.904115,39.282816]],[[-72.904115,39.282816],[-72.78466,39.318277]],[[-72.78466,39.318277],[-72.475572,39.410034]],[[-72.475572,39.410034],[-72.44495,39.419124]],[[-72.44495,39.419124],[-71.661125,39.651813]],[[-71.661125,39.651813],[-71.118305,39.812955]],[[-71.118305,39.812955],[-69.527061,40.285336]],[[-69.527061,40.285336],[-69.512223,40.289741]],[[-69.512223,40.289741],[-69.507631,40.291104]],[[-69.507631,40.291104],[-69.500327,40.293273]],[[-69.500327,40.293273],[-69.496471,40.294417]],[[-69.496471,40.294417],[-69.478483,40.299757]],[[-69.478483,40.299757],[-69.43818,40.311722]],[[-69.43818,40.311722],[-68.88044,40.477294]],[[-68.88044,40.477294],[-68.7925,40.5034]]]},"properties":{}},{"type":"Feature","geometry":{"type":"LineString","coordinates":[[-74.5743,38.787],[-74.5647,38.6565]]},"properties":{}},{"type":"Feature","geometry":{"type":"LineString","coordinates":[[-74.5647,38.6565],[-74.5502,38.5317]]},"properties":{}},{"type":"Feature","geometry":{"type":"LineString","coordinates":[[-74.5502,38.5317],[-74.5315,38.3084]]},"properties":{}},{"type":"Feature","geometry":{"type":"MultiLineString","coordinates":[[[-74.5315,38.3084],[-74.499983,37.605152]],[[-74.499983,37.605152],[-74.499347,37.590965]],[[-74.499347,37.590965],[-74.435128,36.158018]],[[-74.435128,36.158018],[-74.427892,35.996552]],[[-74.427892,35.996552],[-74.420713,35.83637]],[[-74.420713,35.83637],[-74.420269,35.826475]],[[-74.420269,35.826475],[-74.418871,35.795267]],[[-74.418871,35.795267],[-74.400879,35.393811]],[[-74.400879,35.393811],[-74.38547,35.049985]],[[-74.38547,35.049985],[-74.374499,34.80518]],[[-74.374499,34.80518],[-74.355375,34.378477]],[[-74.355375,34.378477],[-74.3266,33.7364],[-74.268638,32.322698]],[[-74.268638,32.322698],[-74.267456,32.293877]],[[-74.267456,32.293877],[-74.225951,31.281543]],[[-74.225951,31.281543],[-74.183158,30.237825]],[[-74.183158,30.237825],[-74.176384,30.07261]],[[-74.176384,30.07261],[-74.139,29.1608],[-74.132553,28.991624]],[[-74.132553,28.991624],[-74.108712,28.366026]],[[-74.108712,28.366026],[-74.069965,27.349279]],[[-74.069965,27.349279],[-74.057221,27.014868]],[[-74.057221,27.014868],[-74.034083,26.407709]],[[-74.034083,26.407709],[-73.990483,25.263602]],[[-73.990483,25.263602],[-73.9645,24.5818],[-73.937167,23.8205]],[[-73.937167,23.8205],[-73.891536,22.549546]],[[-73.891536,22.549546],[-73.857925,21.613388]],[[-73.857925,21.613388],[-73.835483,20.988306]],[[-73.835483,20.988306],[-73.800564,20.0157]],[[-73.800564,20.0157],[-73.8,20]]]},"properties":{}},{"type":"Feature","geometry":{"type":"MultiLineString","coordinates":[[[-74.5315,38.3084],[-74.374817,37.995834]],[[-74.374817,37.995834],[-74.241818,37.730514]],[[-74.241818,37.730514],[-73.810546,36.870169]],[[-73.810546,36.870169],[-73.744231,36.737877]],[[-73.744231,36.737877],[-73.637591,36.525141]],[[-73.637591,36.525141],[-73.613489,36.477059]],[[-73.613489,36.477059],[-73.4495,36.149919]],[[-73.4495,36.149919],[-73.415861,36.082812]],[[-73.415861,36.082812],[-73.269223,35.790283]],[[-73.269223,35.790283],[-72.83967,34.933368]],[[-72.83967,34.933368],[-72.718517,34.691681]],[[-72.718517,34.691681],[-72.374413,34.005228]],[[-72.374413,34.005228],[-72.1002,33.4582],[-71.494758,32.083079]],[[-71.494758,32.083079],[-71.29405,31.627217]],[[-71.29405,31.627217],[-71.249208,31.525368]],[[-71.249208,31.525368],[-71.120755,31.233616]],[[-71.120755,31.233616],[-70.761716,30.418143]],[[-70.761716,30.418143],[-70.761711,30.418131]],[[-70.761711,30.418131],[-70.666621,30.202157]],[[-70.666621,30.202157],[-70.592445,30.033682]],[[-70.592445,30.033682],[-70.491548,29.804519]],[[-70.491548,29.804519],[-70.007418,28.704929]],[[-70.007418,28.704929],[-69.9433,28.5593],[-69.798842,28.195741]],[[-69.798842,28.195741],[-69.416194,27.232728]],[[-69.416194,27.232728],[-67.983,23.6258],[-67.283943,21.717037]],[[-67.283943,21.717037],[-66.605655,19.864985]],[[-66.605655,19.864985],[-66.5976,19.842991]],[[-66.5976,19.842991],[-66.420311,19.358907]],[[-66.420311,19.358907],[-66.391948,19.281463]],[[-66.391948,19.281463],[-66.172516,18.682306]],[[-66.172516,18.682306],[-66.1668,18.6667]]]},"properties":{}},{"type":"Feature","geometry":{"type":"MultiLineString","coordinates":[[[-170,-0.00002],[-165.309211,-0.00002]],[[-165.309211,-0.00002],[-160,-0.00002]]]},"properties":{}},{"type":"Feature","geometry":{"type":"LineString","coordinates":[[-72.1973,41.2514],[-72.3449,41.2143],[-72.6061,41.1632],[-72.7942,41.1227],[-73.0578,41.0938],[-73.193,41.038],[-73.2643,41.0412],[-73.3041,41.0258],[-73.6173,40.9677],[-73.7129,40.8943],[-73.7795,40.8246],[-73.7824,40.8017],[-73.9044,40.7974],[-73.9498,40.7662],[-73.9779,40.7081],[-74.0488,40.6676],[-74.0561,40.6285]]},"properties":{}},{"type":"Feature","geometry":{"type":"LineString","coordinates":[[-74.0561,40.6285],[-74.0456,40.6061]]},"properties":{}},{"type":"Feature","geometry":{"type":"LineString","coordinates":[[-74.0456,40.6061],[-74.0106,40.5253],[-73.8129,40.4456]]},"properties":{}},{"type":"Feature","geometry":{"type":"MultiLineString","coordinates":[[[-69.5,40.3],[-71.289425,40.419295]],[[-71.289425,40.419295],[-71.557579,40.437172]],[[-71.557579,40.437172],[-71.798554,40.453237]],[[-71.798554,40.453237],[-73.027658,40.535177]],[[-73.027658,40.535177],[-74,40.6],[-74.0456,40.6061]]]},"properties":{}},{"type":"Feature","geometry":{"type":"LineString","coordinates":[[-72,-33],[-73.9,-36.9]]},"properties":{}},{"type":"Feature","geometry":{"type":"LineString","coordinates":[[-73.9,20],[-73.8,20]]},"properties":{}},{"type":"Feature","geometry":{"type":"MultiLineString","coordinates":[[[-72,20.3],[-73.796606,20.016325]],[[-73.796606,20.016325],[-73.796666,20.016316]],[[-73.796666,20.016316],[-73.798509,20.016025]],[[-73.798509,20.016025],[-73.798945,20.015956]],[[-73.798945,20.015956],[-73.800564,20.0157]],[[-73.800564,20.0157],[-73.80122,20.015597]],[[-73.80122,20.015597],[-73.804315,20.015108]],[[-73.804315,20.015108],[-73.80617,20.014815]],[[-73.80617,20.014815],[-73.808075,20.014514]],[[-73.808075,20.014514],[-73.9,20]]]},"properties":{}},{"type":"Feature","geometry":{"type":"LineString","coordinates":[[-73.8129,40.4456],[-73.7932,40.3456],[-73.783,40.0331]]},"properties":{}},{"type":"Feature","geometry":{"type":"MultiLineString","coordinates":[[[-73.8129,40.4456],[-73.537794,40.250805]],[[-73.537794,40.250805],[-72.4725,39.4965]]]},"properties":{}},{"type":"Feature","geometry":{"type":"LineString","coordinates":[[-73.3345,40.4313],[-73.8129,40.4456]]},"properties":{}},{"type":"Feature","geometry":{"type":"MultiLineString","coordinates":[[[-170,-0.00002],[-167.5237,2.512],[-165.0379,5.0192],[-164.999852,5.057143]],[[-164.999852,5.057143],[-162.5333,7.5169],[-162.473068,7.575938]],[[-162.473068,7.575938],[-160,10]]]},"properties":{}},{"type":"Feature","geometry":{"type":"MultiLineString","coordinates":[[[-68.7925,40.5034],[-68.813685,40.430133]],[[-68.813685,40.430133],[-68.853421,40.292707]],[[-68.853421,40.292707],[-69.054902,39.595893]],[[-69.054902,39.595893],[-69.241398,38.950904]],[[-69.241398,38.950904],[-69.630879,37.603901]],[[-69.630879,37.603901],[-69.689012,37.40285]],[[-69.689012,37.40285],[-69.761138,37.153403]],[[-69.761138,37.153403],[-69.768342,37.128487]],[[-69.768342,37.128487],[-69.889537,36.709339]],[[-69.889537,36.709339],[-70.068112,36.091746]],[[-70.068112,36.091746],[-70.079098,36.053753]],[[-70.079098,36.053753],[-70.267,35.4039],[-70.556671,34.260051]],[[-70.556671,34.260051],[-70.580864,34.164518]],[[-70.580864,34.164518],[-71.022856,32.419183]],[[-71.022856,32.419183],[-71.249208,31.525368]],[[-71.249208,31.525368],[-71.278986,31.407781]],[[-71.278986,31.407781],[-71.435883,30.788227]],[[-71.435883,30.788227],[-71.435887,30.788212]],[[-71.435887,30.788212],[-71.518852,30.4606]],[[-71.518852,30.4606],[-71.5636,30.2839],[-71.593895,30.150475]],[[-71.593895,30.150475],[-71.607312,30.09138]],[[-71.607312,30.09138],[-71.789659,29.288279]],[[-71.789659,29.288279],[-72.122525,27.822254]],[[-72.122525,27.822254],[-72.315301,26.973219]],[[-72.315301,26.973219],[-72.376461,26.703855]],[[-72.376461,26.703855],[-72.573362,25.83665]],[[-72.573362,25.83665],[-72.7297,25.1481],[-72.899045,24.333557]],[[-72.899045,24.333557],[-73.134922,23.198996]],[[-73.134922,23.198996],[-73.492623,21.478473]],[[-73.492623,21.478473],[-73.611956,20.904484]],[[-73.611956,20.904484],[-73.796606,20.016325]],[[-73.796606,20.016325],[-73.8,20]]]},"properties":{}},{"type":"Feature","geometry":{"type":"MultiLineString","coordinates":[[[-67.7575,44.0943],[-68.3705,42.119818]],[[-68.3705,42.119818],[-68.445048,41.879698]],[[-68.445048,41.879698],[-68.847208,40.584335]],[[-68.847208,40.584335],[-68.860571,40.541294]],[[-68.860571,40.541294],[-68.868488,40.515792]],[[-68.868488,40.515792],[-68.872755,40.50205]],[[-68.872755,40.50205],[-68.880159,40.478199]],[[-68.880159,40.478199],[-68.88044,40.477294]],[[-68.88044,40.477294],[-68.898408,40.41942]],[[-68.898408,40.41942],[-68.900173,40.413733]],[[-68.900173,40.413733],[-68.937453,40.293655]],[[-68.937453,40.293655],[-69.121415,39.701111]],[[-69.121415,39.701111],[-69.37565,38.882215]],[[-69.37565,38.882215],[-69.604627,38.144677]],[[-69.604627,38.144677],[-69.6153,38.1103],[-69.810817,37.362267]],[[-69.810817,37.362267],[-69.848971,37.216292]],[[-69.848971,37.216292],[-69.880311,37.096388]],[[-69.880311,37.096388],[-69.964704,36.773507]],[[-69.964704,36.773507],[-70.106939,36.229325]],[[-70.106939,36.229325],[-70.136352,36.116797]],[[-70.136352,36.116797],[-70.616709,34.278984]],[[-70.616709,34.278984],[-70.617007,34.277845]],[[-70.617007,34.277845],[-71.121104,32.349208]],[[-71.121104,32.349208],[-71.1876,32.0948],[-71.29405,31.627217]],[[-71.29405,31.627217],[-71.330979,31.46501]],[[-71.330979,31.46501],[-71.479593,30.812221]],[[-71.479593,30.812221],[-71.479597,30.812206]],[[-71.479597,30.812206],[-71.557009,30.472172]],[[-71.557009,30.472172],[-71.619263,30.198724]],[[-71.619263,30.198724],[-71.643236,30.093423]],[[-71.643236,30.093423],[-71.830207,29.272154]],[[-71.830207,29.272154],[-72.164258,27.804838]],[[-72.164258,27.804838],[-72.345858,27.007159]],[[-72.345858,27.007159],[-72.416539,26.696695]],[[-72.416539,26.696695],[-72.5624,26.056],[-72.601429,25.865017]],[[-72.601429,25.865017],[-72.911918,24.345691]],[[-72.911918,24.345691],[-73.144706,23.206576]],[[-73.144706,23.206576],[-73.497492,21.480275]],[[-73.497492,21.480275],[-73.614932,20.9056]],[[-73.614932,20.9056],[-73.796666,20.016316]],[[-73.796666,20.016316],[-73.8,20]]]},"properties":{}},{"type":"Feature","geometry":{"type":"MultiLineString","coordinates":[[[-71.4738,41.0726],[-71.554976,40.456915]],[[-71.554976,40.456915],[-71.557579,40.437172]],[[-71.557579,40.437172],[-71.661125,39.651813]],[[-71.661125,39.651813],[-71.735368,39.088703]],[[-71.735368,39.088703],[-71.798223,38.611978]],[[-71.798223,38.611978],[-71.830603,38.366383]],[[-71.830603,38.366383],[-71.833928,38.341168]],[[-71.833928,38.341168],[-71.870661,38.062557]],[[-71.870661,38.062557],[-71.878481,38.003246]],[[-71.878481,38.003246],[-71.895326,37.875486]],[[-71.895326,37.875486],[-71.950324,37.458347]],[[-71.950324,37.458347],[-71.952622,37.440915]],[[-71.952622,37.440915],[-72.061878,36.612251]],[[-72.061878,36.612251],[-72.081237,36.465424]],[[-72.081237,36.465424],[-72.1669,35.8157],[-72.286723,34.770289]],[[-72.286723,34.770289],[-72.374413,34.005228]],[[-72.374413,34.005228],[-72.516084,32.769203]],[[-72.516084,32.769203],[-72.597462,32.059213]],[[-72.597462,32.059213],[-72.665757,31.463365]],[[-72.665757,31.463365],[-72.665761,31.463335]],[[-72.665761,31.463335],[-72.69332,31.222897]],[[-72.69332,31.222897],[-72.738306,30.830407]],[[-72.738306,30.830407],[-72.7704,30.5504],[-72.81029,30.159773]],[[-72.81029,30.159773],[-72.946257,28.828318]],[[-72.946257,28.828318],[-73.052125,27.791603]],[[-73.052125,27.791603],[-73.090234,27.41841]],[[-73.090234,27.41841],[-73.177824,26.560686]],[[-73.177824,26.560686],[-73.188293,26.458166]],[[-73.188293,26.458166],[-73.3088,25.2781],[-73.359457,24.733777]],[[-73.359457,24.733777],[-73.477584,23.464459]],[[-73.477584,23.464459],[-73.656755,21.539209]],[[-73.656755,21.539209],[-73.712323,20.942121]],[[-73.712323,20.942121],[-73.798509,20.016025]],[[-73.798509,20.016025],[-73.8,20]]]},"properties":{}},{"type":"Feature","geometry":{"type":"MultiLineString","coordinates":[[[-72.4725,39.4965],[-72.475572,39.410034]],[[-72.475572,39.410034],[-72.486417,39.104732]],[[-72.486417,39.104732],[-72.492572,38.931491]],[[-72.492572,38.931491],[-72.501739,38.673424]],[[-72.501739,38.673424],[-72.501941,38.667736]],[[-72.501941,38.667736],[-72.534428,37.753248]],[[-72.534428,37.753248],[-72.543884,37.487078]],[[-72.543884,37.487078],[-72.557633,37.100027]],[[-72.557633,37.100027],[-72.571965,36.696595]],[[-72.571965,36.696595],[-72.581107,36.439253]],[[-72.581107,36.439253],[-72.585311,36.320915]],[[-72.585311,36.320915],[-72.5888,36.2227],[-72.701493,34.892616]],[[-72.701493,34.892616],[-72.718517,34.691681]],[[-72.718517,34.691681],[-72.850372,33.13543]],[[-72.850372,33.13543],[-72.897588,32.578157]],[[-72.897588,32.578157],[-72.932,32.172],[-72.973531,31.632317]],[[-72.973531,31.632317],[-72.973534,31.632283]],[[-72.973534,31.632283],[-73.024825,30.965776]],[[-73.024825,30.965776],[-73.028471,30.918401]],[[-73.028471,30.918401],[-73.085647,30.175428]],[[-73.085647,30.175428],[-73.196988,28.728606]],[[-73.196988,28.728606],[-73.244,28.1177],[-73.251422,28.01296]],[[-73.251422,28.01296],[-73.299744,27.330978]],[[-73.299744,27.330978],[-73.350007,26.621612]],[[-73.350007,26.621612],[-73.356587,26.528748]],[[-73.356587,26.528748],[-73.476792,24.832295]],[[-73.476792,24.832295],[-73.5315,24.0602],[-73.566349,23.533225]],[[-73.566349,23.533225],[-73.697222,21.554184]],[[-73.697222,21.554184],[-73.737084,20.951406]],[[-73.737084,20.951406],[-73.798945,20.015956]],[[-73.798945,20.015956],[-73.8,20]]]},"properties":{}},{"type":"Feature","geometry":{"type":"MultiLineString","coordinates":[[[-73.3345,40.4313],[-73.537794,40.250805]],[[-73.537794,40.250805],[-73.783,40.0331]]]},"properties":{}},{"type":"Feature","geometry":{"type":"LineString","coordinates":[[-170,-0.00002],[-180,-0.00002]]},"properties":{}},{"type":"Feature","geometry":{"type":"MultiLineString","coordinates":[[[-73.3345,40.4313],[-71.798554,40.453237]],[[-71.798554,40.453237],[-71.6331,40.4556]]]},"properties":{}},{"type":"Feature","geometry":{"type":"MultiLineString","coordinates":[[[-71.6894,40.9975],[-72.4247,40.7393],[-73.027658,40.535177]],[[-73.027658,40.535177],[-73.3345,40.4313]]]},"properties":{}},{"type":"Feature","geometry":{"type":"LineString","coordinates":[[-73,17.3],[-69.75,17.5]]},"properties":{}},{"type":"Feature","geometry":{"type":"MultiLineString","coordinates":[[[-61.9,12],[-66.832555,14.429554]],[[-66.832555,14.429554],[-67.3869,14.7026],[-68.314399,15.13179]],[[-68.314399,15.13179],[-69.392684,15.630755]],[[-69.392684,15.630755],[-71.173962,16.455021]],[[-71.173962,16.455021],[-73,17.3]]]},"properties":{}},{"type":"Feature","geometry":{"type":"LineString","coordinates":[[-72.8,-29.6],[-72,-33]]},"properties":{}},{"type":"Feature","geometry":{"type":"LineString","coordinates":[[-170,-0.00002],[-170.0002,5.0004],[-170,10]]},"properties":{}},{"type":"Feature","geometry":{"type":"LineString","coordinates":[[-72.7,-17.3],[-71,-18.9]]},"properties":{}},{"type":"Feature","geometry":{"type":"MultiLineString","coordinates":[[[-72.4725,39.4965],[-72.44495,39.419124]],[[-72.44495,39.419124],[-72.280515,38.957304]],[[-72.280515,38.957304],[-72.231565,38.819826]],[[-72.231565,38.819826],[-72.174707,38.660136]],[[-72.174707,38.660136],[-72.00886,38.19435]],[[-72.00886,38.19435],[-71.978938,38.110315]],[[-71.978938,38.110315],[-71.941838,38.006117]],[[-71.941838,38.006117],[-71.895326,37.875486]],[[-71.895326,37.875486],[-71.802786,37.615583]],[[-71.802786,37.615583],[-71.782134,37.557581]],[[-71.782134,37.557581],[-71.510905,36.795826]],[[-71.510905,36.795826],[-71.456984,36.644385]],[[-71.456984,36.644385],[-70.6309,34.3243],[-70.616709,34.278984]],[[-70.616709,34.278984],[-70.616286,34.277633]],[[-70.616286,34.277633],[-70.580864,34.164518]],[[-70.580864,34.164518],[-70.214581,32.994862]],[[-70.214581,32.994862],[-69.902929,31.999657]],[[-69.902929,31.999657],[-69.364721,30.280989]],[[-69.364721,30.280989],[-69.351195,30.237793]],[[-69.351195,30.237793],[-69.34907,30.231009]],[[-69.34907,30.231009],[-69.280939,30.013445]],[[-69.280939,30.013445],[-69.0025,29.1243]],[[-69.0025,29.1243],[-68.976868,29.033505]],[[-68.976868,29.033505],[-68.514007,27.39391]],[[-68.514007,27.39391],[-67.5286,23.9033],[-67.037926,22.016484]],[[-67.037926,22.016484],[-66.504998,19.967188]],[[-66.504998,19.967188],[-66.473998,19.847983]],[[-66.473998,19.847983],[-66.356176,19.394918]],[[-66.356176,19.394918],[-66.323339,19.268646]],[[-66.323339,19.268646],[-66.170901,18.682472]],[[-66.170901,18.682472],[-66.1668,18.6667]]]},"properties":{}},{"type":"Feature","geometry":{"type":"MultiLineString","coordinates":[[[-72.2321,15.6874],[-72.224911,15.683779]],[[-72.224911,15.683779],[-72.043436,15.592365]],[[-72.043436,15.592365],[-70.79342,14.962702]],[[-70.79342,14.962702],[-69.7486,14.4364],[-69.104748,14.13223]],[[-69.104748,14.13223],[-68.316463,13.759826]],[[-68.316463,13.759826],[-67.756376,13.495228]],[[-67.756376,13.495228],[-65.62372,12.487713]],[[-65.62372,12.487713],[-63.773623,11.613686]],[[-63.773623,11.613686],[-61.8055,10.6839]],[[-61.8055,10.6839],[-61,11]]]},"properties":{}},{"type":"Feature","geometry":{"type":"LineString","coordinates":[[-71.4771,41.3103],[-71.6217,41.3065],[-71.849,41.2953],[-71.9146,41.304],[-72.1973,41.2514]]},"properties":{}},{"type":"Feature","geometry":{"type":"LineString","coordinates":[[-72.1973,41.2514],[-71.4738,41.0726]]},"properties":{}},{"type":"Feature","geometry":{"type":"MultiLineString","coordinates":[[[-71.2,21.7],[-71.704658,20.816848]],[[-71.704658,20.816848],[-72,20.3]]]},"properties":{}},{"type":"Feature","geometry":{"type":"LineString","coordinates":[[-72,20.3],[-68.9,19.75]]},"properties":{}},{"type":"Feature","geometry":{"type":"LineString","coordinates":[[-71.4738,41.0726],[-71.6894,40.9975]]},"properties":{}},{"type":"Feature","geometry":{"type":"LineString","coordinates":[[-71.6331,40.4556],[-71.6894,40.9975]]},"properties":{}},{"type":"Feature","geometry":{"type":"MultiLineString","coordinates":[[[-71.6331,40.4556],[-71.554976,40.456915]],[[-71.554976,40.456915],[-71.301247,40.461184]],[[-71.301247,40.461184],[-69.919152,40.484441]],[[-69.919152,40.484441],[-69.467994,40.492033]],[[-69.467994,40.492033],[-68.968854,40.500432]],[[-68.968854,40.500432],[-68.872755,40.50205]],[[-68.872755,40.50205],[-68.7925,40.5034]]]},"properties":{}},{"type":"Feature","geometry":{"type":"LineString","coordinates":[[-71.5504,9.7649],[-71.6053,10.6083],[-71.5504,11.1693],[-70.3089,11.6755],[-70.1881,12.5455],[-70,13]]},"properties":{}},{"type":"Feature","geometry":{"type":"LineString","coordinates":[[-71.4771,41.3103],[-71.3336,41.417]]},"properties":{}},{"type":"Feature","geometry":{"type":"LineString","coordinates":[[-71.4771,41.3103],[-71.4738,41.0726]]},"properties":{}},{"type":"Feature","geometry":{"type":"LineString","coordinates":[[-71.3569,41.1171],[-71.4738,41.0726]]},"properties":{}},{"type":"Feature","geometry":{"type":"MultiLineString","coordinates":[[[-71.4738,41.0726],[-71.301247,40.461184]],[[-71.301247,40.461184],[-71.289425,40.419295]],[[-71.289425,40.419295],[-71.118305,39.812955]],[[-71.118305,39.812955],[-71.022869,39.474791]],[[-71.022869,39.474791],[-70.919527,39.108612]],[[-70.919527,39.108612],[-70.852223,38.870132]],[[-70.852223,38.870132],[-70.821123,38.759933]],[[-70.821123,38.759933],[-70.667412,38.21528]],[[-70.667412,38.21528],[-70.521347,37.697721]],[[-70.521347,37.697721],[-70.373744,37.174709]],[[-70.373744,37.174709],[-70.354406,37.106187]],[[-70.354406,37.106187],[-70.316361,36.971381]],[[-70.316361,36.971381],[-70.106939,36.229325]],[[-70.106939,36.229325],[-70.068112,36.091746]],[[-70.068112,36.091746],[-70.047602,36.019072]],[[-70.047602,36.019072],[-69.9008,35.4989],[-69.76077,34.928141]],[[-69.76077,34.928141],[-69.517415,33.936231]],[[-69.517415,33.936231],[-69.424515,33.557573]],[[-69.424515,33.557573],[-68.693478,30.577885]],[[-68.693478,30.577885],[-68.671186,30.487022]],[[-68.671186,30.487022],[-68.667702,30.472821]],[[-68.667702,30.472821],[-68.558313,30.026957]],[[-68.558313,30.026957],[-68.528,29.9034],[-68.396402,29.303401]],[[-68.396402,29.303401],[-68.170041,28.27134]],[[-68.170041,28.27134],[-67.997821,27.48613]],[[-67.997821,27.48613],[-67.2971,24.2913],[-66.878867,22.210088]],[[-66.878867,22.210088],[-66.441166,20.032]],[[-66.441166,20.032],[-66.404749,19.85078]],[[-66.404749,19.85078],[-66.317504,19.416632]],[[-66.317504,19.416632],[-66.286377,19.261741]],[[-66.286377,19.261741],[-66.169988,18.682565]],[[-66.169988,18.682565],[-66.1668,18.6667]]]},"properties":{}},{"type":"Feature","geometry":{"type":"LineString","coordinates":[[-71.1677,41.325],[-71.3569,41.1171]]},"properties":{}},{"type":"Feature","geometry":{"type":"MultiLineString","coordinates":[[[-160,-10],[-161.223262,-8.801024]],[[-161.223262,-8.801024],[-162.5336,-7.5167],[-163.705581,-6.348041]],[[-163.705581,-6.348041],[-165.000099,-5.057193]],[[-165.000099,-5.057193],[-165.0384,-5.019],[-166.598883,-3.445019]],[[-166.598883,-3.445019],[-167.524,-2.5119],[-170,-0.00002]]]},"properties":{}},{"type":"Feature","geometry":{"type":"MultiLineString","coordinates":[[[-68.7925,40.5034],[-68.868488,40.515792]],[[-68.868488,40.515792],[-68.910147,40.522586]],[[-68.910147,40.522586],[-69.448276,40.610346]],[[-69.448276,40.610346],[-70.0158,40.7029],[-71.3569,41.1171]]]},"properties":{}},{"type":"Feature","geometry":{"type":"LineString","coordinates":[[-71.25,41.5],[-71.3336,41.417]]},"properties":{}},{"type":"Feature","geometry":{"type":"LineString","coordinates":[[-71.3336,41.417],[-71.1957,41.417]]},"properties":{}},{"type":"Feature","geometry":{"type":"MultiLineString","coordinates":[[[-71.2,21.7],[-68.901266,19.751073]],[[-68.901266,19.751073],[-68.9,19.75]]]},"properties":{}},{"type":"Feature","geometry":{"type":"LineString","coordinates":[[-71.1957,41.417],[-71.0037,41.4535]]},"properties":{}},{"type":"Feature","geometry":{"type":"LineString","coordinates":[[-70.6704,41.4908],[-70.8432,41.4056],[-70.8921,41.3891],[-71.1677,41.325]]},"properties":{}},{"type":"Feature","geometry":{"type":"LineString","coordinates":[[-71.0037,41.4535],[-71.117,41.374],[-71.1677,41.325]]},"properties":{}},{"type":"Feature","geometry":{"type":"LineString","coordinates":[[-70.7415,41.5963],[-70.8421,41.5197],[-71.0037,41.4535]]},"properties":{}},{"type":"Feature","geometry":{"type":"LineString","coordinates":[[-70.481,41.7813],[-70.5481,41.776],[-70.6306,41.7323],[-70.6781,41.6824],[-70.6974,41.6309],[-70.7415,41.5963]]},"properties":{}},{"type":"Feature","geometry":{"type":"MultiLineString","coordinates":[[[-160,10],[-161.561304,10.01146]],[[-161.561304,10.01146],[-164.157031,10.030514]],[[-164.157031,10.030514],[-164.9998,10.0367],[-170,10]]]},"properties":{}},{"type":"Feature","geometry":{"type":"LineString","coordinates":[[-70.7415,41.5963],[-70.6704,41.4908]]},"properties":{}},{"type":"Feature","geometry":{"type":"LineString","coordinates":[[-67.7575,44.0943],[-68.0894,43.9634],[-68.5492,43.7727],[-68.8402,43.6567],[-68.9901,43.5932],[-69.3059,43.4656],[-69.3693,43.4425],[-69.5235,43.3969],[-69.9058,43.1127],[-70.047,43.0696],[-70.164,42.9151],[-70.3303,42.654],[-70.4069,42.6271],[-70.6925,42.3542]]},"properties":{}},{"type":"Feature","geometry":{"type":"LineString","coordinates":[[-70.6925,42.3542],[-70.7125,42.2816],[-70.6161,42.1958],[-70.5195,41.988]]},"properties":{}},{"type":"Feature","geometry":{"type":"LineString","coordinates":[[-70.6925,42.3542],[-70.2609,42.2369],[-70.1183,42.1947]]},"properties":{}},{"type":"Feature","geometry":{"type":"LineString","coordinates":[[-70.6704,41.4908],[-70.6342,41.5038],[-70.5527,41.4794],[-70.2864,41.4528],[-70.2305,41.4442],[-70.1995,41.4515]]},"properties":{}},{"type":"Feature","geometry":{"type":"LineString","coordinates":[[-70.5195,41.988],[-70.3394,42.0251]]},"properties":{}},{"type":"Feature","geometry":{"type":"LineString","coordinates":[[-70.5195,41.988],[-70.4594,41.8478],[-70.481,41.7813]]},"properties":{}},{"type":"Feature","geometry":{"type":"LineString","coordinates":[[-70.481,41.7813],[-70.3394,42.0251]]},"properties":{}},{"type":"Feature","geometry":{"type":"LineString","coordinates":[[-70.3394,42.0251],[-70.1183,42.1947]]},"properties":{}},{"type":"Feature","geometry":{"type":"LineString","coordinates":[[-70.1615,41.7724],[-70.3394,42.0251]]},"properties":{}},{"type":"Feature","geometry":{"type":"LineString","coordinates":[[-70.189,41.9997],[-70.3394,42.0251]]},"properties":{}},{"type":"Feature","geometry":{"type":"LineString","coordinates":[[-70.1995,41.4515],[-70.0641,41.4823]]},"properties":{}},{"type":"Feature","geometry":{"type":"LineString","coordinates":[[-70.1183,42.1947],[-69.8936,42.1322],[-69.7009,41.848]]},"properties":{}},{"type":"Feature","geometry":{"type":"LineString","coordinates":[[-70.0641,41.4823],[-69.4593,41.4882]]},"properties":{}},{"type":"Feature","geometry":{"type":"LineString","coordinates":[[-70.0641,41.4823],[-69.3457,41.3218]]},"properties":{}},{"type":"Feature","geometry":{"type":"MultiLineString","coordinates":[[[-60,-60],[-61.192685,-60.000012]],[[-61.192685,-60.000012],[-63.040836,-60.00003]],[[-63.040836,-60.00003],[-70,-60.0001]]]},"properties":{}},{"type":"Feature","geometry":{"type":"MultiLineString","coordinates":[[[-157.67,21.1667],[-160.8861,18.445],[-161.865831,17.572556]],[[-161.865831,17.572556],[-162.838629,16.706285]],[[-162.838629,16.706285],[-164.0019,15.6704],[-164.77377,14.953151]],[[-164.77377,14.953151],[-167.0345,12.8524],[-170,10]]]},"properties":{}},{"type":"Feature","geometry":{"type":"MultiLineString","coordinates":[[[-70,13],[-68.488542,13.682162]],[[-68.488542,13.682162],[-68.316463,13.759826]],[[-68.316463,13.759826],[-67.680067,14.047049]],[[-67.680067,14.047049],[-67.18597,14.270048]],[[-67.18597,14.270048],[-66.832555,14.429554]],[[-66.832555,14.429554],[-64.288542,15.577737]],[[-64.288542,15.577737],[-63.120938,16.104708]],[[-63.120938,16.104708],[-62.09406,16.568166]],[[-62.09406,16.568166],[-60.3334,17.3628],[-58.392543,18.477759]],[[-58.392543,18.477759],[-55.664981,20.044655]],[[-55.664981,20.044655],[-55.637626,20.06037]],[[-55.637626,20.06037],[-52.018301,22.139555]],[[-52.018301,22.139555],[-51.302049,22.551019]],[[-51.302049,22.551019],[-50.8192,22.8284],[-50.000895,23.197331]],[[-50.000895,23.197331],[-45.125544,25.395374]],[[-45.125544,25.395374],[-44.644653,25.612183]],[[-44.644653,25.612183],[-40.000643,27.705927]],[[-40.000643,27.705927],[-38.7342,28.2769],[-38.310707,28.404219]],[[-38.310707,28.404219],[-32.826904,30.052868]],[[-32.826904,30.052868],[-30.650452,30.707197]],[[-30.650452,30.707197],[-30.000379,30.902634]],[[-30.000379,30.902634],[-28.852256,31.247806]],[[-28.852256,31.247806],[-24.4959,32.5575],[-21.367872,33.149486]],[[-21.367872,33.149486],[-20.001431,33.408088]],[[-20.001431,33.408088],[-18.19146,33.750629]],[[-18.19146,33.750629],[-17.858566,33.813629]],[[-17.858566,33.813629],[-16.342602,34.100529]],[[-16.342602,34.100529],[-15.363339,34.285857]],[[-15.363339,34.285857],[-15.0038,34.3539],[-13.114888,34.6797]],[[-13.114888,34.6797],[-9.027721,35.384657]],[[-9.027721,35.384657],[-8.577958,35.462232]],[[-8.577958,35.462232],[-8.535563,35.469545]],[[-8.535563,35.469545],[-8.175114,35.531715]],[[-8.175114,35.531715],[-7.65257,35.621844]],[[-7.65257,35.621844],[-5.75,35.95]]]},"properties":{}},{"type":"Feature","geometry":{"type":"MultiLineString","coordinates":[[[-70,13],[-69.297338,13.888661]],[[-69.297338,13.888661],[-69.104748,14.13223]],[[-69.104748,14.13223],[-68.84569,14.459862]],[[-68.84569,14.459862],[-68.537011,14.85025]],[[-68.537011,14.85025],[-68.314399,15.13179]],[[-68.314399,15.13179],[-67.078784,16.694479]],[[-67.078784,16.694479],[-66.6,17.3]]]},"properties":{}},{"type":"Feature","geometry":{"type":"LineString","coordinates":[[-68.5,12.1],[-70,13]]},"properties":{}},{"type":"Feature","geometry":{"type":"LineString","coordinates":[[-68.5,12.1],[-68.7656,12.2629],[-69.849,12.9115],[-70,13]]},"properties":{}},{"type":"Feature","geometry":{"type":"MultiLineString","coordinates":[[[-61.9,12],[-65.62372,12.487713]],[[-65.62372,12.487713],[-65.942,12.5294],[-70,13]]]},"properties":{}},{"type":"Feature","geometry":{"type":"MultiLineString","coordinates":[[[-60,30],[-60.541592,30.010129]],[[-60.541592,30.010129],[-64.663385,30.087214]],[[-64.663385,30.087214],[-64.9995,30.0935],[-65.771462,30.079066]],[[-65.771462,30.079066],[-67.401504,30.048587]],[[-67.401504,30.048587],[-68.558313,30.026957]],[[-68.558313,30.026957],[-69.280939,30.013445]],[[-69.280939,30.013445],[-70,30]]]},"properties":{}},{"type":"Feature","geometry":{"type":"MultiLineString","coordinates":[[[-5.75,35.95],[-7.34009,36.190819]],[[-7.34009,36.190819],[-8.209566,36.3225]],[[-8.209566,36.3225],[-9.062995,36.451752]],[[-9.062995,36.451752],[-9.196227,36.47193]],[[-9.196227,36.47193],[-9.198531,36.472279]],[[-9.198531,36.472279],[-11.900228,36.88145]],[[-11.900228,36.88145],[-12.32612,36.945951]],[[-12.32612,36.945951],[-13.89,37.1828],[-14.458326,37.228343]],[[-14.458326,37.228343],[-20.000978,37.672504]],[[-20.000978,37.672504],[-22.2384,37.8518],[-22.326899,37.852623]],[[-22.326899,37.852623],[-25.088795,37.878293]],[[-25.088795,37.878293],[-25.189218,37.879226]],[[-25.189218,37.879226],[-30.000872,37.923948]],[[-30.000872,37.923948],[-30.6735,37.9302],[-32.35506,37.826635]],[[-32.35506,37.826635],[-37.314017,37.521219]],[[-37.314017,37.521219],[-39.0614,37.4136],[-40.001139,37.288282]],[[-40.001139,37.288282],[-43.434559,36.83042]],[[-43.434559,36.83042],[-46.170173,36.465614]],[[-46.170173,36.465614],[-46.240717,36.456206]],[[-46.240717,36.456206],[-47.2741,36.3184],[-50.001783,35.756059]],[[-50.001783,35.756059],[-54.450619,34.838883]],[[-54.450619,34.838883],[-55.2082,34.6827],[-55.861059,34.499781]],[[-55.861059,34.499781],[-60.001402,33.339732]],[[-60.001402,33.339732],[-62.7947,32.5571],[-63.465852,32.318914]],[[-63.465852,32.318914],[-64.254997,32.038853]],[[-64.254997,32.038853],[-64.42486,31.97857]],[[-64.42486,31.97857],[-65.904498,31.453459]],[[-65.904498,31.453459],[-67.505472,30.885287]],[[-67.505472,30.885287],[-68.667702,30.472821]],[[-68.667702,30.472821],[-69.34907,30.231009]],[[-69.34907,30.231009],[-70,30]]]},"properties":{}},{"type":"Feature","geometry":{"type":"MultiLineString","coordinates":[[[-5.75,35.95],[-7.538843,35.828921]],[[-7.538843,35.828921],[-8.186153,35.785108]],[[-8.186153,35.785108],[-8.686819,35.75122]],[[-8.686819,35.75122],[-8.752204,35.746795]],[[-8.752204,35.746795],[-9.081098,35.724533]],[[-9.081098,35.724533],[-12.839781,35.470126]],[[-12.839781,35.470126],[-13.95178,35.394859]],[[-13.95178,35.394859],[-15.637598,35.280754]],[[-15.637598,35.280754],[-20.002093,34.985342]],[[-20.002093,34.985342],[-20.136824,34.976222]],[[-20.136824,34.976222],[-20.665058,34.940469]],[[-20.665058,34.940469],[-22.386692,34.823939]],[[-22.386692,34.823939],[-25.773766,34.594684]],[[-25.773766,34.594684],[-30.001809,34.308507]],[[-30.001809,34.308507],[-33.730662,34.056118]],[[-33.730662,34.056118],[-36.437676,33.872893]],[[-36.437676,33.872893],[-40.001525,33.631673]],[[-40.001525,33.631673],[-43.144603,33.418932]],[[-43.144603,33.418932],[-47.101586,33.151102]],[[-47.101586,33.151102],[-50.001241,32.954838]],[[-50.001241,32.954838],[-51.699014,32.839924]],[[-51.699014,32.839924],[-52.558544,32.781746]],[[-52.558544,32.781746],[-57.765496,32.429312]],[[-57.765496,32.429312],[-57.833543,32.424706]],[[-57.833543,32.424706],[-60.000956,32.278004]],[[-60.000956,32.278004],[-63.143196,32.06532]],[[-63.143196,32.06532],[-64.165786,31.996106]],[[-64.165786,31.996106],[-64.42486,31.97857]],[[-64.42486,31.97857],[-64.6416,31.9639],[-65.936882,31.489168]],[[-65.936882,31.489168],[-67.508916,30.913004]],[[-67.508916,30.913004],[-68.671186,30.487022]],[[-68.671186,30.487022],[-69.351195,30.237793]],[[-69.351195,30.237793],[-70,30]]]},"properties":{}},{"type":"Feature","geometry":{"type":"MultiLineString","coordinates":[[[-64.8,32.3],[-66.13623,31.708975]],[[-66.13623,31.708975],[-67.531157,31.091988]],[[-67.531157,31.091988],[-68.693478,30.577885]],[[-68.693478,30.577885],[-69.364721,30.280989]],[[-69.364721,30.280989],[-70,30]]]},"properties":{}},{"type":"Feature","geometry":{"type":"MultiLineString","coordinates":[[[-69.5,40.3],[-69.500327,40.293273]],[[-69.500327,40.293273],[-69.518055,39.928068]],[[-69.518055,39.928068],[-69.573745,38.780862]],[[-69.573745,38.780862],[-69.604627,38.144677]],[[-69.604627,38.144677],[-69.630879,37.603901]],[[-69.630879,37.603901],[-69.639843,37.419232]],[[-69.639843,37.419232],[-69.652343,37.161742]],[[-69.652343,37.161742],[-69.656388,37.0784]],[[-69.656388,37.0784],[-69.682868,36.532911]],[[-69.682868,36.532911],[-69.725053,35.663903]],[[-69.725053,35.663903],[-69.76077,34.928141]],[[-69.76077,34.928141],[-69.804094,34.035665]],[[-69.804094,34.035665],[-69.841727,33.260421]],[[-69.841727,33.260421],[-69.902929,31.999657]],[[-69.902929,31.999657],[-70,30]]]},"properties":{}},{"type":"Feature","geometry":{"type":"MultiLineString","coordinates":[[[-70,30],[-70.761711,30.418131]],[[-70.761711,30.418131],[-71.435887,30.788212]],[[-71.435887,30.788212],[-71.479597,30.812206]],[[-71.479597,30.812206],[-72.129345,31.168876]],[[-72.129345,31.168876],[-72.495855,31.370067]],[[-72.495855,31.370067],[-72.665761,31.463335]],[[-72.665761,31.463335],[-72.973534,31.632283]],[[-72.973534,31.632283],[-72.974487,31.632806]],[[-72.974487,31.632806],[-72.973531,31.632317]],[[-72.973531,31.632317],[-72.973531,31.632317],[-72.665757,31.463365]],[[-72.665757,31.463365],[-72.495831,31.370084]],[[-72.495831,31.370084],[-72.129364,31.168912]],[[-72.129364,31.168912],[-71.479593,30.812221]],[[-71.479593,30.812221],[-71.435883,30.788227]],[[-71.435883,30.788227],[-70.761716,30.418143]],[[-70.761716,30.418143],[-70,30]]]},"properties":{}},{"type":"Feature","geometry":{"type":"MultiLineString","coordinates":[[[-170,20],[-170.000307,18.080798]],[[-170.000307,18.080798],[-170.0008,15.0011],[-170,10]]]},"properties":{}},{"type":"Feature","geometry":{"type":"MultiLineString","coordinates":[[[-68.9,19.75],[-68.900061,19.750596]],[[-68.900061,19.750596],[-69.008576,20.802629]],[[-69.008576,20.802629],[-69.133036,22.009247]],[[-69.133036,22.009247],[-69.297107,23.599887]],[[-69.297107,23.599887],[-69.4289,24.8776],[-69.571367,26.155434]],[[-69.571367,26.155434],[-69.686099,27.184507]],[[-69.686099,27.184507],[-69.798842,28.195741]],[[-69.798842,28.195741],[-69.862361,28.765464]],[[-69.862361,28.765464],[-70,30]]]},"properties":{}},{"type":"Feature","geometry":{"type":"MultiLineString","coordinates":[[[-60,20],[-61.771409,21.87783]],[[-61.771409,21.87783],[-63.113598,23.300654]],[[-63.113598,23.300654],[-64.647219,24.92641]],[[-64.647219,24.92641],[-64.7955,25.0836],[-67.081383,27.242946]],[[-67.081383,27.242946],[-67.44363,27.58514]],[[-67.44363,27.58514],[-68.170041,28.27134]],[[-68.170041,28.27134],[-68.976868,29.033505]],[[-68.976868,29.033505],[-69.051387,29.103898]],[[-69.051387,29.103898],[-70,30]]]},"properties":{}},{"type":"Feature","geometry":{"type":"LineString","coordinates":[[-69.8888,41.8407],[-69.7009,41.848]]},"properties":{}},{"type":"Feature","geometry":{"type":"LineString","coordinates":[[-67.95,18.5],[-69.75,17.5]]},"properties":{}},{"type":"Feature","geometry":{"type":"LineString","coordinates":[[-69.75,17.5],[-66.6,17.3]]},"properties":{}},{"type":"Feature","geometry":{"type":"LineString","coordinates":[[-69.7009,41.848],[-69.5275,41.5917]]},"properties":{}},{"type":"Feature","geometry":{"type":"LineString","coordinates":[[-69.25,41.8],[-69.5275,41.5917]]},"properties":{}},{"type":"Feature","geometry":{"type":"LineString","coordinates":[[-69.5275,41.5917],[-69.4593,41.4882]]},"properties":{}},{"type":"Feature","geometry":{"type":"MultiLineString","coordinates":[[[-20,40],[-25.565029,41.125083]],[[-25.565029,41.125083],[-25.9351,41.1999],[-28.584901,41.584862]],[[-28.584901,41.584862],[-30.001074,41.790603]],[[-30.001074,41.790603],[-31.940532,42.072366]],[[-31.940532,42.072366],[-32.0626,42.0901],[-34.863425,42.340269]],[[-34.863425,42.340269],[-37.685353,42.592324]],[[-37.685353,42.592324],[-38.3322,42.6501],[-40.001623,42.706999]],[[-40.001623,42.706999],[-42.618304,42.796183]],[[-42.618304,42.796183],[-44.6814,42.8665],[-47.493255,42.807466]],[[-47.493255,42.807466],[-50.001652,42.754804]],[[-50.001652,42.754804],[-51.0402,42.733],[-52.53975,42.618612]],[[-52.53975,42.618612],[-52.613022,42.613022]],[[-52.613022,42.613022],[-57.3379,42.2526],[-62.794754,41.53046]],[[-62.794754,41.53046],[-63.5093,41.4359],[-64.632986,41.222837]],[[-64.632986,41.222837],[-68.782982,40.435954]],[[-68.782982,40.435954],[-68.813685,40.430133]],[[-68.813685,40.430133],[-68.900173,40.413733]],[[-68.900173,40.413733],[-68.907278,40.412386]],[[-68.907278,40.412386],[-69.43818,40.311722]],[[-69.43818,40.311722],[-69.5,40.3]]]},"properties":{}},{"type":"Feature","geometry":{"type":"MultiLineString","coordinates":[[[-69.5,40.3],[-68.880159,40.478199]],[[-68.880159,40.478199],[-68.7925,40.5034]]]},"properties":{}},{"type":"Feature","geometry":{"type":"MultiLineString","coordinates":[[[-69.5,40.3],[-68.968854,40.500432]],[[-68.968854,40.500432],[-68.910147,40.522586]],[[-68.910147,40.522586],[-68.860571,40.541294]],[[-68.860571,40.541294],[-68.826743,40.554059]],[[-68.826743,40.554059],[-68.640214,40.624447]],[[-68.640214,40.624447],[-64.2,42.3]]]},"properties":{}},{"type":"Feature","geometry":{"type":"MultiLineString","coordinates":[[[-69.5,40.3],[-69.467994,40.492033]],[[-69.467994,40.492033],[-69.448276,40.610346]],[[-69.448276,40.610346],[-69.332865,41.302812]],[[-69.332865,41.302812],[-69.25,41.8]]]},"properties":{}},{"type":"Feature","geometry":{"type":"MultiLineString","coordinates":[[[-69.5,40.3],[-69.496471,40.294417]],[[-69.496471,40.294417],[-69.349417,40.06179]],[[-69.349417,40.06179],[-69.121415,39.701111]],[[-69.121415,39.701111],[-69.054902,39.595893]],[[-69.054902,39.595893],[-68.792396,39.180631]],[[-68.792396,39.180631],[-68.552198,38.800659]],[[-68.552198,38.800659],[-68.020089,37.958907]],[[-68.020089,37.958907],[-67.843898,37.68019]],[[-67.843898,37.68019],[-66.9931,36.3343],[-66.514606,35.45409]],[[-66.514606,35.45409],[-65.80232,34.143809]],[[-65.80232,34.143809],[-64.8,32.3]]]},"properties":{}},{"type":"Feature","geometry":{"type":"MultiLineString","coordinates":[[[-160,-0.00002],[-162.476,2.5118],[-163.85003,3.897771]],[[-163.85003,3.897771],[-164.9616,5.019],[-164.999852,5.057143]],[[-164.999852,5.057143],[-166.299302,6.35291]],[[-166.299302,6.35291],[-167.4664,7.5167],[-170,10]]]},"properties":{}},{"type":"Feature","geometry":{"type":"MultiLineString","coordinates":[[[-60,40],[-64.7392,40.2463],[-66.667038,40.268045]],[[-66.667038,40.268045],[-68.762621,40.291683]],[[-68.762621,40.291683],[-68.853421,40.292707]],[[-68.853421,40.292707],[-68.937453,40.293655]],[[-68.937453,40.293655],[-69.055334,40.294984]],[[-69.055334,40.294984],[-69.478483,40.299757]],[[-69.478483,40.299757],[-69.5,40.3]]]},"properties":{}},{"type":"Feature","geometry":{"type":"LineString","coordinates":[[-69.4593,41.4882],[-69.3457,41.3218]]},"properties":{}},{"type":"Feature","geometry":{"type":"MultiLineString","coordinates":[[[-69.3457,41.3218],[-69.332865,41.302812]],[[-69.332865,41.302812],[-68.847208,40.584335]],[[-68.847208,40.584335],[-68.826743,40.554059]],[[-68.826743,40.554059],[-68.7925,40.5034]]]},"properties":{}},{"type":"Feature","geometry":{"type":"MultiLineString","coordinates":[[[-69.25,41.8],[-68.445048,41.879698]],[[-68.445048,41.879698],[-66.864102,42.036227]],[[-66.864102,42.036227],[-64.2,42.3]]]},"properties":{}},{"type":"Feature","geometry":{"type":"MultiLineString","coordinates":[[[-60,20],[-64.4532,19.9296],[-65.477608,19.888226]],[[-65.477608,19.888226],[-66.289839,19.855421]],[[-66.289839,19.855421],[-66.404749,19.85078]],[[-66.404749,19.85078],[-66.473998,19.847983]],[[-66.473998,19.847983],[-66.5976,19.842991]],[[-66.5976,19.842991],[-66.628548,19.841741]],[[-66.628548,19.841741],[-66.683376,19.839526]],[[-66.683376,19.839526],[-66.821145,19.833962]],[[-66.821145,19.833962],[-67.189449,19.819087]],[[-67.189449,19.819087],[-67.673973,19.799518]],[[-67.673973,19.799518],[-68.898693,19.750053]],[[-68.898693,19.750053],[-68.9,19.75]]]},"properties":{}},{"type":"Feature","geometry":{"type":"MultiLineString","coordinates":[[[-170,20],[-168.602106,20.157426]],[[-168.602106,20.157426],[-163.8579,20.6917],[-157.67,21.1667]]]},"properties":{}},{"type":"Feature","geometry":{"type":"MultiLineString","coordinates":[[[-68.9,19.75],[-68.899646,19.750431]],[[-68.899646,19.750431],[-68.406795,20.35032]],[[-68.406795,20.35032],[-68.048205,20.78679]],[[-68.048205,20.78679],[-67.636322,21.288126]],[[-67.636322,21.288126],[-67.431322,21.537649]],[[-67.431322,21.537649],[-67.283943,21.717037]],[[-67.283943,21.717037],[-67.037926,22.016484]],[[-67.037926,22.016484],[-66.878867,22.210088]],[[-66.878867,22.210088],[-66.572194,22.583364]],[[-66.572194,22.583364],[-64.647219,24.92641]],[[-64.647219,24.92641],[-64.634,24.9425],[-62.306029,27.483223]],[[-62.306029,27.483223],[-61.33976,28.537799]],[[-61.33976,28.537799],[-60.223798,29.75575]],[[-60.223798,29.75575],[-60,30]]]},"properties":{}},{"type":"Feature","geometry":{"type":"LineString","coordinates":[[-67.95,18.5],[-68.9,19.75]]},"properties":{}},{"type":"Feature","geometry":{"type":"MultiLineString","coordinates":[[[-64.35,18.9],[-66.227246,19.250694]],[[-66.227246,19.250694],[-66.286377,19.261741]],[[-66.286377,19.261741],[-66.323339,19.268646]],[[-66.323339,19.268646],[-66.391948,19.281463]],[[-66.391948,19.281463],[-66.441666,19.290751]],[[-66.441666,19.290751],[-66.516722,19.304772]],[[-66.516722,19.304772],[-66.5254,19.306393]],[[-66.5254,19.306393],[-66.776024,19.353213]],[[-66.776024,19.353213],[-67.057838,19.40586]],[[-67.057838,19.40586],[-67.180783,19.428828]],[[-67.180783,19.428828],[-68.897276,19.749491]],[[-68.897276,19.749491],[-68.9,19.75]]]},"properties":{}},{"type":"Feature","geometry":{"type":"MultiLineString","coordinates":[[[-68.7925,40.5034],[-68.640214,40.624447]],[[-68.640214,40.624447],[-66.864102,42.036227]],[[-66.864102,42.036227],[-65.4,43.2]]]},"properties":{}},{"type":"Feature","geometry":{"type":"MultiLineString","coordinates":[[[-68.7925,40.5034],[-68.782982,40.435954]],[[-68.782982,40.435954],[-68.762621,40.291683]],[[-68.762621,40.291683],[-68.618387,39.26966]],[[-68.618387,39.26966],[-68.552198,38.800659]],[[-68.552198,38.800659],[-68.414843,37.827382]],[[-68.414843,37.827382],[-68.372677,37.528599]],[[-68.372677,37.528599],[-68.147963,35.936306]],[[-68.147963,35.936306],[-68.030629,35.104899]],[[-68.030629,35.104899],[-68.0237,35.0558],[-67.957084,34.519702]],[[-67.957084,34.519702],[-67.841464,33.589231]],[[-67.841464,33.589231],[-67.811038,33.344376]],[[-67.811038,33.344376],[-67.531157,31.091988]],[[-67.531157,31.091988],[-67.508916,30.913004]],[[-67.508916,30.913004],[-67.505472,30.885287]],[[-67.505472,30.885287],[-67.401504,30.048587]],[[-67.401504,30.048587],[-67.347424,29.613372]],[[-67.347424,29.613372],[-67.3457,29.5995],[-67.126127,27.641864]],[[-67.126127,27.641864],[-67.081383,27.242946]],[[-67.081383,27.242946],[-66.7329,24.136],[-66.572194,22.583364]],[[-66.572194,22.583364],[-66.320768,20.154246]],[[-66.320768,20.154246],[-66.289839,19.855421]],[[-66.289839,19.855421],[-66.248436,19.455413]],[[-66.248436,19.455413],[-66.227246,19.250694]],[[-66.227246,19.250694],[-66.168458,18.682722]],[[-66.168458,18.682722],[-66.1668,18.6667]]]},"properties":{}},{"type":"Feature","geometry":{"type":"LineString","coordinates":[[-66.75,11],[-68.5,12.1]]},"properties":{}},{"type":"Feature","geometry":{"type":"LineString","coordinates":[[-68,-52.4],[-65.4,-47.75]]},"properties":{}},{"type":"Feature","geometry":{"type":"MultiLineString","coordinates":[[[-67.95,18.5],[-66.199242,18.679565]],[[-66.199242,18.679565],[-66.185757,18.680948]],[[-66.185757,18.680948],[-66.179971,18.681541]],[[-66.179971,18.681541],[-66.175384,18.682012]],[[-66.175384,18.682012],[-66.173624,18.682192]],[[-66.173624,18.682192],[-66.172516,18.682306]],[[-66.172516,18.682306],[-66.170901,18.682472]],[[-66.170901,18.682472],[-66.169988,18.682565]],[[-66.169988,18.682565],[-66.168458,18.682722]],[[-66.168458,18.682722],[-66,18.7]]]},"properties":{}},{"type":"Feature","geometry":{"type":"MultiLineString","coordinates":[[[-5.75,35.95],[-7.494111,35.910372]],[[-7.494111,35.910372],[-8.190921,35.89454]],[[-8.190921,35.89454],[-8.756874,35.881681]],[[-8.756874,35.881681],[-8.83373,35.879934]],[[-8.83373,35.879934],[-9.104538,35.873781]],[[-9.104538,35.873781],[-10.1424,35.8502],[-12.761203,35.695892]],[[-12.761203,35.695892],[-13.634085,35.644459]],[[-13.634085,35.644459],[-14.5159,35.5925],[-15.507833,35.49799]],[[-15.507833,35.49799],[-18.8537,35.1792],[-20.002089,35.027846]],[[-20.002089,35.027846],[-20.181279,35.004229]],[[-20.181279,35.004229],[-20.665058,34.940469]],[[-20.665058,34.940469],[-22.296367,34.725467]],[[-22.296367,34.725467],[-23.1406,34.6142],[-26.235917,34.092241]],[[-26.235917,34.092241],[-27.3629,33.9022],[-30.001411,33.359698]],[[-30.001411,33.359698],[-31.5096,33.0496],[-32.536445,32.800277]],[[-32.536445,32.800277],[-32.568441,32.792508]],[[-32.568441,32.792508],[-35.5717,32.0633],[-38.980384,31.108508]],[[-38.980384,31.108508],[-39.5427,30.951],[-40.000338,30.805692]],[[-40.000338,30.805692],[-40.573623,30.623665]],[[-40.573623,30.623665],[-42.396653,30.044822]],[[-42.396653,30.044822],[-43.4184,29.7204],[-47.1972,28.3801],[-47.966412,28.078983]],[[-47.966412,28.078983],[-50.000761,27.282614]],[[-50.000761,27.282614],[-50.8793,26.9387],[-54.4666,25.4045],[-54.686707,25.302569]],[[-54.686707,25.302569],[-54.915257,25.196728]],[[-54.915257,25.196728],[-55.238542,25.047015]],[[-55.238542,25.047015],[-57.9624,23.7856],[-58.675784,23.43076]],[[-58.675784,23.43076],[-60.000776,22.771704]],[[-60.000776,22.771704],[-61.3711,22.0901],[-61.771409,21.87783]],[[-61.771409,21.87783],[-64.6983,20.3258],[-65.477608,19.888226]],[[-65.477608,19.888226],[-66.248436,19.455413]],[[-66.248436,19.455413],[-66.317504,19.416632]],[[-66.317504,19.416632],[-66.356176,19.394918]],[[-66.356176,19.394918],[-66.420311,19.358907]],[[-66.420311,19.358907],[-66.461499,19.33578]],[[-66.461499,19.33578],[-66.516722,19.304772]],[[-66.516722,19.304772],[-66.522631,19.301454]],[[-66.522631,19.301454],[-66.661098,19.223707]],[[-66.661098,19.223707],[-66.802353,19.144393]],[[-66.802353,19.144393],[-67.037894,19.012139]],[[-67.037894,19.012139],[-67.95,18.5]]]},"properties":{}},{"type":"Feature","geometry":{"type":"MultiLineString","coordinates":[[[-40,40],[-44.2375,37.6913],[-46.192316,36.486048]],[[-46.192316,36.486048],[-46.240717,36.456206]],[[-46.240717,36.456206],[-48.2133,35.24],[-48.55276,35.006266]],[[-48.55276,35.006266],[-50.001683,34.008615]],[[-50.001683,34.008615],[-51.699014,32.839924]],[[-51.699014,32.839924],[-51.9519,32.6658],[-52.246233,32.44219]],[[-52.246233,32.44219],[-55.346294,30.087016]],[[-55.346294,30.087016],[-55.4786,29.9865],[-56.6607,29.00636]],[[-56.6607,29.00636],[-57.878884,27.996301]],[[-57.878884,27.996301],[-57.951012,27.936496]],[[-57.951012,27.936496],[-58.8184,27.2173],[-60.001076,26.15807]],[[-60.001076,26.15807],[-60.618883,25.604749]],[[-60.618883,25.604749],[-61.9953,24.372],[-63.113598,23.300654]],[[-63.113598,23.300654],[-65.0321,21.4627],[-66.320768,20.154246]],[[-66.320768,20.154246],[-66.441166,20.032]],[[-66.441166,20.032],[-66.504998,19.967188]],[[-66.504998,19.967188],[-66.605655,19.864985]],[[-66.605655,19.864985],[-66.628548,19.841741]],[[-66.628548,19.841741],[-66.667107,19.80259]],[[-66.667107,19.80259],[-66.754064,19.714298]],[[-66.754064,19.714298],[-66.934172,19.531425]],[[-66.934172,19.531425],[-67.057838,19.40586]],[[-67.057838,19.40586],[-67.097137,19.365958]],[[-67.097137,19.365958],[-67.331093,19.128409]],[[-67.331093,19.128409],[-67.95,18.5]]]},"properties":{}},{"type":"Feature","geometry":{"type":"MultiLineString","coordinates":[[[-170,20],[-169.519407,20.509416]],[[-169.519407,20.509416],[-166.115154,24.11783]],[[-166.115154,24.11783],[-165.818966,24.431781]],[[-165.818966,24.431781],[-165.2028,25.0849],[-164.245182,25.989565]],[[-164.245182,25.989565],[-160.363648,29.65646]],[[-160.363648,29.65646],[-160,30]]]},"properties":{}},{"type":"Feature","geometry":{"type":"LineString","coordinates":[[-66.6,17.3],[-67.95,18.5]]},"properties":{}},{"type":"Feature","geometry":{"type":"LineString","coordinates":[[-66.7618,44.2835],[-66.8532,44.2336],[-67.0083,44.2537],[-67.1728,44.2845],[-67.2505,44.2919],[-67.4206,44.2276],[-67.7575,44.0943]]},"properties":{}},{"type":"Feature","geometry":{"type":"LineString","coordinates":[[-66.2625,44.83],[-66.3392,44.6688],[-66.4323,44.4618],[-66.5241,44.4144],[-66.7618,44.2835]]},"properties":{}},{"type":"Feature","geometry":{"type":"MultiLineString","coordinates":[[[-61.9,12],[-63.773623,11.613686]],[[-63.773623,11.613686],[-66.75,11]]]},"properties":{}},{"type":"Feature","geometry":{"type":"MultiLineString","coordinates":[[[-64.35,18.9],[-65.017638,18.432158]],[[-65.017638,18.432158],[-65.7508,17.9184],[-66.6,17.3]]]},"properties":{}},{"type":"Feature","geometry":{"type":"MultiLineString","coordinates":[[[-66.6,17.3],[-66.274325,17.05734]],[[-66.274325,17.05734],[-64.288542,15.577737]],[[-64.288542,15.577737],[-61.5,13.5]]]},"properties":{}},{"type":"Feature","geometry":{"type":"MultiLineString","coordinates":[[[-64.9058,18.3706],[-64.9615,18.4207],[-65.017638,18.432158]],[[-65.017638,18.432158],[-66.1668,18.6667]]]},"properties":{}},{"type":"Feature","geometry":{"type":"LineString","coordinates":[[-60,50],[-66,50]]},"properties":{}},{"type":"Feature","geometry":{"type":"MultiLineString","coordinates":[[[-170,20],[-170.000194,20.693905]],[[-170.000194,20.693905],[-170.0014,25.0017],[-170.001279,25.43283]],[[-170.001279,25.43283],[-170.001146,25.909785]],[[-170.001146,25.909785],[-170.000183,29.345139]],[[-170.000183,29.345139],[-170,30]]]},"properties":{}},{"type":"Feature","geometry":{"type":"LineString","coordinates":[[-64.35,18.9],[-64.6771,18.8628],[-66,18.7]]},"properties":{}},{"type":"Feature","geometry":{"type":"LineString","coordinates":[[-63.9,-43.4],[-65.4,-47.75]]},"properties":{}},{"type":"Feature","geometry":{"type":"LineString","coordinates":[[-64.9058,18.3706],[-64.8063,18.3224],[-64.7325,17.7528]]},"properties":{}},{"type":"Feature","geometry":{"type":"MultiLineString","coordinates":[[[-60,40],[-60.502775,39.236201]],[[-60.502775,39.236201],[-60.823113,38.749556]],[[-60.823113,38.749556],[-62.5177,36.1752],[-64.370232,33.029719]],[[-64.370232,33.029719],[-64.8,32.3]]]},"properties":{}},{"type":"Feature","geometry":{"type":"MultiLineString","coordinates":[[[-64.8,32.3],[-64.254997,32.038853]],[[-64.254997,32.038853],[-64.165786,31.996106]],[[-64.165786,31.996106],[-62.303605,31.103811]],[[-62.303605,31.103811],[-61.320443,30.632712]],[[-61.320443,30.632712],[-60,30]]]},"properties":{}},{"type":"Feature","geometry":{"type":"LineString","coordinates":[[-64.5,61.1],[-53.2,63.6]]},"properties":{}},{"type":"Feature","geometry":{"type":"MultiLineString","coordinates":[[[-170,20],[-167.458138,17.59289]],[[-167.458138,17.59289],[-167.4063,17.5438],[-164.8825,15.0547],[-164.77377,14.953151]],[[-164.77377,14.953151],[-162.51719,12.845604]],[[-162.51719,12.845604],[-162.3675,12.7058],[-161.096466,11.253144]],[[-161.096466,11.253144],[-160,10]]]},"properties":{}},{"type":"Feature","geometry":{"type":"LineString","coordinates":[[-57,54.6],[-60.6748,57.8113],[-64.5,61.1]]},"properties":{}},{"type":"Feature","geometry":{"type":"LineString","coordinates":[[-57.3015,60.082],[-64.5,61.1]]},"properties":{}},{"type":"Feature","geometry":{"type":"MultiLineString","coordinates":[[[-50,60],[-56.592676,60.689983]],[[-56.592676,60.689983],[-57.126,60.7458],[-64.5,61.1]]]},"properties":{}},{"type":"Feature","geometry":{"type":"LineString","coordinates":[[-60,20],[-63.284,19.192],[-64.35,18.9]]},"properties":{}},{"type":"Feature","geometry":{"type":"LineString","coordinates":[[-64.35,18.9],[-63.2727,17.9431],[-62.25,17]]},"properties":{}},{"type":"Feature","geometry":{"type":"MultiLineString","coordinates":[[[-64.2598,-55.9052],[-61.192685,-60.000012]],[[-61.192685,-60.000012],[-59.4984,-62.262]]]},"properties":{}},{"type":"Feature","geometry":{"type":"LineString","coordinates":[[-55,45],[-59.7029,43.7421],[-64.2,42.3]]},"properties":{}},{"type":"Feature","geometry":{"type":"LineString","coordinates":[[-170,30],[-164.9995,30.0935],[-160,30]]},"properties":{}},{"type":"Feature","geometry":{"type":"MultiLineString","coordinates":[[[-60,40],[-62.794754,41.53046]],[[-62.794754,41.53046],[-63.295397,41.804622]],[[-63.295397,41.804622],[-64.2,42.3]]]},"properties":{}},{"type":"Feature","geometry":{"type":"LineString","coordinates":[[-61.25,-39.3],[-63.9,-43.4]]},"properties":{}},{"type":"Feature","geometry":{"type":"MultiLineString","coordinates":[[[-62.5,45.9],[-62.460743,45.931577]],[[-62.460743,45.931577],[-60.2,47.75]]]},"properties":{}},{"type":"Feature","geometry":{"type":"MultiLineString","coordinates":[[[-180,-0.00002],[-177.5237,2.512],[-175.0379,5.0192],[-174.999852,5.057143]],[[-174.999852,5.057143],[-172.5333,7.5169],[-170,10]]]},"properties":{}},{"type":"Feature","geometry":{"type":"LineString","coordinates":[[-62.25,17],[-62.0493,17.2795],[-60,20]]},"properties":{}},{"type":"Feature","geometry":{"type":"MultiLineString","coordinates":[[[-62.25,17],[-62.09406,16.568166]],[[-62.09406,16.568166],[-61.6,15.2]]]},"properties":{}},{"type":"Feature","geometry":{"type":"MultiLineString","coordinates":[[[-61.9374,10.2626],[-61.8055,10.6839]],[[-61.8055,10.6839],[-61.9,12]]]},"properties":{}},{"type":"Feature","geometry":{"type":"LineString","coordinates":[[-61.5,13.5],[-61.9,12]]},"properties":{}},{"type":"Feature","geometry":{"type":"MultiLineString","coordinates":[[[-170,30],[-165.3052,35.1041],[-165.000024,35.385732]],[[-165.000024,35.385732],[-160,40]]]},"properties":{}},{"type":"Feature","geometry":{"type":"LineString","coordinates":[[-61.9,12],[-61,11]]},"properties":{}},{"type":"Feature","geometry":{"type":"LineString","coordinates":[[-61,11],[-61.1027,11.1159],[-61.9,12]]},"properties":{}},{"type":"Feature","geometry":{"type":"MultiLineString","coordinates":[[[-61.6,15.2],[-61.562231,14.557929]],[[-61.562231,14.557929],[-61.5,13.5]]]},"properties":{}},{"type":"Feature","geometry":{"type":"MultiLineString","coordinates":[[[-61.5,13.5],[-59.945647,13.087647]],[[-59.945647,13.087647],[-59.5983,12.9955],[-58.930342,12.787039]],[[-58.930342,12.787039],[-57.943113,12.478938]],[[-57.943113,12.478938],[-50,10]]]},"properties":{}},{"type":"Feature","geometry":{"type":"MultiLineString","coordinates":[[[-61.25,-39.3],[-60.679,-44.654],[-60.386318,-46.95839]],[[-60.386318,-46.95839],[-60.181071,-48.574367]],[[-60.181071,-48.574367],[-60,-50]]]},"properties":{}},{"type":"Feature","geometry":{"type":"MultiLineString","coordinates":[[[-61.25,-39.3],[-55.654,-39.7845],[-53.019664,-39.884907]],[[-53.019664,-39.884907],[-51.105622,-39.95786]],[[-51.105622,-39.95786],[-50,-40]]]},"properties":{}},{"type":"Feature","geometry":{"type":"MultiLineString","coordinates":[[[-61,11],[-58.451251,12.233099]],[[-58.451251,12.233099],[-57.943113,12.478938]],[[-57.943113,12.478938],[-54.110348,14.333251]],[[-54.110348,14.333251],[-51.665217,15.516218]],[[-51.665217,15.516218],[-50.000589,16.321574]],[[-50.000589,16.321574],[-47.429298,17.565578]],[[-47.429298,17.565578],[-46.036889,18.239233]],[[-46.036889,18.239233],[-44.1395,19.1572],[-42.313686,20.032024]],[[-42.313686,20.032024],[-40.74103,20.785549]],[[-40.74103,20.785549],[-40.000319,21.140455]],[[-40.000319,21.140455],[-38.036247,22.081524]],[[-38.036247,22.081524],[-33.85392,24.085452]],[[-33.85392,24.085452],[-30.00114,25.93148]],[[-30.00114,25.93148],[-28.9344,26.4426],[-26.469271,27.424137]],[[-26.469271,27.424137],[-20,30]]]},"properties":{}},{"type":"Feature","geometry":{"type":"MultiLineString","coordinates":[[[-50,20],[-53.277398,17.352874]],[[-53.277398,17.352874],[-55.440905,15.605427]],[[-55.440905,15.605427],[-58.930342,12.787039]],[[-58.930342,12.787039],[-59.133295,12.623116]],[[-59.133295,12.623116],[-59.3636,12.4371],[-59.714,12.1364],[-61,11]]]},"properties":{}},{"type":"Feature","geometry":{"type":"LineString","coordinates":[[-57.9,7],[-61,11]]},"properties":{}},{"type":"Feature","geometry":{"type":"LineString","coordinates":[[-57.9,7],[-57.9356,7.049],[-61,11]]},"properties":{}},{"type":"Feature","geometry":{"type":"LineString","coordinates":[[-170,30],[-170.0021,35.002],[-170,40]]},"properties":{}},{"type":"Feature","geometry":{"type":"LineString","coordinates":[[-51.9,5.4],[-56.4243,8.2122],[-61,11]]},"properties":{}},{"type":"Feature","geometry":{"type":"MultiLineString","coordinates":[[[-61,11],[-55.547019,10.55093]],[[-55.547019,10.55093],[-55.4908,10.5463],[-50,10]]]},"properties":{}},{"type":"Feature","geometry":{"type":"LineString","coordinates":[[-60.5,-33],[-58.4,-34.2]]},"properties":{}},{"type":"Feature","geometry":{"type":"LineString","coordinates":[[-60.5,-33],[-58.5695,-34.0974],[-58.4,-34.2]]},"properties":{}},{"type":"Feature","geometry":{"type":"LineString","coordinates":[[-59.3,46.1],[-60.2173,45.2835]]},"properties":{}},{"type":"Feature","geometry":{"type":"LineString","coordinates":[[-60.2,47.75],[-60,50]]},"properties":{}},{"type":"Feature","geometry":{"type":"LineString","coordinates":[[-59.3,46.1],[-60.2,47.75]]},"properties":{}},{"type":"Feature","geometry":{"type":"LineString","coordinates":[[-60.2,47.75],[-54,46.1]]},"properties":{}},{"type":"Feature","geometry":{"type":"LineString","coordinates":[[-50,-60],[-60,-60]]},"properties":{}},{"type":"Feature","geometry":{"type":"MultiLineString","coordinates":[[[-50,-50],[-51.886713,-52.201057]],[[-51.886713,-52.201057],[-54.3743,-55.1031],[-60,-60]]]},"properties":{}},{"type":"Feature","geometry":{"type":"MultiLineString","coordinates":[[[-170,30],[-169.125011,29.399514]],[[-169.125011,29.399514],[-166.8029,27.8059],[-164.245182,25.989565]],[[-164.245182,25.989565],[-163.6921,25.5968],[-160.652,23.3817],[-157.67,21.1667]]]},"properties":{}},{"type":"Feature","geometry":{"type":"LineString","coordinates":[[-57.6,-51.5],[-60,-50]]},"properties":{}},{"type":"Feature","geometry":{"type":"LineString","coordinates":[[-60,-50],[-57.8319,-51.3419],[-57.6,-51.5]]},"properties":{}},{"type":"Feature","geometry":{"type":"MultiLineString","coordinates":[[[-50,20],[-54.9996,20.0692],[-55.637626,20.06037]],[[-55.637626,20.06037],[-55.678431,20.059806]],[[-55.678431,20.059806],[-60,20]]]},"properties":{}},{"type":"Feature","geometry":{"type":"MultiLineString","coordinates":[[[-60,20],[-57.746641,22.388498]],[[-57.746641,22.388498],[-55.238542,25.047015]],[[-55.238542,25.047015],[-55.2028,25.0849],[-54.999844,25.276633]],[[-54.999844,25.276633],[-54.840663,25.427012]],[[-54.840663,25.427012],[-50,30]]]},"properties":{}},{"type":"Feature","geometry":{"type":"MultiLineString","coordinates":[[[-60,20],[-60.000776,22.771704]],[[-60.000776,22.771704],[-60.001376,24.914246]],[[-60.001376,24.914246],[-60.0014,25.0017],[-60.001076,26.15807]],[[-60.001076,26.15807],[-60.000372,28.671926]],[[-60.000372,28.671926],[-60.000119,29.576705]],[[-60.000119,29.576705],[-60,30]]]},"properties":{}},{"type":"Feature","geometry":{"type":"MultiLineString","coordinates":[[[-50,10],[-52.3682,12.7055],[-54.110348,14.333251]],[[-54.110348,14.333251],[-54.8825,15.0547],[-55.440905,15.605427]],[[-55.440905,15.605427],[-57.4063,17.5438],[-58.392543,18.477759]],[[-58.392543,18.477759],[-60,20]]]},"properties":{}},{"type":"Feature","geometry":{"type":"MultiLineString","coordinates":[[[-60,30],[-55.346294,30.087016]],[[-55.346294,30.087016],[-54.9995,30.0935],[-50,30]]]},"properties":{}},{"type":"Feature","geometry":{"type":"MultiLineString","coordinates":[[[-50,40],[-55.000024,35.385732]],[[-55.000024,35.385732],[-55.3052,35.1041],[-55.856709,34.50451]],[[-55.856709,34.50451],[-55.861059,34.499781]],[[-55.861059,34.499781],[-57.742406,32.454415]],[[-57.742406,32.454415],[-57.765496,32.429312]],[[-57.765496,32.429312],[-60,30]]]},"properties":{}},{"type":"Feature","geometry":{"type":"MultiLineString","coordinates":[[[-60,40],[-60.000277,39.340575]],[[-60.000277,39.340575],[-60.000346,39.176278]],[[-60.000346,39.176278],[-60.0021,35.002],[-60.001402,33.339732]],[[-60.001402,33.339732],[-60.000956,32.278004]],[[-60.000956,32.278004],[-60.000749,31.784301]],[[-60.000749,31.784301],[-60,30]]]},"properties":{}},{"type":"Feature","geometry":{"type":"MultiLineString","coordinates":[[[-50,20],[-52.018301,22.139555]],[[-52.018301,22.139555],[-54.7955,25.0836],[-54.915257,25.196728]],[[-54.915257,25.196728],[-54.999844,25.276633]],[[-54.999844,25.276633],[-57.046567,27.210057]],[[-57.046567,27.210057],[-57.878884,27.996301]],[[-57.878884,27.996301],[-58.728888,28.799252]],[[-58.728888,28.799252],[-60,30]]]},"properties":{}},{"type":"Feature","geometry":{"type":"LineString","coordinates":[[-170,40],[-164.9996,40.1067],[-160,40]]},"properties":{}},{"type":"Feature","geometry":{"type":"MultiLineString","coordinates":[[[-60,40],[-58.343989,40.035336]],[[-58.343989,40.035336],[-54.9996,40.1067],[-54.57348,40.097606]],[[-54.57348,40.097606],[-50,40]]]},"properties":{}},{"type":"Feature","geometry":{"type":"MultiLineString","coordinates":[[[-60,40],[-59.428691,39.472763]],[[-59.428691,39.472763],[-59.416783,39.461773]],[[-59.416783,39.461773],[-55.000024,35.385732]],[[-55.000024,35.385732],[-54.6929,35.1023],[-54.557284,34.954854]],[[-54.557284,34.954854],[-54.450619,34.838883]],[[-54.450619,34.838883],[-53.598858,33.912816]],[[-53.598858,33.912816],[-52.558544,32.781746]],[[-52.558544,32.781746],[-52.246233,32.44219]],[[-52.246233,32.44219],[-50,30]]]},"properties":{}},{"type":"Feature","geometry":{"type":"LineString","coordinates":[[-60,50],[-54,52.5]]},"properties":{}},{"type":"Feature","geometry":{"type":"LineString","coordinates":[[-55,45],[-59.3,46.1]]},"properties":{}},{"type":"Feature","geometry":{"type":"LineString","coordinates":[[-58.4,-34.2],[-56.5,-35.1]]},"properties":{}},{"type":"Feature","geometry":{"type":"LineString","coordinates":[[-56.5,-35.1],[-58.3775,-34.21],[-58.4,-34.2]]},"properties":{}},{"type":"Feature","geometry":{"type":"LineString","coordinates":[[-55.4,6.1],[-57.9,7]]},"properties":{}},{"type":"Feature","geometry":{"type":"LineString","coordinates":[[-57.6,-51.5],[-50,-50]]},"properties":{}},{"type":"Feature","geometry":{"type":"MultiLineString","coordinates":[[[-57.6,-51.5],[-51.886713,-52.201057]],[[-51.886713,-52.201057],[-49.997909,-52.432825]],[[-49.997909,-52.432825],[-47.352681,-52.757412]],[[-47.352681,-52.757412],[-42.83843,-53.311339]],[[-42.83843,-53.311339],[-39.996854,-53.660019]],[[-39.996854,-53.660019],[-35.804931,-54.174394]],[[-35.804931,-54.174394],[-35.0209,-54.2706]]]},"properties":{}},{"type":"Feature","geometry":{"type":"MultiLineString","coordinates":[[[-57.3015,60.082],[-56.592676,60.689983]],[[-56.592676,60.689983],[-53.2,63.6]]]},"properties":{}},{"type":"Feature","geometry":{"type":"LineString","coordinates":[[-54.6,-35.25],[-57.1,-38.25]]},"properties":{}},{"type":"Feature","geometry":{"type":"LineString","coordinates":[[-54,52.5],[-57,54.6]]},"properties":{}},{"type":"Feature","geometry":{"type":"LineString","coordinates":[[-56.5,-35.1],[-54.6,-35.25]]},"properties":{}},{"type":"Feature","geometry":{"type":"LineString","coordinates":[[-56.5,-35.1],[-56.0698,-35.1252],[-54.6,-35.25]]},"properties":{}},{"type":"Feature","geometry":{"type":"MultiLineString","coordinates":[[[-40,40],[-47.269862,37.48047]],[[-47.269862,37.48047],[-50.001456,36.533776]],[[-50.001456,36.533776],[-54.557284,34.954854]],[[-54.557284,34.954854],[-55.856709,34.50451]],[[-55.856709,34.50451],[-55.8778,34.4972]]]},"properties":{}},{"type":"Feature","geometry":{"type":"LineString","coordinates":[[-51.9,5.4],[-55.4,6.1]]},"properties":{}},{"type":"Feature","geometry":{"type":"MultiLineString","coordinates":[[[-51.9,5.4],[-52.2558,5.4794],[-53.952009,5.814197]],[[-53.952009,5.814197],[-55.4,6.1]]]},"properties":{}},{"type":"Feature","geometry":{"type":"MultiLineString","coordinates":[[[-55.4,6.1],[-55.1445,6.0549],[-53.952009,5.814197]],[[-53.952009,5.814197],[-51.9,5.4]]]},"properties":{}},{"type":"Feature","geometry":{"type":"MultiLineString","coordinates":[[[-55,45],[-50.002066,46.558558]],[[-50.002066,46.558558],[-49.6649,46.6637],[-47.121001,47.29537]],[[-47.121001,47.29537],[-44.0207,48.0652],[-41.658626,48.508366]],[[-41.658626,48.508366],[-40.000709,48.819419]],[[-40.000709,48.819419],[-38.952623,49.016058]],[[-38.952623,49.016058],[-38.0964,49.1767],[-31.9411,49.9736],[-31.580914,50]],[[-31.580914,50],[-30.170671,50.103364]],[[-30.170671,50.103364],[-30.103901,50.108258]],[[-30.103901,50.108258],[-30.0001,50.115866]],[[-30.0001,50.115866],[-29.894016,50.123642]],[[-29.894016,50.123642],[-25.6242,50.4366],[-20.509014,50.530446]],[[-20.509014,50.530446],[-20.000464,50.539776]],[[-20.000464,50.539776],[-19.529903,50.548409]],[[-19.529903,50.548409],[-19.2306,50.5539],[-16.72313,50.463036]],[[-16.72313,50.463036],[-15.602269,50.422419]],[[-15.602269,50.422419],[-12.8532,50.3228],[-11.780343,50.224787]],[[-11.780343,50.224787],[-10.957974,50.149658]],[[-10.957974,50.149658],[-10.709054,50.126917]],[[-10.709054,50.126917],[-6.693996,49.760113]],[[-6.693996,49.760113],[-6.5833,49.75]]]},"properties":{}},{"type":"Feature","geometry":{"type":"LineString","coordinates":[[-55,45],[-54,46.1]]},"properties":{}},{"type":"Feature","geometry":{"type":"MultiLineString","coordinates":[[[-50,40],[-50.587452,40.587452]],[[-50.587452,40.587452],[-52.59634,42.59634]],[[-52.59634,42.59634],[-52.613022,42.613022]],[[-52.613022,42.613022],[-55,45]]]},"properties":{}},{"type":"Feature","geometry":{"type":"LineString","coordinates":[[-54.2,69],[-51.1927,69.2139],[-51.808,69.8591],[-53.1263,70.2415],[-54.3348,70.4116],[-54.7303,70.6896]]},"properties":{}},{"type":"Feature","geometry":{"type":"MultiLineString","coordinates":[[[-43.3899,-26.9419],[-43.397571,-26.948181]],[[-43.397571,-26.948181],[-47.657439,-30.436151]],[[-47.657439,-30.436151],[-48.740391,-31.32287]],[[-48.740391,-31.32287],[-49.574001,-32.005427]],[[-49.574001,-32.005427],[-49.912621,-32.282688]],[[-49.912621,-32.282688],[-51.3026,-33.4208],[-54.6,-35.25]]]},"properties":{}},{"type":"Feature","geometry":{"type":"LineString","coordinates":[[-51.8,-32.2],[-54.6,-35.25]]},"properties":{}},{"type":"Feature","geometry":{"type":"MultiLineString","coordinates":[[[-54.6,-35.25],[-51.62529,-38.321711]],[[-51.62529,-38.321711],[-50.621291,-39.35845]],[[-50.621291,-39.35845],[-50,-40]]]},"properties":{}},{"type":"Feature","geometry":{"type":"LineString","coordinates":[[-54.6,50],[-54,52.5]]},"properties":{}},{"type":"Feature","geometry":{"type":"LineString","coordinates":[[-54.6,50],[-52.5,49.6]]},"properties":{}},{"type":"Feature","geometry":{"type":"LineString","coordinates":[[-53.2,63.6],[-54.2,69]]},"properties":{}},{"type":"Feature","geometry":{"type":"LineString","coordinates":[[-53.2,63.6],[-53.2878,64.0955],[-54.2,69]]},"properties":{}},{"type":"Feature","geometry":{"type":"LineString","coordinates":[[-54,46.1],[-52.7,46.8]]},"properties":{}},{"type":"Feature","geometry":{"type":"LineString","coordinates":[[-54,52.5],[-50,50]]},"properties":{}},{"type":"Feature","geometry":{"type":"MultiLineString","coordinates":[[[-160,30],[-164.6929,35.1023],[-165.000024,35.385732]],[[-165.000024,35.385732],[-170,40]]]},"properties":{}},{"type":"Feature","geometry":{"type":"LineString","coordinates":[[-50,60],[-53.2,63.6]]},"properties":{}},{"type":"Feature","geometry":{"type":"MultiLineString","coordinates":[[[-52.7,46.8],[-50.001453,47.578566]],[[-50.001453,47.578566],[-48.028405,48.147816]],[[-48.028405,48.147816],[-46.5495,48.5745],[-40,50]]]},"properties":{}},{"type":"Feature","geometry":{"type":"MultiLineString","coordinates":[[[-52.7,46.8],[-50.001043,48.263206]],[[-50.001043,48.263206],[-48.828117,48.899093]],[[-48.828117,48.899093],[-48.293,49.1892],[-46.515249,50]],[[-46.515249,50],[-43.459,51.3939],[-41.89827,51.979306]],[[-41.89827,51.979306],[-40.002313,52.690451]],[[-40.002313,52.690451],[-38.1634,53.3802]],[[-38.1634,53.3802],[-36.736047,53.807684]],[[-36.736047,53.807684],[-36.435655,53.89765]],[[-36.435655,53.89765],[-34.342459,54.524551]],[[-34.342459,54.524551],[-32.387,55.1102],[-30.003737,55.657007]],[[-30.003737,55.657007],[-26.35425,56.494332]],[[-26.35425,56.494332],[-26.1369,56.5442],[-23.465597,56.983365]],[[-23.465597,56.983365],[-20.002106,57.552768]],[[-20.002106,57.552768],[-19.4569,57.6424],[-18.941948,57.695725]],[[-18.941948,57.695725],[-17.704327,57.823884]],[[-17.704327,57.823884],[-16.516959,57.946839]],[[-16.516959,57.946839],[-12.4344,58.3696],[-11.932343,58.392529]],[[-11.932343,58.392529],[-11.841927,58.396659]],[[-11.841927,58.396659],[-10.1362,58.47456]],[[-10.1362,58.47456],[-8.637027,58.543029]],[[-8.637027,58.543029],[-6.489458,58.64111]],[[-6.489458,58.64111],[-5.723212,58.676105]],[[-5.723212,58.676105],[-5.722863,58.67612]],[[-5.722863,58.67612],[-5.720463,58.67623]],[[-5.720463,58.67623],[-5.2,58.7]]]},"properties":{}},{"type":"Feature","geometry":{"type":"LineString","coordinates":[[-52.7,46.8],[-50,50]]},"properties":{}},{"type":"Feature","geometry":{"type":"LineString","coordinates":[[-52.7,46.8],[-52.5,47.7]]},"properties":{}},{"type":"Feature","geometry":{"type":"LineString","coordinates":[[-52.5,49.6],[-52.5,47.7]]},"properties":{}},{"type":"Feature","geometry":{"type":"LineString","coordinates":[[-52.5,49.6],[-50,50]]},"properties":{}},{"type":"Feature","geometry":{"type":"MultiLineString","coordinates":[[[-51.9,5.4],[-50.90855,7.800354]],[[-50.90855,7.800354],[-50,10]]]},"properties":{}},{"type":"Feature","geometry":{"type":"LineString","coordinates":[[-48,-0.00001],[-51.9,5.4]]},"properties":{}},{"type":"Feature","geometry":{"type":"MultiLineString","coordinates":[[[-51.9,5.4],[-48.44,3.2798],[-46.399027,2.021526]],[[-46.399027,2.021526],[-44.9917,1.1539],[-43.123942,-0.00002]],[[-43.123942,-0.00002],[-42.984139,-0.086392]],[[-42.984139,-0.086392],[-42.781385,-0.211655]],[[-42.781385,-0.211655],[-41.5476,-0.9739],[-38.1,-3.1]]]},"properties":{}},{"type":"Feature","geometry":{"type":"LineString","coordinates":[[-51.8,-32.2],[-49.5,-30.5]]},"properties":{}},{"type":"Feature","geometry":{"type":"MultiLineString","coordinates":[[[18,-35],[10.00197,-34.691301]],[[10.00197,-34.691301],[5.832905,-34.530388]],[[5.832905,-34.530388],[4.105558,-34.463718]],[[4.105558,-34.463718],[0.001809,-34.305326]],[[0.001809,-34.305326],[-3.824247,-34.157653]],[[-3.824247,-34.157653],[-6.262509,-34.063543]],[[-6.262509,-34.063543],[-9.998355,-33.919351]],[[-9.998355,-33.919351],[-13.481403,-33.784917]],[[-13.481403,-33.784917],[-16.630574,-33.663369]],[[-16.630574,-33.663369],[-19.998517,-33.533377]],[[-19.998517,-33.533377],[-23.138557,-33.412181]],[[-23.138557,-33.412181],[-26.998639,-33.263194]],[[-26.998639,-33.263194],[-29.998679,-33.147402]],[[-29.998679,-33.147402],[-31.4833,-33.0901],[-32.847948,-33.030313]],[[-32.847948,-33.030313],[-37.377526,-32.831867]],[[-37.377526,-32.831867],[-39.99901,-32.717016]],[[-39.99901,-32.717016],[-42.456436,-32.609353]],[[-42.456436,-32.609353],[-45.304047,-32.484596]],[[-45.304047,-32.484596],[-47.05551,-32.407862]],[[-47.05551,-32.407862],[-47.767611,-32.376664]],[[-47.767611,-32.376664],[-49.588329,-32.296896]],[[-49.588329,-32.296896],[-49.912621,-32.282688]],[[-49.912621,-32.282688],[-51.8,-32.2]]]},"properties":{}},{"type":"Feature","geometry":{"type":"LineString","coordinates":[[-40,-60],[-50,-60]]},"properties":{}},{"type":"Feature","geometry":{"type":"MultiLineString","coordinates":[[[-50,-60],[-44.750144,-55.430254]],[[-44.750144,-55.430254],[-44.3743,-55.1031],[-42.83843,-53.311339]],[[-42.83843,-53.311339],[-40,-50]]]},"properties":{}},{"type":"Feature","geometry":{"type":"MultiLineString","coordinates":[[[-50,-60],[-49.9957,-55.0021],[-49.997909,-52.432825]],[[-49.997909,-52.432825],[-50,-50]]]},"properties":{}},{"type":"Feature","geometry":{"type":"LineString","coordinates":[[-40,-50],[-50,-50]]},"properties":{}},{"type":"Feature","geometry":{"type":"MultiLineString","coordinates":[[[-50,-50],[-49.997084,-45.14195]],[[-49.997084,-45.14195],[-49.997,-45.0022],[-50,-40]]]},"properties":{}},{"type":"Feature","geometry":{"type":"MultiLineString","coordinates":[[[-40,-60],[-44.750144,-55.430254]],[[-44.750144,-55.430254],[-45.2268,-54.9717],[-47.352681,-52.757412]],[[-47.352681,-52.757412],[-50,-50]]]},"properties":{}},{"type":"Feature","geometry":{"type":"LineString","coordinates":[[-166.2571,64.5886],[-169.1182,64.7804]]},"properties":{}},{"type":"Feature","geometry":{"type":"MultiLineString","coordinates":[[[-49.5,-30.5],[-49.574001,-32.005427]],[[-49.574001,-32.005427],[-49.588329,-32.296896]],[[-49.588329,-32.296896],[-49.7336,-35.2522],[-49.73612,-35.297112]],[[-49.73612,-35.297112],[-49.777768,-36.039374]],[[-49.777768,-36.039374],[-49.914953,-38.484283]],[[-49.914953,-38.484283],[-50,-40]]]},"properties":{}},{"type":"Feature","geometry":{"type":"MultiLineString","coordinates":[[[-40,-50],[-45.2843,-45.0323]],[[-45.2843,-45.0323],[-50,-40]]]},"properties":{}},{"type":"Feature","geometry":{"type":"LineString","coordinates":[[-40,-40],[-45.0004,-40.1068],[-50,-40]]},"properties":{}},{"type":"Feature","geometry":{"type":"MultiLineString","coordinates":[[[-40,10],[-44.9998,10.0367],[-46.847234,10.02314]],[[-46.847234,10.02314],[-50,10]]]},"properties":{}},{"type":"Feature","geometry":{"type":"MultiLineString","coordinates":[[[-50,10],[-48.346186,11.736433]],[[-48.346186,11.736433],[-47.5819,12.5389],[-45.1163,15.0555],[-44.999803,15.17039]],[[-44.999803,15.17039],[-43.776444,16.37688]],[[-43.776444,16.37688],[-42.5927,17.5443],[-40,20]]]},"properties":{}},{"type":"Feature","geometry":{"type":"LineString","coordinates":[[-168.5956,61.7786],[-168.8584,60.482]]},"properties":{}},{"type":"Feature","geometry":{"type":"MultiLineString","coordinates":[[[-50,10],[-50.000579,13.620255]],[[-50.000579,13.620255],[-50.0008,15.0011],[-50.000589,16.321574]],[[-50.000589,16.321574],[-50,20]]]},"properties":{}},{"type":"Feature","geometry":{"type":"MultiLineString","coordinates":[[[-40,-0.00002],[-41.320869,1.339903]],[[-41.320869,1.339903],[-41.712631,1.737317]],[[-41.712631,1.737317],[-42.4761,2.5118],[-42.878362,2.917574]],[[-42.878362,2.917574],[-44.441025,4.49388]],[[-44.441025,4.49388],[-44.9616,5.019],[-47.4664,7.5167],[-50,10]]]},"properties":{}},{"type":"Feature","geometry":{"type":"MultiLineString","coordinates":[[[-40,20],[-42.313686,20.032024]],[[-42.313686,20.032024],[-44.9996,20.0692],[-48.21318,20.024728]],[[-48.21318,20.024728],[-50,20]]]},"properties":{}},{"type":"Feature","geometry":{"type":"MultiLineString","coordinates":[[[-50,20],[-49.207335,20.840203]],[[-49.207335,20.840203],[-45.2028,25.0849],[-44.999844,25.276633]],[[-44.999844,25.276633],[-44.644653,25.612183]],[[-44.644653,25.612183],[-40,30]]]},"properties":{}},{"type":"Feature","geometry":{"type":"MultiLineString","coordinates":[[[-50,20],[-50.000417,21.489805]],[[-50.000417,21.489805],[-50.000895,23.197331]],[[-50.000895,23.197331],[-50.0014,25.0017],[-50.000761,27.282614]],[[-50.000761,27.282614],[-50,30]]]},"properties":{}},{"type":"Feature","geometry":{"type":"LineString","coordinates":[[-168.8584,60.482],[-168.5744,59.0421]]},"properties":{}},{"type":"Feature","geometry":{"type":"MultiLineString","coordinates":[[[-40,10],[-42.3674,12.7058],[-44.8825,15.0547],[-44.999803,15.17039]],[[-44.999803,15.17039],[-47.4063,17.5438],[-47.429298,17.565578]],[[-47.429298,17.565578],[-50,20]]]},"properties":{}},{"type":"Feature","geometry":{"type":"MultiLineString","coordinates":[[[-40,30],[-42.396653,30.044822]],[[-42.396653,30.044822],[-44.9995,30.0935],[-50,30]]]},"properties":{}},{"type":"Feature","geometry":{"type":"MultiLineString","coordinates":[[[-50,30],[-41.28549,31.397634]],[[-41.28549,31.397634],[-40.000673,31.603693]],[[-40.000673,31.603693],[-38.269531,31.881334]],[[-38.269531,31.881334],[-32.570981,32.795268]],[[-32.570981,32.795268],[-32.5421,32.7999],[-32.536445,32.800277]],[[-32.536445,32.800277],[-30.001247,32.969075]],[[-30.001247,32.969075],[-27.09077,33.162861]],[[-27.09077,33.162861],[-21.534359,33.532819]],[[-21.534359,33.532819],[-20.001526,33.634878]],[[-20.001526,33.634878],[-18.198304,33.754941]],[[-18.198304,33.754941],[-18.1869,33.7557],[-17.858566,33.813629]],[[-17.858566,33.813629],[-16.355577,34.078809]],[[-16.355577,34.078809],[-15.415836,34.244612]],[[-15.415836,34.244612],[-13.125687,34.648673]],[[-13.125687,34.648673],[-9.02574,35.372046]],[[-9.02574,35.372046],[-8.571778,35.452141]],[[-8.571778,35.452141],[-8.53016,35.459483]],[[-8.53016,35.459483],[-8.174699,35.522199]],[[-8.174699,35.522199],[-7.657145,35.613514]],[[-7.657145,35.613514],[-5.75,35.95]]]},"properties":{}},{"type":"Feature","geometry":{"type":"MultiLineString","coordinates":[[[-40,40],[-43.434559,36.83042]],[[-43.434559,36.83042],[-44.932205,35.448318]],[[-44.932205,35.448318],[-45.000024,35.385732]],[[-45.000024,35.385732],[-45.3052,35.1041],[-47.101586,33.151102]],[[-47.101586,33.151102],[-50,30]]]},"properties":{}},{"type":"Feature","geometry":{"type":"MultiLineString","coordinates":[[[-50,40],[-50.001456,36.533776]],[[-50.001456,36.533776],[-50.001783,35.756059]],[[-50.001783,35.756059],[-50.0021,35.0021],[-50.002027,34.829318]],[[-50.002027,34.829318],[-50.001683,34.008615]],[[-50.001683,34.008615],[-50.001241,32.954838]],[[-50.001241,32.954838],[-50,30]]]},"properties":{}},{"type":"Feature","geometry":{"type":"MultiLineString","coordinates":[[[-40,20],[-40.74103,20.785549]],[[-40.74103,20.785549],[-44.7955,25.0836],[-44.999844,25.276633]],[[-44.999844,25.276633],[-45.125544,25.395374]],[[-45.125544,25.395374],[-47.966412,28.078983]],[[-47.966412,28.078983],[-50,30]]]},"properties":{}},{"type":"Feature","geometry":{"type":"LineString","coordinates":[[-180,-0.00002],[-180,10]]},"properties":{}},{"type":"Feature","geometry":{"type":"MultiLineString","coordinates":[[[-165.6333,61.8833],[-166.299707,61.859746]],[[-166.299707,61.859746],[-167.247387,61.826251]],[[-167.247387,61.826251],[-168.5956,61.7786]]]},"properties":{}},{"type":"Feature","geometry":{"type":"LineString","coordinates":[[-40,40],[-44.9996,40.1067],[-50,40]]},"properties":{}},{"type":"Feature","geometry":{"type":"MultiLineString","coordinates":[[[-50,40],[-49.417076,40.652855]],[[-49.417076,40.652855],[-47.493255,42.807466]],[[-47.493255,42.807466],[-45.437,45.1104],[-45.319011,45.21651]],[[-45.319011,45.21651],[-45.109081,45.405304]],[[-45.109081,45.405304],[-41.658626,48.508366]],[[-41.658626,48.508366],[-40,50]]]},"properties":{}},{"type":"Feature","geometry":{"type":"MultiLineString","coordinates":[[[-50,40],[-50.000372,40.620259]],[[-50.000372,40.620259],[-50.001652,42.754804]],[[-50.001652,42.754804],[-50.002169,43.617284]],[[-50.002169,43.617284],[-50.003,45.0022],[-50.002066,46.558558]],[[-50.002066,46.558558],[-50.001453,47.578566]],[[-50.001453,47.578566],[-50.001043,48.263206]],[[-50.001043,48.263206],[-50,50]]]},"properties":{}},{"type":"Feature","geometry":{"type":"MultiLineString","coordinates":[[[-50,40],[-47.269862,37.48047]],[[-47.269862,37.48047],[-46.192316,36.486048]],[[-46.192316,36.486048],[-46.170173,36.465614]],[[-46.170173,36.465614],[-45.051994,35.433693]],[[-45.051994,35.433693],[-45.000024,35.385732]],[[-45.000024,35.385732],[-44.6929,35.1023],[-43.144603,33.418932]],[[-43.144603,33.418932],[-41.28549,31.397634]],[[-41.28549,31.397634],[-40.573623,30.623665]],[[-40.573623,30.623665],[-40,30]]]},"properties":{}},{"type":"Feature","geometry":{"type":"MultiLineString","coordinates":[[[-40,50],[-46.515249,50]],[[-46.515249,50],[-50,50]]]},"properties":{}},{"type":"Feature","geometry":{"type":"LineString","coordinates":[[-168.2719,62.4714],[-168.5956,61.7786]]},"properties":{}},{"type":"Feature","geometry":{"type":"MultiLineString","coordinates":[[[-23.5,64.1],[-27.504629,62.740016]],[[-27.504629,62.740016],[-32.2031,61.1444],[-32.728814,60.891963]],[[-32.728814,60.891963],[-32.728816,60.891962]],[[-32.728816,60.891962],[-34.586379,60]],[[-34.586379,60],[-38.197172,58.266174]],[[-38.197172,58.266174],[-39.3167,57.7286],[-40.002333,57.288566]],[[-40.002333,57.288566],[-40.989017,56.65532]],[[-40.989017,56.65532],[-44.327777,54.512529]],[[-44.327777,54.512529],[-45.1527,53.9831],[-46.591543,52.800781]],[[-46.591543,52.800781],[-50,50]]]},"properties":{}},{"type":"Feature","geometry":{"type":"MultiLineString","coordinates":[[[-40,60],[-42.671671,57.674392]],[[-42.671671,57.674392],[-45.24735,55.432342]],[[-45.24735,55.432342],[-45.6257,55.103],[-47.662265,52.727171]],[[-47.662265,52.727171],[-50,50]]]},"properties":{}},{"type":"Feature","geometry":{"type":"MultiLineString","coordinates":[[[-50,60],[-50.0043,55.0021],[-50.002244,52.610773]],[[-50.002244,52.610773],[-50,50]]]},"properties":{}},{"type":"Feature","geometry":{"type":"MultiLineString","coordinates":[[[-40,40],[-40.951,41.015608]],[[-40.951,41.015608],[-42.618304,42.796183]],[[-42.618304,42.796183],[-44.7132,45.0334],[-45.015812,45.317684]],[[-45.015812,45.317684],[-45.109081,45.405304]],[[-45.109081,45.405304],[-47.121001,47.29537]],[[-47.121001,47.29537],[-48.028405,48.147816]],[[-48.028405,48.147816],[-48.828117,48.899093]],[[-48.828117,48.899093],[-50,50]]]},"properties":{}},{"type":"Feature","geometry":{"type":"MultiLineString","coordinates":[[[-50,60],[-45.24735,55.432342]],[[-45.24735,55.432342],[-44.7693,54.9729],[-44.327777,54.512529]],[[-44.327777,54.512529],[-42.927683,53.052664]],[[-42.927683,53.052664],[-41.89827,51.979306]],[[-41.89827,51.979306],[-40,50]]]},"properties":{}},{"type":"Feature","geometry":{"type":"MultiLineString","coordinates":[[[-165.2717,60.5522],[-165.3898,60.3758]],[[-165.3898,60.3758],[-165.2762,60.0902],[-165.2246,59.8046]],[[-165.2246,59.8046],[-165.813,59.545],[-168.5744,59.0421]]]},"properties":{}},{"type":"Feature","geometry":{"type":"LineString","coordinates":[[-50,60],[-44.2,58.6]]},"properties":{}},{"type":"Feature","geometry":{"type":"MultiLineString","coordinates":[[[-40,-30],[-43.780041,-30.267245]],[[-43.780041,-30.267245],[-44.7384,-30.335],[-45.630023,-30.365897]],[[-45.630023,-30.365897],[-47.657439,-30.436151]],[[-47.657439,-30.436151],[-49.5,-30.5]]]},"properties":{}},{"type":"Feature","geometry":{"type":"LineString","coordinates":[[-47.9,-27.8],[-49.5,-30.5]]},"properties":{}},{"type":"Feature","geometry":{"type":"MultiLineString","coordinates":[[[-40,10],[-43.280149,5.940813]],[[-43.280149,5.940813],[-44.0303,5.0125],[-44.441025,4.49388]],[[-44.441025,4.49388],[-44.76997,4.078524]],[[-44.76997,4.078524],[-46.399027,2.021526]],[[-46.399027,2.021526],[-48,-0.00001]]]},"properties":{}},{"type":"Feature","geometry":{"type":"LineString","coordinates":[[-168,60],[-168.5744,59.0421]]},"properties":{}},{"type":"Feature","geometry":{"type":"LineString","coordinates":[[-43.9,-1.4],[-48,-0.00001]]},"properties":{}},{"type":"Feature","geometry":{"type":"MultiLineString","coordinates":[[[-48,-0.00001],[-44,-0.00002],[-43.123942,-0.00002]],[[-43.123942,-0.00002],[-42.92392,-0.00002]],[[-42.92392,-0.00002],[-42.582168,-0.00002]],[[-42.582168,-0.00002],[-40,-0.00002]]]},"properties":{}},{"type":"Feature","geometry":{"type":"MultiLineString","coordinates":[[[-47.9,-27.8],[-44.676636,-25.772514]],[[-44.676636,-25.772514],[-44.541,-25.6872],[-41.3,-23.5]]]},"properties":{}},{"type":"Feature","geometry":{"type":"LineString","coordinates":[[-47.9,-27.8],[-46.3,-24.3]]},"properties":{}},{"type":"Feature","geometry":{"type":"LineString","coordinates":[[-46.3,-24.3],[-43.25,-23.3]]},"properties":{}},{"type":"Feature","geometry":{"type":"LineString","coordinates":[[-168.5744,59.0421],[-166.5882,57.6046]]},"properties":{}},{"type":"Feature","geometry":{"type":"LineString","coordinates":[[-46.3,-24.3],[-43.4104,-23.3469],[-43.25,-23.3]]},"properties":{}},{"type":"Feature","geometry":{"type":"MultiLineString","coordinates":[[[-46.3,-24.3],[-44.676636,-25.772514]],[[-44.676636,-25.772514],[-44.670202,-25.778351]],[[-44.670202,-25.778351],[-43.391511,-26.93822]],[[-43.391511,-26.93822],[-43.1738,-27.1357],[-42.258399,-27.961834]],[[-42.258399,-27.961834],[-40,-30]]]},"properties":{}},{"type":"Feature","geometry":{"type":"LineString","coordinates":[[-40,60],[-44.2,58.6]]},"properties":{}},{"type":"Feature","geometry":{"type":"MultiLineString","coordinates":[[[-43.9,-1.4],[-42.984139,-0.086392]],[[-42.984139,-0.086392],[-42.92392,-0.00002]],[[-42.92392,-0.00002],[-41.712631,1.737317]],[[-41.712631,1.737317],[-41.485679,2.062833]],[[-41.485679,2.062833],[-40.782065,3.072017]],[[-40.782065,3.072017],[-40.000252,4.193363]],[[-40.000252,4.193363],[-37.595182,7.642926]],[[-37.595182,7.642926],[-35.984599,9.952967]],[[-35.984599,9.952967],[-35.930985,10.029865]],[[-35.930985,10.029865],[-34.2518,12.4383],[-33.504773,13.766866]],[[-33.504773,13.766866],[-30,20]]]},"properties":{}},{"type":"Feature","geometry":{"type":"LineString","coordinates":[[-38.1,-3.1],[-43.9,-1.4]]},"properties":{}},{"type":"Feature","geometry":{"type":"LineString","coordinates":[[-168.2825,62.4608],[-168.2719,62.4714]]},"properties":{}},{"type":"Feature","geometry":{"type":"LineString","coordinates":[[-43.25,-23.3],[-41.3,-23.5]]},"properties":{}},{"type":"Feature","geometry":{"type":"LineString","coordinates":[[-41.3,-23.5],[-39.5,-20]]},"properties":{}},{"type":"Feature","geometry":{"type":"MultiLineString","coordinates":[[[-41.3,-23.5],[-39.757078,-23.820415]],[[-39.757078,-23.820415],[-39.682975,-23.835804]],[[-39.682975,-23.835804],[-35.226199,-24.761333]],[[-35.226199,-24.761333],[-34.612152,-24.88885]],[[-34.612152,-24.88885],[-29.998837,-25.846887]],[[-29.998837,-25.846887],[-26.395817,-26.595118]],[[-26.395817,-26.595118],[-22.817834,-27.338149]],[[-22.817834,-27.338149],[-19.999418,-27.923443]],[[-19.999418,-27.923443],[-18.197878,-28.297565]],[[-18.197878,-28.297565],[-10,-30]]]},"properties":{}},{"type":"Feature","geometry":{"type":"LineString","coordinates":[[-30,-60],[-40,-60]]},"properties":{}},{"type":"Feature","geometry":{"type":"MultiLineString","coordinates":[[[-30,-50],[-34.914932,-55.067563]],[[-34.914932,-55.067563],[-36.4081,-56.6071],[-40,-60]]]},"properties":{}},{"type":"Feature","geometry":{"type":"LineString","coordinates":[[-167.3596,63.148],[-168.2719,62.4714]]},"properties":{}},{"type":"Feature","geometry":{"type":"MultiLineString","coordinates":[[[-40,-60],[-39.9957,-55.0021],[-39.996854,-53.660019]],[[-39.996854,-53.660019],[-40,-50]]]},"properties":{}},{"type":"Feature","geometry":{"type":"MultiLineString","coordinates":[[[-40,-50],[-39.997177,-45.296248]],[[-39.997177,-45.296248],[-39.997,-45.0022],[-40,-40]]]},"properties":{}},{"type":"Feature","geometry":{"type":"MultiLineString","coordinates":[[[-165.4286,64.4024],[-166.528486,62.976317]],[[-166.528486,62.976317],[-167.0545,62.2943],[-167.247387,61.826251]],[[-167.247387,61.826251],[-168,60]]]},"properties":{}},{"type":"Feature","geometry":{"type":"MultiLineString","coordinates":[[[-30,-60],[-34.914932,-55.067563]],[[-34.914932,-55.067563],[-35.804931,-54.174394]],[[-35.804931,-54.174394],[-36.4579,-53.5191],[-40,-50]]]},"properties":{}},{"type":"Feature","geometry":{"type":"LineString","coordinates":[[-40,-40],[-35.0004,-40.1068],[-30,-40]]},"properties":{}},{"type":"Feature","geometry":{"type":"MultiLineString","coordinates":[[[-40,-30],[-36.932742,-27.102411]],[[-36.932742,-27.102411],[-34.867749,-25.151646]],[[-34.867749,-25.151646],[-34.7972,-25.085],[-34.612152,-24.88885]],[[-34.612152,-24.88885],[-30,-20]]]},"properties":{}},{"type":"Feature","geometry":{"type":"MultiLineString","coordinates":[[[-39.5,-20],[-39.675823,-23.685882]],[[-39.675823,-23.685882],[-39.682975,-23.835804]],[[-39.682975,-23.835804],[-39.7386,-25.0019],[-39.822593,-26.60789]],[[-39.822593,-26.60789],[-40,-30]]]},"properties":{}},{"type":"Feature","geometry":{"type":"LineString","coordinates":[[-40,-30],[-35.0005,-30.0935],[-30,-30]]},"properties":{}},{"type":"Feature","geometry":{"type":"MultiLineString","coordinates":[[[-40,-0.00002],[-38.149857,-0.00002]],[[-38.149857,-0.00002],[-38.138297,-0.00002]],[[-38.138297,-0.00002],[-35,-0.00002],[-31.738431,-0.000013]],[[-31.738431,-0.000013],[-31.299233,-0.000013]],[[-31.299233,-0.000013],[-30,-0.00001]]]},"properties":{}},{"type":"Feature","geometry":{"type":"LineString","coordinates":[[-167.7467,67.1451],[-167.7467,67.16]]},"properties":{}},{"type":"Feature","geometry":{"type":"MultiLineString","coordinates":[[[-30,10],[-32.5332,7.5169],[-32.762118,7.288622]],[[-32.762118,7.288622],[-34.999851,5.057143]],[[-34.999851,5.057143],[-35.0379,5.0192],[-37.5237,2.512],[-38.994859,1.01962]],[[-38.994859,1.01962],[-39.296421,0.713708]],[[-39.296421,0.713708],[-40,-0.00002]]]},"properties":{}},{"type":"Feature","geometry":{"type":"MultiLineString","coordinates":[[[-40,10],[-40.0003,5.0004],[-40.000252,4.193363]],[[-40.000252,4.193363],[-40.000165,2.742935]],[[-40.000165,2.742935],[-40.00013,2.174057]],[[-40.00013,2.174057],[-40.000069,1.147353]],[[-40.000069,1.147353],[-40,-0.00002]]]},"properties":{}},{"type":"Feature","geometry":{"type":"LineString","coordinates":[[-33.8,-5.25],[-36.9023,-2.6233],[-40,-0.00002]]},"properties":{}},{"type":"Feature","geometry":{"type":"MultiLineString","coordinates":[[[-30,10],[-33.147184,10.023101]],[[-33.147184,10.023101],[-34.9998,10.0367],[-35.930985,10.029865]],[[-35.930985,10.029865],[-36.07644,10.028798]],[[-36.07644,10.028798],[-40,10]]]},"properties":{}},{"type":"Feature","geometry":{"type":"MultiLineString","coordinates":[[[-40,10],[-38.257452,11.8296]],[[-38.257452,11.8296],[-37.5819,12.5389],[-35.1163,15.0555],[-34.999803,15.17039]],[[-34.999803,15.17039],[-32.5927,17.5443],[-30,20]]]},"properties":{}},{"type":"Feature","geometry":{"type":"MultiLineString","coordinates":[[[-40,10],[-40.000523,13.2666]],[[-40.000523,13.2666],[-40.0008,15.0011],[-40,20]]]},"properties":{}},{"type":"Feature","geometry":{"type":"MultiLineString","coordinates":[[[-40,10],[-37.595182,7.642926]],[[-37.595182,7.642926],[-37.4664,7.5167],[-36.455448,6.508614]],[[-36.455448,6.508614],[-34.999851,5.057143]],[[-34.999851,5.057143],[-34.9616,5.019],[-32.4761,2.5118],[-31.243642,1.261567]],[[-31.243642,1.261567],[-30.87662,0.889252]],[[-30.87662,0.889252],[-30,-0.00001]]]},"properties":{}},{"type":"Feature","geometry":{"type":"LineString","coordinates":[[-30,20],[-34.9996,20.0692],[-40,20]]},"properties":{}},{"type":"Feature","geometry":{"type":"MultiLineString","coordinates":[[[-40,20],[-38.036247,22.081524]],[[-38.036247,22.081524],[-35.2028,25.0849],[-34.999844,25.276633]],[[-34.999844,25.276633],[-30,30]]]},"properties":{}},{"type":"Feature","geometry":{"type":"MultiLineString","coordinates":[[[-40,20],[-40.000319,21.140455]],[[-40.000319,21.140455],[-40.0014,25.0017],[-40.000643,27.705927]],[[-40.000643,27.705927],[-40,30]]]},"properties":{}},{"type":"Feature","geometry":{"type":"LineString","coordinates":[[-166.1833,66.2283],[-167.7467,67.16]]},"properties":{}},{"type":"Feature","geometry":{"type":"MultiLineString","coordinates":[[[-30,10],[-31.527261,11.744004]],[[-31.527261,11.744004],[-32.369,12.7052],[-33.504773,13.766866]],[[-33.504773,13.766866],[-34.8825,15.0547],[-34.999803,15.17039]],[[-34.999803,15.17039],[-37.4063,17.5438],[-40,20]]]},"properties":{}},{"type":"Feature","geometry":{"type":"MultiLineString","coordinates":[[[-30,30],[-32.826904,30.052868]],[[-32.826904,30.052868],[-34.9995,30.0935],[-40,30]]]},"properties":{}},{"type":"Feature","geometry":{"type":"MultiLineString","coordinates":[[[-30,40],[-32.310399,37.86785]],[[-32.310399,37.86785],[-32.35506,37.826635]],[[-32.35506,37.826635],[-33.976613,36.330185]],[[-33.976613,36.330185],[-35.000024,35.385732]],[[-35.000024,35.385732],[-35.3052,35.1041],[-36.437676,33.872893]],[[-36.437676,33.872893],[-38.269531,31.881334]],[[-38.269531,31.881334],[-38.980384,31.108508]],[[-38.980384,31.108508],[-40,30]]]},"properties":{}},{"type":"Feature","geometry":{"type":"MultiLineString","coordinates":[[[-40,40],[-40.001139,37.288282]],[[-40.001139,37.288282],[-40.00166,36.050314]],[[-40.00166,36.050314],[-40.0021,35.002],[-40.001525,33.631673]],[[-40.001525,33.631673],[-40.000673,31.603693]],[[-40.000673,31.603693],[-40.000338,30.805692]],[[-40.000338,30.805692],[-40,30]]]},"properties":{}},{"type":"Feature","geometry":{"type":"MultiLineString","coordinates":[[[-30,20],[-33.85392,24.085452]],[[-33.85392,24.085452],[-34.7955,25.0836],[-34.999844,25.276633]],[[-34.999844,25.276633],[-38.310707,28.404219]],[[-38.310707,28.404219],[-40,30]]]},"properties":{}},{"type":"Feature","geometry":{"type":"LineString","coordinates":[[-167.7467,67.16],[-162.836,66.9258]]},"properties":{}},{"type":"Feature","geometry":{"type":"LineString","coordinates":[[-40,40],[-34.9996,40.1067],[-30,40]]},"properties":{}},{"type":"Feature","geometry":{"type":"MultiLineString","coordinates":[[[-40,40],[-37.894086,40.959473]],[[-37.894086,40.959473],[-34.863425,42.340269]],[[-34.863425,42.340269],[-32.990451,43.193613]],[[-32.990451,43.193613],[-32.7508,43.3028],[-30.002556,44.262362]],[[-30.002556,44.262362],[-25.548163,45.817634]],[[-25.548163,45.817634],[-24.7426,46.0989],[-24.182614,46.238494]],[[-24.182614,46.238494],[-24.113938,46.255613]],[[-24.113938,46.255613],[-20.001632,47.280732]],[[-20.001632,47.280732],[-19.929294,47.298764]],[[-19.929294,47.298764],[-17.925346,47.79831]],[[-17.925346,47.79831],[-16.888237,48.056841]],[[-16.888237,48.056841],[-15.9842,48.2822],[-14.710836,48.481015]],[[-14.710836,48.481015],[-13.147736,48.725068]],[[-13.147736,48.725068],[-10.630839,49.118042]],[[-10.630839,49.118042],[-10.548416,49.130911]],[[-10.548416,49.130911],[-6.709922,49.73023]],[[-6.709922,49.73023],[-6.5833,49.75]]]},"properties":{}},{"type":"Feature","geometry":{"type":"MultiLineString","coordinates":[[[-40,40],[-39.123148,40.982043]],[[-39.123148,40.982043],[-37.685353,42.592324]],[[-37.685353,42.592324],[-35.437,45.1104],[-35.109081,45.405304]],[[-35.109081,45.405304],[-31.783064,48.396456]],[[-31.783064,48.396456],[-30,50]]]},"properties":{}},{"type":"Feature","geometry":{"type":"MultiLineString","coordinates":[[[-40,40],[-40.000599,40.998156]],[[-40.000599,40.998156],[-40.001623,42.706999]],[[-40.001623,42.706999],[-40.003,45.0022],[-40.001969,46.719771]],[[-40.001969,46.719771],[-40.000709,48.819419]],[[-40.000709,48.819419],[-40,50]]]},"properties":{}},{"type":"Feature","geometry":{"type":"MultiLineString","coordinates":[[[-40,40],[-37.314017,37.521219]],[[-37.314017,37.521219],[-35.95958,36.271266]],[[-35.95958,36.271266],[-35.000024,35.385732]],[[-35.000024,35.385732],[-34.6929,35.1023],[-33.730662,34.056118]],[[-33.730662,34.056118],[-32.570981,32.795268]],[[-32.570981,32.795268],[-32.568441,32.792508]],[[-32.568441,32.792508],[-30.650452,30.707197]],[[-30.650452,30.707197],[-30,30]]]},"properties":{}},{"type":"Feature","geometry":{"type":"LineString","coordinates":[[-167.3135,63.9322],[-167.0091,63.6305],[-167.3596,63.148]]},"properties":{}},{"type":"Feature","geometry":{"type":"MultiLineString","coordinates":[[[-30,50],[-31.580914,50]],[[-31.580914,50],[-40,50]]]},"properties":{}},{"type":"Feature","geometry":{"type":"MultiLineString","coordinates":[[[-6.5833,49.75],[-6.692563,49.762802]],[[-6.692563,49.762802],[-10.717387,50.234397]],[[-10.717387,50.234397],[-10.887096,50.254282]],[[-10.887096,50.254282],[-11.669829,50.345996]],[[-11.669829,50.345996],[-14.7952,50.7122],[-14.920876,50.717702]],[[-14.920876,50.717702],[-15.754615,50.754204]],[[-15.754615,50.754204],[-19.223316,50.906069]],[[-19.223316,50.906069],[-20.000808,50.940109]],[[-20.000808,50.940109],[-20.941652,50.9813]],[[-20.941652,50.9813],[-23.244,51.0821],[-29.21802,50.912266]],[[-29.21802,50.912266],[-30.000765,50.890013]],[[-30.000765,50.890013],[-30.831527,50.866396]],[[-30.831527,50.866396],[-31.403702,50.850129]],[[-31.403702,50.850129],[-31.7178,50.8412],[-40,50]]]},"properties":{}},{"type":"Feature","geometry":{"type":"MultiLineString","coordinates":[[[-40,50],[-33.9881,52.2221],[-33.785385,52.292557]],[[-33.785385,52.292557],[-32.596784,52.705674]],[[-32.596784,52.705674],[-30.964823,53.272889]],[[-30.964823,53.272889],[-30.003101,53.607151]],[[-30.003101,53.607151],[-26.9129,54.6812],[-25.711132,55.003434]],[[-25.711132,55.003434],[-25.001623,55.193677]],[[-25.001623,55.193677],[-20.002982,56.53398]],[[-20.002982,56.53398],[-19.8817,56.5665],[-18.562576,56.869513]],[[-18.562576,56.869513],[-17.061319,57.214364]],[[-17.061319,57.214364],[-15.775448,57.509738]],[[-15.775448,57.509738],[-11.932343,58.392529]],[[-11.932343,58.392529],[-11.9316,58.3927]]]},"properties":{}},{"type":"Feature","geometry":{"type":"MultiLineString","coordinates":[[[-30,60],[-35.249036,55.430874]],[[-35.249036,55.430874],[-35.6257,55.103],[-36.582627,53.986662]],[[-36.582627,53.986662],[-36.736047,53.807684]],[[-36.736047,53.807684],[-37.1156,53.364903]],[[-37.1156,53.364903],[-40,50]]]},"properties":{}},{"type":"Feature","geometry":{"type":"MultiLineString","coordinates":[[[-40,60],[-40.002333,57.288566]],[[-40.002333,57.288566],[-40.003391,56.058392]],[[-40.003391,56.058392],[-40.0043,55.0021],[-40.002797,53.253745]],[[-40.002797,53.253745],[-40.002313,52.690451]],[[-40.002313,52.690451],[-40,50]]]},"properties":{}},{"type":"Feature","geometry":{"type":"MultiLineString","coordinates":[[[-30,40],[-30.544428,40.581415]],[[-30.544428,40.581415],[-31.940532,42.072366]],[[-31.940532,42.072366],[-32.990451,43.193613]],[[-32.990451,43.193613],[-34.7132,45.0334],[-35.109081,45.405304]],[[-35.109081,45.405304],[-37.184144,47.354689]],[[-37.184144,47.354689],[-38.952623,49.016058]],[[-38.952623,49.016058],[-40,50]]]},"properties":{}},{"type":"Feature","geometry":{"type":"MultiLineString","coordinates":[[[-161.1822,63.8422],[-162.613199,63.692952]],[[-162.613199,63.692952],[-162.6578,63.6883],[-164.5264,63.2495],[-164.9538,62.9993],[-165.0035,62.6613],[-165.639578,62.792695]],[[-165.639578,62.792695],[-166.528486,62.976317]],[[-166.528486,62.976317],[-167.3596,63.148]]]},"properties":{}},{"type":"Feature","geometry":{"type":"MultiLineString","coordinates":[[[-30,60],[-34.586379,60]],[[-34.586379,60],[-40,60]]]},"properties":{}},{"type":"Feature","geometry":{"type":"LineString","coordinates":[[-40,60],[-39.0171,62.9474]]},"properties":{}},{"type":"Feature","geometry":{"type":"MultiLineString","coordinates":[[[-30,50],[-30.103901,50.108258]],[[-30.103901,50.108258],[-30.831527,50.866396]],[[-30.831527,50.866396],[-32.596784,52.705674]],[[-32.596784,52.705674],[-33.174257,53.307363]],[[-33.174257,53.307363],[-34.342459,54.524551]],[[-34.342459,54.524551],[-34.7719,54.972],[-35.249036,55.430874]],[[-35.249036,55.430874],[-38.197172,58.266174]],[[-38.197172,58.266174],[-40,60]]]},"properties":{}},{"type":"Feature","geometry":{"type":"LineString","coordinates":[[-39.5,-20],[-37.8202,-16.5071],[-36.2,-13]]},"properties":{}},{"type":"Feature","geometry":{"type":"MultiLineString","coordinates":[[[-39.5,-20],[-38.327988,-21.305708]],[[-38.327988,-21.305708],[-35.226199,-24.761333]],[[-35.226199,-24.761333],[-34.9442,-25.0755],[-34.867749,-25.151646]],[[-34.867749,-25.151646],[-32.074495,-27.933771]],[[-32.074495,-27.933771],[-30,-30]]]},"properties":{}},{"type":"Feature","geometry":{"type":"MultiLineString","coordinates":[[[-155.5917,62.9602],[-161.722,60.7633],[-162.4318,60.1349],[-162.3048,59.9993],[-162.6192,59.6463],[-163.61244,59.135366]],[[-163.61244,59.135366],[-166.5882,57.6046]]]},"properties":{}},{"type":"Feature","geometry":{"type":"MultiLineString","coordinates":[[[-39.5,-20],[-37.62736,-20.024603]],[[-37.62736,-20.024603],[-34.7504,-20.0624],[-30,-20]]]},"properties":{}},{"type":"Feature","geometry":{"type":"LineString","coordinates":[[-39.0171,62.9474],[-36.8507,65.0304]]},"properties":{}},{"type":"Feature","geometry":{"type":"MultiLineString","coordinates":[[[-39.0171,62.9474],[-32.728816,60.891962]],[[-32.728816,60.891962],[-32.728816,60.891962]],[[-32.728816,60.891962],[-30,60]]]},"properties":{}},{"type":"Feature","geometry":{"type":"LineString","coordinates":[[-33.8,-5.25],[-38.1,-3.1]]},"properties":{}},{"type":"Feature","geometry":{"type":"LineString","coordinates":[[-24,66.5],[-36.8507,65.0304]]},"properties":{}},{"type":"Feature","geometry":{"type":"LineString","coordinates":[[-36.8507,65.0304],[-31.8191,66.9077],[-24.4813,68.6256]]},"properties":{}},{"type":"Feature","geometry":{"type":"MultiLineString","coordinates":[[[-27.6317,62.7336],[-29.239044,63.13405]],[[-29.239044,63.13405],[-36.8507,65.0304]]]},"properties":{}},{"type":"Feature","geometry":{"type":"MultiLineString","coordinates":[[[-36.2,-13],[-33.211569,-11.577275]],[[-33.211569,-11.577275],[-33.0837,-11.5164],[-30,-10]]]},"properties":{}},{"type":"Feature","geometry":{"type":"LineString","coordinates":[[-166.5882,57.6046],[-165.2534,56.5079]]},"properties":{}},{"type":"Feature","geometry":{"type":"LineString","coordinates":[[-36.2,-13],[-34.7,-8.8]]},"properties":{}},{"type":"Feature","geometry":{"type":"MultiLineString","coordinates":[[[-36.2,-13],[-34.765844,-14.630755]],[[-34.765844,-14.630755],[-33.1245,-16.4971],[-30,-20]]]},"properties":{}},{"type":"Feature","geometry":{"type":"LineString","coordinates":[[-33.8,-5.25],[-34.7,-8.8]]},"properties":{}},{"type":"Feature","geometry":{"type":"MultiLineString","coordinates":[[[-33.8,-5.25],[-32.507317,-3.46406]],[[-32.507317,-3.46406],[-30,-0.00001]]]},"properties":{}},{"type":"Feature","geometry":{"type":"LineString","coordinates":[[-166.5,64.3],[-165.4286,64.4024]]},"properties":{}},{"type":"Feature","geometry":{"type":"MultiLineString","coordinates":[[[-33.8,-5.25],[-32.983953,-3.172081]],[[-32.983953,-3.172081],[-31.9046,-0.4237],[-31.738431,-0.000013]],[[-31.738431,-0.000013],[-31.243642,1.261567]],[[-31.243642,1.261567],[-30.0115,4.4032],[-30.000266,4.431443]],[[-30.000266,4.431443],[-29.829347,4.861138]],[[-29.829347,4.861138],[-28.406522,8.438157]],[[-28.406522,8.438157],[-28.0937,9.2246],[-27.693656,10.200929]],[[-27.693656,10.200929],[-26.849972,12.259986]],[[-26.849972,12.259986],[-26.123,14.0342],[-25.069774,16.489404]],[[-25.069774,16.489404],[-24.0679,18.8249],[-23.232747,20.654158]],[[-23.232747,20.654158],[-21.8927,23.5893],[-21.885281,23.604304]],[[-21.885281,23.604304],[-21.750274,23.877344]],[[-21.750274,23.877344],[-19.593968,28.23828]],[[-19.593968,28.23828],[-19.5545,28.3181],[-18.907725,29.503512]],[[-18.907725,29.503512],[-17,33]]]},"properties":{}},{"type":"Feature","geometry":{"type":"MultiLineString","coordinates":[[[-33.8,-5.25],[-31.5122,-8.10975]],[[-31.5122,-8.10975],[-30,-10]]]},"properties":{}},{"type":"Feature","geometry":{"type":"MultiLineString","coordinates":[[[-33.8,-5.25],[-31.063081,-7.186164]],[[-31.063081,-7.186164],[-30.9392,-7.2738],[-29.999876,-7.933805]],[[-29.999876,-7.933805],[-28.772132,-8.796464]],[[-28.772132,-8.796464],[-28.0619,-9.2955],[-27.018677,-10.021884]],[[-27.018677,-10.021884],[-25.1631,-11.3139],[-22.806528,-12.935362]],[[-22.806528,-12.935362],[-22.2369,-13.3273],[-19.999225,-14.844666]],[[-19.999225,-14.844666],[-19.2776,-15.334],[-16.822275,-16.967419]],[[-16.822275,-16.967419],[-16.2777,-17.3297],[-13.2293,-19.3097],[-12.088665,-20.028905]],[[-12.088665,-20.028905],[-10.796127,-20.843889]],[[-10.796127,-20.843889],[-10.1235,-21.268],[-9.999624,-21.343395]],[[-9.999624,-21.343395],[-7.024709,-23.154038]],[[-7.024709,-23.154038],[-6.951,-23.1989],[-4.412459,-24.677177]],[[-4.412459,-24.677177],[-3.7008,-25.0916],[-0.362,-26.9357],[0.00081,-27.123985]],[[0.00081,-27.123985],[2.015382,-28.169477]],[[2.015382,-28.169477],[3.076,-28.7199],[5.891411,-30.076823]],[[5.891411,-30.076823],[6.6242,-30.43],[8.741211,-31.368532]],[[8.741211,-31.368532],[10.000809,-31.926949]],[[10.000809,-31.926949],[10.2901,-32.0552],[14.0806,-33.5827],[18,-35]]]},"properties":{}},{"type":"Feature","geometry":{"type":"MultiLineString","coordinates":[[[-5.5,48.6667],[-5.746051,48.581371]],[[-5.746051,48.581371],[-6.167223,48.435311]],[[-6.167223,48.435311],[-6.791122,48.218947]],[[-6.791122,48.218947],[-7.679507,47.910861]],[[-7.679507,47.910861],[-10.462429,46.945761]],[[-10.462429,46.945761],[-13.519151,45.885709]],[[-13.519151,45.885709],[-13.53667,45.879634]],[[-13.53667,45.879634],[-15.481755,45.205091]],[[-15.481755,45.205091],[-16.510343,44.848383]],[[-16.510343,44.848383],[-19.999631,43.63832]],[[-19.999631,43.63832],[-20.002182,43.637435]],[[-20.002182,43.637435],[-21.2797,43.1944],[-22.458348,42.625249]],[[-22.458348,42.625249],[-25.565029,41.125083]],[[-25.565029,41.125083],[-27.310562,40.282192]],[[-27.310562,40.282192],[-27.79763,40.046995]],[[-27.79763,40.046995],[-29.175515,39.381636]],[[-29.175515,39.381636],[-30.000427,38.983299]],[[-30.000427,38.983299],[-32.310399,37.86785]],[[-32.310399,37.86785],[-32.401,37.8241]]]},"properties":{}},{"type":"Feature","geometry":{"type":"MultiLineString","coordinates":[[[-28.4,38.8],[-30.000872,37.924015]],[[-30.000872,37.924015],[-30.0009,37.924]]]},"properties":{}},{"type":"Feature","geometry":{"type":"LineString","coordinates":[[-30,-60],[-24.3743,-55.1031],[-20,-50]]},"properties":{}},{"type":"Feature","geometry":{"type":"LineString","coordinates":[[-166.5,64.3],[-166.2571,64.5886]]},"properties":{}},{"type":"Feature","geometry":{"type":"LineString","coordinates":[[-30,-60],[-29.9957,-55.0021],[-30,-50]]},"properties":{}},{"type":"Feature","geometry":{"type":"MultiLineString","coordinates":[[[-30,-40],[-24.999976,-35.385732]],[[-24.999976,-35.385732],[-24.748621,-35.153769]],[[-24.748621,-35.153769],[-24.6948,-35.1041],[-23.138557,-33.412181]],[[-23.138557,-33.412181],[-20,-30]]]},"properties":{}},{"type":"Feature","geometry":{"type":"MultiLineString","coordinates":[[[-30,-30],[-29.998679,-33.147402]],[[-29.998679,-33.147402],[-29.9979,-35.0021],[-29.998008,-35.258691]],[[-29.998008,-35.258691],[-30,-40]]]},"properties":{}},{"type":"Feature","geometry":{"type":"MultiLineString","coordinates":[[[-30,-50],[-29.997059,-45.100688]],[[-29.997059,-45.100688],[-29.997,-45.0022],[-30,-40]]]},"properties":{}},{"type":"Feature","geometry":{"type":"LineString","coordinates":[[-166.2571,64.5886],[-165.4286,64.4024]]},"properties":{}},{"type":"Feature","geometry":{"type":"LineString","coordinates":[[-20,-40],[-25.0004,-40.1068],[-30,-40]]},"properties":{}},{"type":"Feature","geometry":{"type":"LineString","coordinates":[[-20,50],[-30,50]]},"properties":{}},{"type":"Feature","geometry":{"type":"MultiLineString","coordinates":[[[-30,50],[-29.894016,50.123642]],[[-29.894016,50.123642],[-29.21802,50.912266]],[[-29.21802,50.912266],[-27.341253,53.101719]],[[-27.341253,53.101719],[-25.711132,55.003434]],[[-25.711132,55.003434],[-25.6257,55.1031],[-25.2487,55.43126]],[[-25.2487,55.43126],[-23.465597,56.983365]],[[-23.465597,56.983365],[-20,60]]]},"properties":{}},{"type":"Feature","geometry":{"type":"MultiLineString","coordinates":[[[-30,50],[-30.0001,50.115866]],[[-30.0001,50.115866],[-30.000765,50.890013]],[[-30.000765,50.890013],[-30.002774,53.227444]],[[-30.002774,53.227444],[-30.003101,53.607151]],[[-30.003101,53.607151],[-30.0043,55.0021],[-30.003737,55.657007]],[[-30.003737,55.657007],[-30,60]]]},"properties":{}},{"type":"Feature","geometry":{"type":"MultiLineString","coordinates":[[[-30,40],[-30.000319,40.53107]],[[-30.000319,40.53107],[-30.001074,41.790603]],[[-30.001074,41.790603],[-30.002556,44.262362]],[[-30.002556,44.262362],[-30.003,45.0022],[-30.000784,48.69453]],[[-30.000784,48.69453],[-30,50]]]},"properties":{}},{"type":"Feature","geometry":{"type":"MultiLineString","coordinates":[[[-170,-10],[-172.5336,-7.5167],[-175.0384,-5.019]],[[-175.0384,-5.019],[-177.524,-2.5119],[-180,-0.00002]]]},"properties":{}},{"type":"Feature","geometry":{"type":"LineString","coordinates":[[-165.8,55.1],[-165.3621,54.4911]]},"properties":{}},{"type":"Feature","geometry":{"type":"MultiLineString","coordinates":[[[-20,40],[-22.458348,42.625249]],[[-22.458348,42.625249],[-24.7134,45.0334],[-25.109175,45.405219]],[[-25.109175,45.405219],[-25.548163,45.817634]],[[-25.548163,45.817634],[-28.801592,48.874132]],[[-28.801592,48.874132],[-30,50]]]},"properties":{}},{"type":"Feature","geometry":{"type":"LineString","coordinates":[[-20,-50],[-30,-50]]},"properties":{}},{"type":"Feature","geometry":{"type":"MultiLineString","coordinates":[[[-30,-50],[-24.563,-45.1105]],[[-24.563,-45.1105],[-24.333616,-44.853592]],[[-24.333616,-44.853592],[-20,-40]]]},"properties":{}},{"type":"Feature","geometry":{"type":"MultiLineString","coordinates":[[[-20,-20],[-24.7972,-25.0849],[-25.000156,-25.276633]],[[-25.000156,-25.276633],[-26.395817,-26.595118]],[[-26.395817,-26.595118],[-28.466397,-28.551201]],[[-28.466397,-28.551201],[-30,-30]]]},"properties":{}},{"type":"Feature","geometry":{"type":"MultiLineString","coordinates":[[[-30,-20],[-29.9986,-25.0017],[-29.998837,-25.846887]],[[-29.998837,-25.846887],[-29.999521,-28.288848]],[[-29.999521,-28.288848],[-30,-30]]]},"properties":{}},{"type":"Feature","geometry":{"type":"MultiLineString","coordinates":[[[-20,-40],[-24.999976,-35.385732]],[[-24.999976,-35.385732],[-25.240672,-35.163604]],[[-25.240672,-35.163604],[-25.3071,-35.1023],[-26.998639,-33.263194]],[[-26.998639,-33.263194],[-30,-30]]]},"properties":{}},{"type":"Feature","geometry":{"type":"LineString","coordinates":[[-20,-30],[-25.0005,-30.0935],[-30,-30]]},"properties":{}},{"type":"Feature","geometry":{"type":"MultiLineString","coordinates":[[[-20,-10],[-22.4181,-12.5389],[-22.806528,-12.935362]],[[-22.806528,-12.935362],[-24.8837,-15.0555],[-25.000194,-15.170393]],[[-25.000194,-15.170393],[-27.4073,-17.5444],[-30,-20]]]},"properties":{}},{"type":"Feature","geometry":{"type":"LineString","coordinates":[[-30,-20],[-29.9992,-15.0011],[-30,-10]]},"properties":{}},{"type":"Feature","geometry":{"type":"MultiLineString","coordinates":[[[-30,-20],[-25.2045,-25.0836],[-25.000156,-25.276633]],[[-25.000156,-25.276633],[-22.817834,-27.338149]],[[-22.817834,-27.338149],[-20,-30]]]},"properties":{}},{"type":"Feature","geometry":{"type":"MultiLineString","coordinates":[[[-164,53.8],[-164.471843,54.140776]],[[-164.471843,54.140776],[-164.907933,54.455729]],[[-164.907933,54.455729],[-165.306951,54.743909]],[[-165.306951,54.743909],[-165.8,55.1]]]},"properties":{}},{"type":"Feature","geometry":{"type":"LineString","coordinates":[[-20,-20],[-25.0004,-20.0692],[-30,-20]]},"properties":{}},{"type":"Feature","geometry":{"type":"MultiLineString","coordinates":[[[-30,-10],[-28.772132,-8.796464]],[[-28.772132,-8.796464],[-27.4667,-7.5169],[-25.000099,-5.057193]],[[-25.000099,-5.057193],[-24.9621,-5.0193],[-22.4763,-2.512],[-21.780662,-1.806339]],[[-21.780662,-1.806339],[-20,-0.00002]]]},"properties":{}},{"type":"Feature","geometry":{"type":"MultiLineString","coordinates":[[[-30,-10],[-29.999876,-7.933805]],[[-29.999876,-7.933805],[-29.9997,-5.0004]],[[-29.9997,-5.0004],[-30,-0.00001]]]},"properties":{}},{"type":"Feature","geometry":{"type":"MultiLineString","coordinates":[[[-20,-20],[-22.5937,-17.5438],[-25.000194,-15.170393]],[[-25.000194,-15.170393],[-25.1175,-15.0547],[-27.5827,-12.5384],[-30,-10]]]},"properties":{}},{"type":"Feature","geometry":{"type":"MultiLineString","coordinates":[[[-20,-10],[-25.0002,-10.0367],[-27.018677,-10.021884]],[[-27.018677,-10.021884],[-30,-10]]]},"properties":{}},{"type":"Feature","geometry":{"type":"MultiLineString","coordinates":[[[-165.4286,64.4024],[-165.639578,62.792695]],[[-165.639578,62.792695],[-165.6922,62.3912],[-166.2635,61.9553],[-166.299707,61.859746]],[[-166.299707,61.859746],[-166.3954,61.6072],[-165.9339,60.8832],[-165.3898,60.3758]]]},"properties":{}},{"type":"Feature","geometry":{"type":"MultiLineString","coordinates":[[[-17,11],[-20.3024,8.2813],[-23.5598,5.5356],[-24.595038,4.649252]],[[-24.595038,4.649252],[-26.7874,2.7722],[-27.041927,2.552564]],[[-27.041927,2.552564],[-27.267638,2.357794]],[[-27.267638,2.357794],[-30,-0.00001]]]},"properties":{}},{"type":"Feature","geometry":{"type":"MultiLineString","coordinates":[[[-30,10],[-30.0003,5.002688]],[[-30.0003,5.002688],[-30.0003,5.0004],[-30.000266,4.431443]],[[-30.000266,4.431443],[-30.000164,2.733492]],[[-30.000164,2.733492],[-30,-0.00001]]]},"properties":{}},{"type":"Feature","geometry":{"type":"MultiLineString","coordinates":[[[-20,-10],[-22.5336,-7.5167],[-25.000099,-5.057193]],[[-25.000099,-5.057193],[-25.0384,-5.019],[-27.524,-2.5119],[-28.651157,-1.368404]],[[-28.651157,-1.368404],[-30,-0.00001]]]},"properties":{}},{"type":"Feature","geometry":{"type":"MultiLineString","coordinates":[[[-20,-0.00002],[-23.960846,-0.00002]],[[-23.960846,-0.00002],[-25,-0.00002],[-28.143081,-0.000014]],[[-28.143081,-0.000014],[-30,-0.00001]]]},"properties":{}},{"type":"Feature","geometry":{"type":"MultiLineString","coordinates":[[[-30,10],[-27.693656,10.200929]],[[-27.693656,10.200929],[-26.332848,10.319482]],[[-26.332848,10.319482],[-23.741298,10.545258]],[[-23.741298,10.545258],[-23.5101,10.5654],[-17,11]]]},"properties":{}},{"type":"Feature","geometry":{"type":"MultiLineString","coordinates":[[[-165.4286,64.4024],[-162.613199,63.692952]],[[-162.613199,63.692952],[-161.9459,63.5248]]]},"properties":{}},{"type":"Feature","geometry":{"type":"MultiLineString","coordinates":[[[-30,10],[-26.849972,12.259986]],[[-26.849972,12.259986],[-24.526719,13.926802]],[[-24.526719,13.926802],[-23.4118,14.7267],[-23,15]]]},"properties":{}},{"type":"Feature","geometry":{"type":"MultiLineString","coordinates":[[[-30,10],[-30.000538,13.365895]],[[-30.000538,13.365895],[-30.0008,15.0011],[-30,20]]]},"properties":{}},{"type":"Feature","geometry":{"type":"MultiLineString","coordinates":[[[-30,10],[-28.406522,8.438157]],[[-28.406522,8.438157],[-27.630212,7.677259]],[[-27.630212,7.677259],[-27.4664,7.5167],[-25.923433,5.978107]],[[-25.923433,5.978107],[-24.9616,5.019],[-24.595038,4.649252]],[[-24.595038,4.649252],[-22.476,2.5118],[-20,-0.00002]]]},"properties":{}},{"type":"Feature","geometry":{"type":"MultiLineString","coordinates":[[[-30,20],[-24.169787,20.587008]],[[-24.169787,20.587008],[-24.0189,20.6022],[-23.232747,20.654158]],[[-23.232747,20.654158],[-20.89753,20.808497]],[[-20.89753,20.808497],[-18,21]]]},"properties":{}},{"type":"Feature","geometry":{"type":"MultiLineString","coordinates":[[[-165.2534,56.5079],[-165.0988,55.6981],[-165.306951,54.743909]],[[-165.306951,54.743909],[-165.3621,54.4911]]]},"properties":{}},{"type":"Feature","geometry":{"type":"MultiLineString","coordinates":[[[-30,20],[-25.2028,25.0849],[-24.377369,25.864687]],[[-24.377369,25.864687],[-20,30]]]},"properties":{}},{"type":"Feature","geometry":{"type":"MultiLineString","coordinates":[[[-30,20],[-30.0014,25.0017],[-30.00114,25.93148]],[[-30.00114,25.93148],[-30,30]]]},"properties":{}},{"type":"Feature","geometry":{"type":"MultiLineString","coordinates":[[[-23,15],[-23.3185,15.2424],[-23.713957,15.523988]],[[-23.713957,15.523988],[-25.069774,16.489404]],[[-25.069774,16.489404],[-26.500758,17.508345]],[[-26.500758,17.508345],[-30,20]]]},"properties":{}},{"type":"Feature","geometry":{"type":"LineString","coordinates":[[-20,30],[-24.9995,30.0935],[-30,30]]},"properties":{}},{"type":"Feature","geometry":{"type":"MultiLineString","coordinates":[[[-20,40],[-20.729166,39.327089]],[[-20.729166,39.327089],[-22.30019,37.877271]],[[-22.30019,37.877271],[-22.326899,37.852623]],[[-22.326899,37.852623],[-23.371441,36.888668]],[[-23.371441,36.888668],[-23.863813,36.434283]],[[-23.863813,36.434283],[-23.891026,36.409169]],[[-23.891026,36.409169],[-25.3052,35.1041],[-25.773766,34.594684]],[[-25.773766,34.594684],[-26.235917,34.092241]],[[-26.235917,34.092241],[-27.09077,33.162861]],[[-27.09077,33.162861],[-28.852256,31.247806]],[[-28.852256,31.247806],[-30,30]]]},"properties":{}},{"type":"Feature","geometry":{"type":"LineString","coordinates":[[-165.3621,54.506],[-165.3621,54.4911]]},"properties":{}},{"type":"Feature","geometry":{"type":"MultiLineString","coordinates":[[[-30,40],[-30.000427,38.983299]],[[-30.000427,38.983299],[-30.000872,37.924015]],[[-30.000872,37.924015],[-30.000872,37.923948]],[[-30.000872,37.923948],[-30.001492,36.448298]],[[-30.001492,36.448298],[-30.0021,35.002],[-30.001809,34.308507]],[[-30.001809,34.308507],[-30.001411,33.359698]],[[-30.001411,33.359698],[-30.001247,32.969075]],[[-30.001247,32.969075],[-30.000379,30.902634]],[[-30.000379,30.902634],[-30,30]]]},"properties":{}},{"type":"Feature","geometry":{"type":"MultiLineString","coordinates":[[[-18,21],[-19.939079,22.49228]],[[-19.939079,22.49228],[-20.9134,23.2421],[-21.704728,23.842772]],[[-21.704728,23.842772],[-21.750274,23.877344]],[[-21.750274,23.877344],[-23.8773,25.4919],[-24.377369,25.864687]],[[-24.377369,25.864687],[-26.469271,27.424137]],[[-26.469271,27.424137],[-26.9017,27.7465],[-30,30]]]},"properties":{}},{"type":"Feature","geometry":{"type":"MultiLineString","coordinates":[[[-20,40],[-24.9996,40.1067],[-25.336276,40.099516]],[[-25.336276,40.099516],[-27.79763,40.046995]],[[-27.79763,40.046995],[-30,40]]]},"properties":{}},{"type":"Feature","geometry":{"type":"MultiLineString","coordinates":[[[-30,40],[-29.562026,40.490515]],[[-29.562026,40.490515],[-28.584901,41.584862]],[[-28.584901,41.584862],[-25.437,45.1104],[-25.109175,45.405219]],[[-25.109175,45.405219],[-24.182614,46.238494]],[[-24.182614,46.238494],[-24.143012,46.274109]],[[-24.143012,46.274109],[-20.348228,49.686831]],[[-20.348228,49.686831],[-20,50]]]},"properties":{}},{"type":"Feature","geometry":{"type":"MultiLineString","coordinates":[[[-30,40],[-29.175515,39.381636]],[[-29.175515,39.381636],[-28.4,38.8]]]},"properties":{}},{"type":"Feature","geometry":{"type":"MultiLineString","coordinates":[[[-165.3621,54.4911],[-164.471843,54.140776]],[[-164.471843,54.140776],[-164.2559,54.0558]]]},"properties":{}},{"type":"Feature","geometry":{"type":"LineString","coordinates":[[-20,60],[-30,60]]},"properties":{}},{"type":"Feature","geometry":{"type":"MultiLineString","coordinates":[[[-30,60],[-27.504629,62.740016]],[[-27.504629,62.740016],[-24.9,65.6]]]},"properties":{}},{"type":"Feature","geometry":{"type":"MultiLineString","coordinates":[[[-20,50],[-20.509014,50.530446]],[[-20.509014,50.530446],[-20.941652,50.9813]],[[-20.941652,50.9813],[-22.406822,52.508162]],[[-22.406822,52.508162],[-24.7714,54.9723],[-25.001623,55.193677]],[[-25.001623,55.193677],[-25.2487,55.43126]],[[-25.2487,55.43126],[-26.35425,56.494332]],[[-26.35425,56.494332],[-30,60]]]},"properties":{}},{"type":"Feature","geometry":{"type":"MultiLineString","coordinates":[[[-18,21],[-21.294944,15]],[[-21.294944,15],[-21.749102,14.172991]],[[-21.749102,14.172991],[-23.741298,10.545258]],[[-23.741298,10.545258],[-25.243,7.8107],[-25.923433,5.978107]],[[-25.923433,5.978107],[-27.159236,2.649749]],[[-27.159236,2.649749],[-27.267638,2.357794]],[[-27.267638,2.357794],[-28.143081,-0.000014]],[[-28.143081,-0.000014],[-28.651157,-1.368404]],[[-28.651157,-1.368404],[-29.9997,-5.0004]]]},"properties":{}},{"type":"Feature","geometry":{"type":"LineString","coordinates":[[-28.4,38.8],[-26.9,38.9]]},"properties":{}},{"type":"Feature","geometry":{"type":"MultiLineString","coordinates":[[[-156.3829,53.7918],[-156.3832,53.791823]],[[-156.3832,53.791823],[-162.55969,54.272848]],[[-162.55969,54.272848],[-164.907933,54.455729]],[[-164.907933,54.455729],[-165.3621,54.4911]]]},"properties":{}},{"type":"Feature","geometry":{"type":"LineString","coordinates":[[-26.9,38.9],[-25.3,38]]},"properties":{}},{"type":"Feature","geometry":{"type":"MultiLineString","coordinates":[[[-20,40],[-21.458843,39.449493]],[[-21.458843,39.449493],[-25.3,38]]]},"properties":{}},{"type":"Feature","geometry":{"type":"MultiLineString","coordinates":[[[-25.3,38],[-25.189218,37.879226]],[[-25.189218,37.879226],[-23.863813,36.434283]],[[-23.863813,36.434283],[-23.839759,36.408059]],[[-23.839759,36.408059],[-22.386692,34.823939]],[[-22.386692,34.823939],[-22.296367,34.725467]],[[-22.296367,34.725467],[-21.8329,34.2202],[-21.534359,33.532819]],[[-21.534359,33.532819],[-21.367872,33.149486]],[[-21.367872,33.149486],[-20,30]]]},"properties":{}},{"type":"Feature","geometry":{"type":"MultiLineString","coordinates":[[[-25.3,38],[-25.088795,37.878293]],[[-25.088795,37.878293],[-23.371441,36.888668]],[[-23.371441,36.888668],[-22.486564,36.378758]],[[-22.486564,36.378758],[-21.039,35.5446],[-20.181279,35.004229]],[[-20.181279,35.004229],[-20.136824,34.976222]],[[-20.136824,34.976222],[-20.002054,34.891316]],[[-20.002054,34.891316],[-18.198304,33.754941]],[[-18.198304,33.754941],[-18.19146,33.750629]],[[-18.19146,33.750629],[-17,33]]]},"properties":{}},{"type":"Feature","geometry":{"type":"MultiLineString","coordinates":[[[-25.3,38],[-22.30019,37.877271]],[[-22.30019,37.877271],[-20.000931,37.783204]],[[-20.000931,37.783204],[-17.2095,37.669],[-14.370384,37.359032]],[[-14.370384,37.359032],[-12.262448,37.128892]],[[-12.262448,37.128892],[-11.644459,37.061422]],[[-11.644459,37.061422],[-9.352406,36.81118]],[[-9.352406,36.81118],[-9.25,36.8]]]},"properties":{}},{"type":"Feature","geometry":{"type":"LineString","coordinates":[[-162.0921,56.731],[-165.2534,56.5079]]},"properties":{}},{"type":"Feature","geometry":{"type":"LineString","coordinates":[[-24.9,65.6],[-24,66.5]]},"properties":{}},{"type":"Feature","geometry":{"type":"MultiLineString","coordinates":[[[-24.4813,68.6256],[-17.456723,69.574068]],[[-17.456723,69.574068],[-8.6875,70.7581]]]},"properties":{}},{"type":"Feature","geometry":{"type":"LineString","coordinates":[[-24.4813,68.6256],[-19.24,70.8041]]},"properties":{}},{"type":"Feature","geometry":{"type":"LineString","coordinates":[[-24,66.5],[-24.4813,68.6256]]},"properties":{}},{"type":"Feature","geometry":{"type":"LineString","coordinates":[[-160.6669,56],[-160.8137,56.0447],[-160.9945,56.0488],[-165.2534,56.5079]]},"properties":{}},{"type":"Feature","geometry":{"type":"LineString","coordinates":[[-20,63],[-23.5,64.1]]},"properties":{}},{"type":"Feature","geometry":{"type":"LineString","coordinates":[[-18,21],[-20.5422,18.0164],[-23,15]]},"properties":{}},{"type":"Feature","geometry":{"type":"MultiLineString","coordinates":[[[-17,11],[-19.9826,13.0051],[-21.749102,14.172991]],[[-21.749102,14.172991],[-23,15]]]},"properties":{}},{"type":"Feature","geometry":{"type":"MultiLineString","coordinates":[[[-18,15],[-21.294944,15]],[[-21.294944,15],[-23,15]]]},"properties":{}},{"type":"Feature","geometry":{"type":"MultiLineString","coordinates":[[[-5.5,48.6667],[-5.68911,48.648772]],[[-5.68911,48.648772],[-6.031935,48.616271]],[[-6.031935,48.616271],[-6.61351,48.561136]],[[-6.61351,48.561136],[-7.371242,48.489301]],[[-7.371242,48.489301],[-10.558668,48.187125]],[[-10.558668,48.187125],[-13.92959,47.867552]],[[-13.92959,47.867552],[-14.408313,47.822168]],[[-14.408313,47.822168],[-16.235098,47.648984]],[[-16.235098,47.648984],[-17.657564,47.51413]],[[-17.657564,47.51413],[-19.929294,47.298764]],[[-19.929294,47.298764],[-20.001626,47.291907]],[[-20.001626,47.291907],[-20.0017,47.2919]]]},"properties":{}},{"type":"Feature","geometry":{"type":"LineString","coordinates":[[-10,-50],[-20,-50]]},"properties":{}},{"type":"Feature","geometry":{"type":"MultiLineString","coordinates":[[[-20,-50],[-19.997,-45.0022],[-19.997559,-44.069415]],[[-19.997559,-44.069415],[-20,-40]]]},"properties":{}},{"type":"Feature","geometry":{"type":"MultiLineString","coordinates":[[[-20,-40],[-14.999976,-35.385732]],[[-14.999976,-35.385732],[-14.6948,-35.1041],[-14.615365,-35.01774]],[[-14.615365,-35.01774],[-13.481403,-33.784917]],[[-13.481403,-33.784917],[-10.839833,-30.913051]],[[-10.839833,-30.913051],[-10,-30]]]},"properties":{}},{"type":"Feature","geometry":{"type":"MultiLineString","coordinates":[[[-20,-40],[-19.997924,-35.058814]],[[-19.997924,-35.058814],[-19.9979,-35.0021],[-19.998517,-33.533377]],[[-19.998517,-33.533377],[-20,-30]]]},"properties":{}},{"type":"Feature","geometry":{"type":"MultiLineString","coordinates":[[[-164.2559,54.0558],[-162.55969,54.272848]],[[-162.55969,54.272848],[-162.0943,54.3324]]]},"properties":{}},{"type":"Feature","geometry":{"type":"LineString","coordinates":[[-10,-40],[-15.0004,-40.1068],[-20,-40]]},"properties":{}},{"type":"Feature","geometry":{"type":"MultiLineString","coordinates":[[[-10,-20],[-10.796127,-20.843889]],[[-10.796127,-20.843889],[-14.7972,-25.085],[-15.000105,-25.276681]],[[-15.000105,-25.276681],[-18.197878,-28.297565]],[[-18.197878,-28.297565],[-20,-30]]]},"properties":{}},{"type":"Feature","geometry":{"type":"MultiLineString","coordinates":[[[-20,-20],[-19.9986,-25.0017],[-19.999418,-27.923443]],[[-19.999418,-27.923443],[-20,-30]]]},"properties":{}},{"type":"Feature","geometry":{"type":"MultiLineString","coordinates":[[[-10,-40],[-14.999976,-35.385732]],[[-14.999976,-35.385732],[-15.3071,-35.1023],[-15.384491,-35.018158]],[[-15.384491,-35.018158],[-16.630574,-33.663369]],[[-16.630574,-33.663369],[-20,-30]]]},"properties":{}},{"type":"Feature","geometry":{"type":"LineString","coordinates":[[-164,53.8],[-164.2559,54.0558]]},"properties":{}},{"type":"Feature","geometry":{"type":"LineString","coordinates":[[-10,-30],[-15.0005,-30.0935],[-20,-30]]},"properties":{}},{"type":"Feature","geometry":{"type":"LineString","coordinates":[[-20,-10],[-14.3,-8]]},"properties":{}},{"type":"Feature","geometry":{"type":"MultiLineString","coordinates":[[[-20,-10],[-19.9997,-5.0004],[-19.999803,-3.28153]],[[-19.999803,-3.28153],[-20,-0.00002]]]},"properties":{}},{"type":"Feature","geometry":{"type":"MultiLineString","coordinates":[[[-20,-10],[-19.999225,-14.844666]],[[-19.999225,-14.844666],[-19.9992,-15.0011],[-20,-20]]]},"properties":{}},{"type":"Feature","geometry":{"type":"MultiLineString","coordinates":[[[-20,-10],[-17.5827,-12.5384],[-15.1175,-15.0547],[-15.000194,-15.170393]],[[-15.000194,-15.170393],[-12.5937,-17.5438],[-10,-20]]]},"properties":{}},{"type":"Feature","geometry":{"type":"MultiLineString","coordinates":[[[-10,-10],[-12.52511,-10.018534]],[[-12.52511,-10.018534],[-15.0002,-10.0367],[-20,-10]]]},"properties":{}},{"type":"Feature","geometry":{"type":"LineString","coordinates":[[-20,-0.00002],[-10,-0.00002]]},"properties":{}},{"type":"Feature","geometry":{"type":"LineString","coordinates":[[-17,11],[-18.514,5.5024],[-20,-0.00002]]},"properties":{}},{"type":"Feature","geometry":{"type":"LineString","coordinates":[[-14.3,-8],[-17.6083,-4.2057],[-20,-0.00002]]},"properties":{}},{"type":"Feature","geometry":{"type":"LineString","coordinates":[[-17,33],[-20,30]]},"properties":{}},{"type":"Feature","geometry":{"type":"MultiLineString","coordinates":[[[-164,53.8],[-163.25487,51.682581]],[[-163.25487,51.682581],[-162.794168,50.373414]],[[-162.794168,50.373414],[-162.7917,50.3664],[-162.105676,48.106325]],[[-162.105676,48.106325],[-161.7457,46.9204],[-161.568165,46.254624]],[[-161.568165,46.254624],[-160.8241,43.4643],[-160.580205,42.439027]],[[-160.580205,42.439027],[-160.413881,41.739849]],[[-160.413881,41.739849],[-160,40]]]},"properties":{}},{"type":"Feature","geometry":{"type":"MultiLineString","coordinates":[[[-20,40],[-20.000334,39.204827]],[[-20.000334,39.204827],[-20.000931,37.783204]],[[-20.000931,37.783204],[-20.000978,37.672504]],[[-20.000978,37.672504],[-20.001544,36.324949]],[[-20.001544,36.324949],[-20.002089,35.027846]],[[-20.002089,35.027846],[-20.0021,35.002],[-20.002093,34.985342]],[[-20.002093,34.985342],[-20.002054,34.891316]],[[-20.002054,34.891316],[-20.001526,33.634878]],[[-20.001526,33.634878],[-20.001431,33.408088]],[[-20.001431,33.408088],[-20,30]]]},"properties":{}},{"type":"Feature","geometry":{"type":"MultiLineString","coordinates":[[[-18,21],[-18.76187,24.560373]],[[-18.76187,24.560373],[-18.9639,25.5045],[-19.309905,27.00577]],[[-19.309905,27.00577],[-19.593968,28.23828]],[[-19.593968,28.23828],[-20,30]]]},"properties":{}},{"type":"Feature","geometry":{"type":"MultiLineString","coordinates":[[[-17.8,29],[-18.907725,29.503512]],[[-18.907725,29.503512],[-20,30]]]},"properties":{}},{"type":"Feature","geometry":{"type":"MultiLineString","coordinates":[[[-20,40],[-16.177345,41.206793]],[[-16.177345,41.206793],[-14.871,41.6192],[-12.766926,42.160125]],[[-12.766926,42.160125],[-11.909672,42.380511]],[[-11.909672,42.380511],[-10.591061,42.719505]],[[-10.591061,42.719505],[-10.289669,42.796988]],[[-10.289669,42.796988],[-10.143696,42.834516]],[[-10.143696,42.834516],[-10.054052,42.857562]],[[-10.054052,42.857562],[-9.769794,42.93064]],[[-9.769794,42.93064],[-9.5,43]]]},"properties":{}},{"type":"Feature","geometry":{"type":"MultiLineString","coordinates":[[[-20,40],[-17.317683,41.932213]],[[-17.317683,41.932213],[-16.7645,42.3307],[-14.289256,43.919534]],[[-14.289256,43.919534],[-13.2868,44.563],[-12.989088,44.731314]],[[-12.989088,44.731314],[-12.396551,45.066309]],[[-12.396551,45.066309],[-10.404053,46.192784]],[[-10.404053,46.192784],[-9.5405,46.681],[-7.907145,47.483711]],[[-7.907145,47.483711],[-6.921259,47.968223]],[[-6.921259,47.968223],[-6.29031,48.278303]],[[-6.29031,48.278303],[-5.797466,48.520511]],[[-5.797466,48.520511],[-5.5,48.6667]]]},"properties":{}},{"type":"Feature","geometry":{"type":"MultiLineString","coordinates":[[[-20,40],[-18.203629,42.495802]],[[-18.203629,42.495802],[-16.510343,44.848383]],[[-16.510343,44.848383],[-15.919351,45.669482]],[[-15.919351,45.669482],[-15.8655,45.7443],[-14.893005,46.810906]],[[-14.893005,46.810906],[-14.261833,47.503157]],[[-14.261833,47.503157],[-13.92959,47.867552]],[[-13.92959,47.867552],[-13.147736,48.725068]],[[-13.147736,48.725068],[-12.60526,49.320041]],[[-12.60526,49.320041],[-12.051344,49.927561]],[[-12.051344,49.927561],[-11.979529,50.006326]],[[-11.979529,50.006326],[-11.780343,50.224787]],[[-11.780343,50.224787],[-11.669829,50.345996]],[[-11.669829,50.345996],[-11.238784,50.818753]],[[-11.238784,50.818753],[-10.8,51.3]]]},"properties":{}},{"type":"Feature","geometry":{"type":"MultiLineString","coordinates":[[[-20,40],[-20.002182,43.637435]],[[-20.002182,43.637435],[-20.002183,43.639943]],[[-20.002183,43.639943],[-20.003,45.0022],[-20.001632,47.280732]],[[-20.001632,47.280732],[-20.001626,47.291907]],[[-20.001626,47.291907],[-20.000174,49.709697]],[[-20.000174,49.709697],[-20,50]]]},"properties":{}},{"type":"Feature","geometry":{"type":"MultiLineString","coordinates":[[[-20,40],[-14.5065,38.5182],[-13.755544,38.272734]],[[-13.755544,38.272734],[-12.057515,37.717697]],[[-12.057515,37.717697],[-11.138637,37.417342]],[[-11.138637,37.417342],[-10.855872,37.324914]],[[-10.855872,37.324914],[-9.36445,36.83741]],[[-9.36445,36.83741],[-9.25,36.8]]]},"properties":{}},{"type":"Feature","geometry":{"type":"MultiLineString","coordinates":[[[-20,40],[-14.7441,39.364],[-13.19617,39.104011]],[[-13.19617,39.104011],[-12.755481,39.029993]],[[-12.755481,39.029993],[-11.664545,38.84676]],[[-11.664545,38.84676],[-10.171972,38.596068]],[[-10.171972,38.596068],[-9.6,38.5]]]},"properties":{}},{"type":"Feature","geometry":{"type":"MultiLineString","coordinates":[[[-20,50],[-15.429461,50.04607]],[[-15.429461,50.04607],[-13.2737,50.0678],[-11.979529,50.006326]],[[-11.979529,50.006326],[-11.083895,49.963782]],[[-11.083895,49.963782],[-10.694975,49.945308]],[[-10.694975,49.945308],[-6.69652,49.755378]],[[-6.69652,49.755378],[-6.5833,49.75]]]},"properties":{}},{"type":"Feature","geometry":{"type":"MultiLineString","coordinates":[[[-20,50],[-16.72313,50.463036]],[[-16.72313,50.463036],[-15.688076,50.609294]],[[-15.688076,50.609294],[-14.920876,50.717702]],[[-14.920876,50.717702],[-12.36921,51.078264]],[[-12.36921,51.078264],[-10.8,51.3]]]},"properties":{}},{"type":"Feature","geometry":{"type":"MultiLineString","coordinates":[[[-160,50],[-161.840515,51.74849]],[[-161.840515,51.74849],[-164,53.8]]]},"properties":{}},{"type":"Feature","geometry":{"type":"MultiLineString","coordinates":[[[-20,50],[-19.529903,50.548409]],[[-19.529903,50.548409],[-19.223316,50.906069]],[[-19.223316,50.906069],[-18.318775,51.961295]],[[-18.318775,51.961295],[-17.009956,53.488145]],[[-17.009956,53.488145],[-15.6257,55.103],[-15.212669,55.462531]],[[-15.212669,55.462531],[-14.037648,56.485351]],[[-14.037648,56.485351],[-11.841927,58.396659]],[[-11.841927,58.396659],[-10,60]]]},"properties":{}},{"type":"Feature","geometry":{"type":"MultiLineString","coordinates":[[[-20,50],[-20.000464,50.539776]],[[-20.000464,50.539776],[-20.000808,50.940109]],[[-20.000808,50.940109],[-20.00188,52.186447]],[[-20.00188,52.186447],[-20.0043,55.0021],[-20.002982,56.53398]],[[-20.002982,56.53398],[-20.002106,57.552768]],[[-20.002106,57.552768],[-20,60]]]},"properties":{}},{"type":"Feature","geometry":{"type":"MultiLineString","coordinates":[[[-20,50],[-19.742404,49.726631]],[[-19.742404,49.726631],[-17.925346,47.79831]],[[-17.925346,47.79831],[-17.657564,47.51413]],[[-17.657564,47.51413],[-15.919351,45.669482]],[[-15.919351,45.669482],[-15.481755,45.205091]],[[-15.481755,45.205091],[-14.5013,44.1646],[-14.289256,43.919534]],[[-14.289256,43.919534],[-12.766926,42.160125]],[[-12.766926,42.160125],[-11.845154,41.094802]],[[-11.845154,41.094802],[-11.158374,40.301066]],[[-11.158374,40.301066],[-10.724728,39.799887]],[[-10.724728,39.799887],[-9.6,38.5]]]},"properties":{}},{"type":"Feature","geometry":{"type":"MultiLineString","coordinates":[[[-20,50],[-19.57938,49.737341]],[[-19.57938,49.737341],[-16.888237,48.056841]],[[-16.888237,48.056841],[-16.235098,47.648984]],[[-16.235098,47.648984],[-14.893005,46.810906]],[[-14.893005,46.810906],[-14.4848,46.556],[-13.53667,45.879634]],[[-13.53667,45.879634],[-13.506469,45.858089]],[[-13.506469,45.858089],[-12.396551,45.066309]],[[-12.396551,45.066309],[-10.194961,43.495763]],[[-10.194961,43.495763],[-10.075998,43.410899]],[[-10.075998,43.410899],[-10.072518,43.408417]],[[-10.072518,43.408417],[-10.063992,43.402334]],[[-10.063992,43.402334],[-10.047609,43.390647]],[[-10.047609,43.390647],[-9.753278,43.18068]],[[-9.753278,43.18068],[-9.5,43]]]},"properties":{}},{"type":"Feature","geometry":{"type":"MultiLineString","coordinates":[[[-5.5,48.6667],[-5.661424,48.681543]],[[-5.661424,48.681543],[-5.952971,48.708351]],[[-5.952971,48.708351],[-6.510489,48.759616]],[[-6.510489,48.759616],[-7.193705,48.822439]],[[-7.193705,48.822439],[-10.548416,49.130911]],[[-10.548416,49.130911],[-10.632436,49.138636]],[[-10.632436,49.138636],[-12.60526,49.320041]],[[-12.60526,49.320041],[-15.205893,49.559174]],[[-15.205893,49.559174],[-18.158595,49.83068]],[[-18.158595,49.83068],[-20,50]]]},"properties":{}},{"type":"Feature","geometry":{"type":"LineString","coordinates":[[-20,60],[-10,60]]},"properties":{}},{"type":"Feature","geometry":{"type":"LineString","coordinates":[[-20,60],[-20,63]]},"properties":{}},{"type":"Feature","geometry":{"type":"MultiLineString","coordinates":[[[-20,60],[-17.704327,57.823884]],[[-17.704327,57.823884],[-17.061319,57.214364]],[[-17.061319,57.214364],[-15.3302,55.5734],[-15.212669,55.462531]],[[-15.212669,55.462531],[-12.139441,52.563513]],[[-12.139441,52.563513],[-10.8,51.3]]]},"properties":{}},{"type":"Feature","geometry":{"type":"MultiLineString","coordinates":[[[-10.5,54.4],[-14.037648,56.485351]],[[-14.037648,56.485351],[-15.775448,57.509738]],[[-15.775448,57.509738],[-16.516959,57.946839]],[[-16.516959,57.946839],[-20,60]]]},"properties":{}},{"type":"Feature","geometry":{"type":"LineString","coordinates":[[-15,64],[-20,63]]},"properties":{}},{"type":"Feature","geometry":{"type":"MultiLineString","coordinates":[[[-130,50],[-136.903273,51.619032]],[[-136.903273,51.619032],[-137.848,51.8406],[-139.325457,52.066294]],[[-139.325457,52.066294],[-141.171396,52.348277]],[[-141.171396,52.348277],[-146.258,53.1253],[-149.695735,53.385143]],[[-149.695735,53.385143],[-150.843613,53.471906]],[[-150.843613,53.471906],[-152.324419,53.583834]],[[-152.324419,53.583834],[-155.0573,53.7904]],[[-155.0573,53.7904],[-156.381717,53.791822]],[[-156.381717,53.791822],[-156.3832,53.791823]],[[-156.3832,53.791823],[-164,53.8]]]},"properties":{}},{"type":"Feature","geometry":{"type":"MultiLineString","coordinates":[[[-10,-10],[-11.321431,-11.387445]],[[-11.321431,-11.387445],[-12.4181,-12.5389],[-14.8837,-15.0555],[-15.000194,-15.170393]],[[-15.000194,-15.170393],[-16.822275,-16.967419]],[[-16.822275,-16.967419],[-17.4073,-17.5444],[-20,-20]]]},"properties":{}},{"type":"Feature","geometry":{"type":"MultiLineString","coordinates":[[[-20,-20],[-15.2045,-25.0836],[-15.000105,-25.276681]],[[-15.000105,-25.276681],[-10,-30]]]},"properties":{}},{"type":"Feature","geometry":{"type":"MultiLineString","coordinates":[[[-10,-20],[-12.088665,-20.028905]],[[-12.088665,-20.028905],[-15.0004,-20.0692],[-20,-20]]]},"properties":{}},{"type":"Feature","geometry":{"type":"MultiLineString","coordinates":[[[-19.24,70.8041],[-17.456723,69.574068]],[[-17.456723,69.574068],[-13,66.5]]]},"properties":{}},{"type":"Feature","geometry":{"type":"LineString","coordinates":[[-19.24,70.8041],[-8.6875,70.7581]]},"properties":{}},{"type":"Feature","geometry":{"type":"LineString","coordinates":[[-18,67],[-13,66.5]]},"properties":{}},{"type":"Feature","geometry":{"type":"LineString","coordinates":[[-170,10],[-174.9997,10.0367],[-180,10]]},"properties":{}},{"type":"Feature","geometry":{"type":"LineString","coordinates":[[-162.0943,54.3324],[-160.9549,54.7246],[-160.1571,55.1983],[-159.8367,55.3348],[-159.1697,55.3006],[-158.5473,55.3993],[-156.7473,55.9408]]},"properties":{}},{"type":"Feature","geometry":{"type":"LineString","coordinates":[[-18,21],[-18,15]]},"properties":{}},{"type":"Feature","geometry":{"type":"LineString","coordinates":[[-17,11],[-18,15]]},"properties":{}},{"type":"Feature","geometry":{"type":"MultiLineString","coordinates":[[[-162.0943,54.3324],[-156.277968,53.884418]],[[-156.277968,53.884418],[-155.0573,53.7904]],[[-155.0573,53.7904],[-152.454508,53.060358]],[[-152.454508,53.060358],[-150.618484,52.545381]],[[-150.618484,52.545381],[-149.79205,52.31358]],[[-149.79205,52.31358],[-144.0492,50.7028]],[[-144.0492,50.7028],[-140.851649,50]],[[-140.851649,50],[-140.167264,49.849577]],[[-140.167264,49.849577],[-140.000112,49.812838]],[[-140.000112,49.812838],[-139.740465,49.755769]],[[-139.740465,49.755769],[-136.4466,49.0318],[-132.825969,47.458551]],[[-132.825969,47.458551],[-132.411326,47.278378]],[[-132.411326,47.278378],[-130.0023,46.2316],[-130.002262,46.2316]],[[-130.002262,46.2316],[-129.799655,46.230989]],[[-129.799655,46.230989],[-125.0634,46.2167]]]},"properties":{}},{"type":"Feature","geometry":{"type":"LineString","coordinates":[[-18,21],[-16.6896,24.657],[-15.3,28.3]]},"properties":{}},{"type":"Feature","geometry":{"type":"LineString","coordinates":[[-17,33],[-17.8,29]]},"properties":{}},{"type":"Feature","geometry":{"type":"LineString","coordinates":[[-17.8,29],[-16.1,28.9]]},"properties":{}},{"type":"Feature","geometry":{"type":"MultiLineString","coordinates":[[[-5.75,35.95],[-7.727888,35.484702]],[[-7.727888,35.484702],[-8.168549,35.381037]],[[-8.168549,35.381037],[-8.452202,35.314307]],[[-8.452202,35.314307],[-8.48295,35.307074]],[[-8.48295,35.307074],[-8.996561,35.186247]],[[-8.996561,35.186247],[-11.4737,34.6035],[-13.32875,34.065242]],[[-13.32875,34.065242],[-17,33]]]},"properties":{}},{"type":"Feature","geometry":{"type":"MultiLineString","coordinates":[[[-17,33],[-15.415836,34.244612]],[[-15.415836,34.244612],[-15.363339,34.285857]],[[-15.363339,34.285857],[-13.95178,35.394859]],[[-13.95178,35.394859],[-13.634085,35.644459]],[[-13.634085,35.644459],[-13.4272,35.807],[-12.948729,36.143675]],[[-12.948729,36.143675],[-12.493983,36.463656]],[[-12.493983,36.463656],[-11.900228,36.88145]],[[-11.900228,36.88145],[-11.644459,37.061422]],[[-11.644459,37.061422],[-11.626086,37.07435]],[[-11.626086,37.07435],[-11.303113,37.301608]],[[-11.303113,37.301608],[-11.138637,37.417342]],[[-11.138637,37.417342],[-10.702671,37.724109]],[[-10.702671,37.724109],[-9.998959,38.219273]],[[-9.998959,38.219273],[-9.6,38.5]]]},"properties":{}},{"type":"Feature","geometry":{"type":"LineString","coordinates":[[-158.7289,56.9683],[-162.0921,56.731]]},"properties":{}},{"type":"Feature","geometry":{"type":"MultiLineString","coordinates":[[[-17,33],[-16.355577,34.078809]],[[-16.355577,34.078809],[-16.342602,34.100529]],[[-16.342602,34.100529],[-15.637598,35.280754]],[[-15.637598,35.280754],[-15.507833,35.49799]],[[-15.507833,35.49799],[-15.087759,36.201224]],[[-15.087759,36.201224],[-14.5998,37.0181],[-14.458326,37.228343]],[[-14.458326,37.228343],[-14.370384,37.359032]],[[-14.370384,37.359032],[-13.970499,37.953293]],[[-13.970499,37.953293],[-13.755544,38.272734]],[[-13.755544,38.272734],[-13.19617,39.104011]],[[-13.19617,39.104011],[-13.09895,39.248488]],[[-13.09895,39.248488],[-11.934,40.9797],[-11.845154,41.094802]],[[-11.845154,41.094802],[-11.515445,41.521946]],[[-11.515445,41.521946],[-10.591061,42.719505]],[[-10.591061,42.719505],[-10.176425,43.256675]],[[-10.176425,43.256675],[-10.091286,43.366973]],[[-10.091286,43.366973],[-10.081664,43.379439]],[[-10.081664,43.379439],[-10.071968,43.392]],[[-10.071968,43.392],[-10.063992,43.402334]],[[-10.063992,43.402334],[-8.9315,44.8695],[-7.987368,45.91425]],[[-7.987368,45.91425],[-6.698867,47.340067]],[[-6.698867,47.340067],[-5.5,48.6667]]]},"properties":{}},{"type":"Feature","geometry":{"type":"LineString","coordinates":[[-17,11],[-13.4277,5.5302],[-10,-0.00002]]},"properties":{}},{"type":"Feature","geometry":{"type":"LineString","coordinates":[[-14.5,8.5],[-17,11]]},"properties":{}},{"type":"Feature","geometry":{"type":"LineString","coordinates":[[-157.8934,57.6548],[-162.0921,56.731]]},"properties":{}},{"type":"Feature","geometry":{"type":"LineString","coordinates":[[-16.1,28.9],[-15.3,28.3]]},"properties":{}},{"type":"Feature","geometry":{"type":"MultiLineString","coordinates":[[[4.2,60.2],[1.211753,61.6317]],[[1.211753,61.6317],[1.137232,61.667404]],[[1.137232,61.667404],[0.444522,61.999289]],[[0.444522,61.999289],[-1.706451,63.029843]],[[-1.706451,63.029843],[-4.013304,64.13508]],[[-4.013304,64.13508],[-4.404249,64.322386]],[[-4.404249,64.322386],[-4.4383,64.3387],[-4.749176,64.328731]],[[-4.749176,64.328731],[-10.959878,64.129561]],[[-10.959878,64.129561],[-15,64]]]},"properties":{}},{"type":"Feature","geometry":{"type":"LineString","coordinates":[[-13,65],[-15,64]]},"properties":{}},{"type":"Feature","geometry":{"type":"LineString","coordinates":[[-158.7411,57.9319],[-162.0921,56.731]]},"properties":{}},{"type":"Feature","geometry":{"type":"LineString","coordinates":[[-11.5,5.5],[-14.5,8.5]]},"properties":{}},{"type":"Feature","geometry":{"type":"LineString","coordinates":[[-14.3,-8],[-12.1396,-4.003],[-10,-0.00002]]},"properties":{}},{"type":"Feature","geometry":{"type":"MultiLineString","coordinates":[[[10,-30],[4.581235,-25.7304]],[[4.581235,-25.7304],[0.000594,-22.121182]],[[0.000594,-22.121182],[-1.147621,-21.216471]],[[-1.147621,-21.216471],[-2.645049,-20.036605]],[[-2.645049,-20.036605],[-6.1323,-17.2889],[-6.604143,-16.752286]],[[-6.604143,-16.752286],[-6.625182,-16.728359]],[[-6.625182,-16.728359],[-9.999538,-12.890797]],[[-9.999538,-12.890797],[-11.321431,-11.387445]],[[-11.321431,-11.387445],[-12.52511,-10.018534]],[[-12.52511,-10.018534],[-14.3,-8]]]},"properties":{}},{"type":"Feature","geometry":{"type":"LineString","coordinates":[[-10,-10],[-14.3,-8]]},"properties":{}},{"type":"Feature","geometry":{"type":"LineString","coordinates":[[-161.5025,57.7522],[-162.0921,56.731]]},"properties":{}},{"type":"Feature","geometry":{"type":"MultiLineString","coordinates":[[[-13.2789,51.2871],[-12.139441,52.563513]],[[-12.139441,52.563513],[-10.5,54.4]]]},"properties":{}},{"type":"Feature","geometry":{"type":"LineString","coordinates":[[-13,66.5],[-13,65]]},"properties":{}},{"type":"Feature","geometry":{"type":"LineString","coordinates":[[0,67],[-13,66.5]]},"properties":{}},{"type":"Feature","geometry":{"type":"LineString","coordinates":[[-8.6875,70.7581],[-13,66.5]]},"properties":{}},{"type":"Feature","geometry":{"type":"MultiLineString","coordinates":[[[-13,66.5],[-4.749176,64.328731]],[[-4.749176,64.328731],[-4.501165,64.263465]],[[-4.501165,64.263465],[-4.013304,64.13508]],[[-4.013304,64.13508],[-0.97702,63.336058]],[[-0.97702,63.336058],[1.523381,62.678058]],[[1.523381,62.678058],[4.1,62]]]},"properties":{}},{"type":"Feature","geometry":{"type":"MultiLineString","coordinates":[[[-8.9215,37.9542],[-9.117,37.8906]],[[-9.117,37.8906],[-9.452092,37.781589]],[[-9.452092,37.781589],[-9.753034,37.683687]],[[-9.753034,37.683687],[-10.339312,37.49296]],[[-10.339312,37.49296],[-10.855872,37.324914]],[[-10.855872,37.324914],[-11.088607,37.249201]],[[-11.088607,37.249201],[-11.626086,37.07435]],[[-11.626086,37.07435],[-11.6579,37.064]]]},"properties":{}},{"type":"Feature","geometry":{"type":"LineString","coordinates":[[-11.5,5.5],[-10,-0.00002]]},"properties":{}},{"type":"Feature","geometry":{"type":"MultiLineString","coordinates":[[[-161.3966,58.3623],[-160.946417,58.363385]],[[-160.946417,58.363385],[-158.9906,58.3681]]]},"properties":{}},{"type":"Feature","geometry":{"type":"LineString","coordinates":[[-7.5,3.5],[-11.5,5.5]]},"properties":{}},{"type":"Feature","geometry":{"type":"LineString","coordinates":[[-11.5,5.5],[-11.0894,5.3092],[-7.5,3.5]]},"properties":{}},{"type":"Feature","geometry":{"type":"MultiLineString","coordinates":[[[-10.8,51.3],[-10.166773,51.317572]],[[-10.166773,51.317572],[-9.6,51.3333]]]},"properties":{}},{"type":"Feature","geometry":{"type":"MultiLineString","coordinates":[[[-10.2,53],[-10.472335,52.228385]],[[-10.472335,52.228385],[-10.472911,52.226752]],[[-10.472911,52.226752],[-10.646733,51.734257]],[[-10.646733,51.734257],[-10.8,51.3]]]},"properties":{}},{"type":"Feature","geometry":{"type":"MultiLineString","coordinates":[[[-7.5,55.417],[-8.611544,55.040187]],[[-8.611544,55.040187],[-10.5,54.4]]]},"properties":{}},{"type":"Feature","geometry":{"type":"MultiLineString","coordinates":[[[-10.5,54.4],[-7.661853,56.486873]],[[-7.661853,56.486873],[-7.1,56.9]]]},"properties":{}},{"type":"Feature","geometry":{"type":"MultiLineString","coordinates":[[[-10,60],[-10.1362,58.47456]],[[-10.1362,58.47456],[-10.5,54.4]]]},"properties":{}},{"type":"Feature","geometry":{"type":"LineString","coordinates":[[-10.5,54.4],[-10.2,53]]},"properties":{}},{"type":"Feature","geometry":{"type":"LineString","coordinates":[[-10.1,30.2],[-10.1,31.8]]},"properties":{}},{"type":"Feature","geometry":{"type":"LineString","coordinates":[[-10.1,31.8],[-8.8,33.6]]},"properties":{}},{"type":"Feature","geometry":{"type":"MultiLineString","coordinates":[[[-10.0729,43.4198],[-7.907145,47.483711]],[[-7.907145,47.483711],[-7.679507,47.910861]],[[-7.679507,47.910861],[-7.371242,48.489301]],[[-7.371242,48.489301],[-7.193705,48.822439]],[[-7.193705,48.822439],[-6.709922,49.73023]],[[-6.709922,49.73023],[-6.697411,49.753705]],[[-6.697411,49.753705],[-6.69652,49.755378]],[[-6.69652,49.755378],[-6.693996,49.760113]],[[-6.693996,49.760113],[-6.692563,49.762802]],[[-6.692563,49.762802],[-6.686732,49.773745]],[[-6.686732,49.773745],[-6.674013,49.79761]],[[-6.674013,49.79761],[-6.236156,50.619224]],[[-6.236156,50.619224],[-6.132679,50.813392]],[[-6.132679,50.813392],[-6.022929,51.019331]],[[-6.022929,51.019331],[-5.9,51.25]]]},"properties":{}},{"type":"Feature","geometry":{"type":"MultiLineString","coordinates":[[[-9.9844,40.7798],[-10.054052,42.857562]],[[-10.054052,42.857562],[-10.071657,43.382732]],[[-10.071657,43.382732],[-10.071968,43.392]],[[-10.071968,43.392],[-10.072518,43.408417]],[[-10.072518,43.408417],[-10.0729,43.4198]]]},"properties":{}},{"type":"Feature","geometry":{"type":"MultiLineString","coordinates":[[[-10,-20],[-7.4073,-17.5444],[-6.604143,-16.752286]],[[-6.604143,-16.752286],[-5.000194,-15.170393]],[[-5.000194,-15.170393],[-4.8837,-15.0555],[-2.4181,-12.5389],[-2.23333,-12.3449]],[[-2.23333,-12.3449],[-1.087497,-11.141825]],[[-1.087497,-11.141825],[0,-10]]]},"properties":{}},{"type":"Feature","geometry":{"type":"MultiLineString","coordinates":[[[0,-10],[-1.100476,-11.1256]],[[-1.100476,-11.1256],[-2.261319,-12.312945]],[[-2.261319,-12.312945],[-5.028089,-15.142881]],[[-5.028089,-15.142881],[-5.7249,-15.8556],[-6.625182,-16.728359]],[[-6.625182,-16.728359],[-10,-20]]]},"properties":{}},{"type":"Feature","geometry":{"type":"MultiLineString","coordinates":[[[-10,-10],[-9.999538,-12.890797]],[[-9.999538,-12.890797],[-9.9992,-15.0011],[-10,-20]]]},"properties":{}},{"type":"Feature","geometry":{"type":"MultiLineString","coordinates":[[[-10,-20],[-9.999624,-21.343395]],[[-9.999624,-21.343395],[-9.9986,-25.0017],[-10,-30]]]},"properties":{}},{"type":"Feature","geometry":{"type":"MultiLineString","coordinates":[[[0.00001,-30],[-5.000105,-25.276681]],[[-5.000105,-25.276681],[-5.2045,-25.0836],[-7.024709,-23.154038]],[[-7.024709,-23.154038],[-10,-20]]]},"properties":{}},{"type":"Feature","geometry":{"type":"MultiLineString","coordinates":[[[-160,-50],[-154.888941,-45.403525]],[[-154.888941,-45.403525],[-154.563,-45.1104],[-150,-40]]]},"properties":{}},{"type":"Feature","geometry":{"type":"MultiLineString","coordinates":[[[10,-30],[3.523029,-26.761515]],[[3.523029,-26.761515],[0.0014,-25.0007]],[[0.0014,-25.0007],[-3.205142,-23.397429]],[[-3.205142,-23.397429],[-10,-20]]]},"properties":{}},{"type":"Feature","geometry":{"type":"MultiLineString","coordinates":[[[-10,-20],[-5.0004,-20.0692],[-2.645049,-20.036605]],[[-2.645049,-20.036605],[0,-20]]]},"properties":{}},{"type":"Feature","geometry":{"type":"MultiLineString","coordinates":[[[0,-0.00002],[-1.108984,-1.124983]],[[-1.108984,-1.124983],[-2.4763,-2.512],[-4.9621,-5.0193],[-5.0001,-5.057192]],[[-5.0001,-5.057192],[-5.531121,-5.586708]],[[-5.531121,-5.586708],[-6.44935,-6.502335]],[[-6.44935,-6.502335],[-7.4668,-7.5169],[-10,-10]]]},"properties":{}},{"type":"Feature","geometry":{"type":"LineString","coordinates":[[-10,-10],[-9.9997,-5.0004],[-10,-0.00002]]},"properties":{}},{"type":"Feature","geometry":{"type":"MultiLineString","coordinates":[[[-10,-10],[-7.5827,-12.5384],[-5.1175,-15.0547],[-5.028089,-15.142881]],[[-5.028089,-15.142881],[-5.000194,-15.170393]],[[-5.000194,-15.170393],[-2.5937,-17.5438],[0,-20]]]},"properties":{}},{"type":"Feature","geometry":{"type":"MultiLineString","coordinates":[[[-10,-10],[-5.0002,-10.0367],[-4.259863,-10.031266]],[[-4.259863,-10.031266],[-1.989182,-10.0146]],[[-1.989182,-10.0146],[0,-10]]]},"properties":{}},{"type":"Feature","geometry":{"type":"LineString","coordinates":[[0,-50],[-10,-50]]},"properties":{}},{"type":"Feature","geometry":{"type":"MultiLineString","coordinates":[[[0,-40],[-4.563,-45.1105]],[[-4.563,-45.1105],[-10,-50]]]},"properties":{}},{"type":"Feature","geometry":{"type":"MultiLineString","coordinates":[[[-10,-50],[-9.997,-45.0022],[-9.998672,-42.214733]],[[-9.998672,-42.214733],[-10,-40]]]},"properties":{}},{"type":"Feature","geometry":{"type":"LineString","coordinates":[[-160,-50],[-159.997,-45.0022],[-160,-40]]},"properties":{}},{"type":"Feature","geometry":{"type":"MultiLineString","coordinates":[[[0.00001,-30],[-1.410786,-31.533788]],[[-1.410786,-31.533788],[-1.979997,-32.152623]],[[-1.979997,-32.152623],[-3.824247,-34.157653]],[[-3.824247,-34.157653],[-4.610359,-35.012298]],[[-4.610359,-35.012298],[-4.6948,-35.1041],[-4.999976,-35.385732]],[[-4.999976,-35.385732],[-10,-40]]]},"properties":{}},{"type":"Feature","geometry":{"type":"MultiLineString","coordinates":[[[-10,-40],[-9.997906,-35.015228]],[[-9.997906,-35.015228],[-9.9979,-35.0021],[-9.998355,-33.919351]],[[-9.998355,-33.919351],[-9.999576,-31.009742]],[[-9.999576,-31.009742],[-10,-30]]]},"properties":{}},{"type":"Feature","geometry":{"type":"LineString","coordinates":[[0,-40],[-5.0004,-40.1068],[-10,-40]]},"properties":{}},{"type":"Feature","geometry":{"type":"MultiLineString","coordinates":[[[-10,-30],[-5.000105,-25.276681]],[[-5.000105,-25.276681],[-4.7972,-25.085],[-4.412459,-24.677177]],[[-4.412459,-24.677177],[-3.205142,-23.397429]],[[-3.205142,-23.397429],[-1.147621,-21.216471]],[[-1.147621,-21.216471],[0,-20]]]},"properties":{}},{"type":"Feature","geometry":{"type":"MultiLineString","coordinates":[[[0,-40],[-4.999976,-35.385732]],[[-4.999976,-35.385732],[-5.3071,-35.1023],[-5.389491,-35.012722]],[[-5.389491,-35.012722],[-6.262509,-34.063543]],[[-6.262509,-34.063543],[-8.931245,-31.161991]],[[-8.931245,-31.161991],[-10,-30]]]},"properties":{}},{"type":"Feature","geometry":{"type":"MultiLineString","coordinates":[[[-10,-30],[-1.410786,-31.533788]],[[-1.410786,-31.533788],[0.000756,-31.785849]],[[0.000756,-31.785849],[1.96521,-32.136645]],[[1.96521,-32.136645],[7.178416,-33.067574]],[[7.178416,-33.067574],[10.001499,-33.571696]],[[10.001499,-33.571696],[18,-35]]]},"properties":{}},{"type":"Feature","geometry":{"type":"LineString","coordinates":[[0.00001,-30],[-5.0005,-30.0935],[-10,-30]]},"properties":{}},{"type":"Feature","geometry":{"type":"MultiLineString","coordinates":[[[0,-0.00002],[-1.743578,-0.00002]],[[-1.743578,-0.00002],[-10,-0.00002]]]},"properties":{}},{"type":"Feature","geometry":{"type":"LineString","coordinates":[[-7.5,3.5],[-10,-0.00002]]},"properties":{}},{"type":"Feature","geometry":{"type":"MultiLineString","coordinates":[[[18,-35],[14.1853,-30.8123],[12.059442,-28.455418]],[[12.059442,-28.455418],[10.329549,-26.537531]],[[10.329549,-26.537531],[10.2607,-26.4612],[7.22355,-23.063244]],[[7.22355,-23.063244],[6.4155,-22.1592],[4.224434,-19.680133]],[[4.224434,-19.680133],[2.558571,-17.795303]],[[2.558571,-17.795303],[2.4503,-17.6728],[0.000792,-14.888724]],[[0.000792,-14.888724],[-1.3378,-13.3673],[-2.23333,-12.3449]],[[-2.23333,-12.3449],[-2.261319,-12.312945]],[[-2.261319,-12.312945],[-4.259863,-10.031266]],[[-4.259863,-10.031266],[-4.9017,-9.2985],[-6.44935,-6.502335]],[[-6.44935,-6.502335],[-7.4715,-4.6556],[-10,-0.00002]]]},"properties":{}},{"type":"Feature","geometry":{"type":"LineString","coordinates":[[-150,-50],[-160,-50]]},"properties":{}},{"type":"Feature","geometry":{"type":"MultiLineString","coordinates":[[[18,-35],[12.499733,-28.1252]],[[12.499733,-28.1252],[10.425227,-25.53227]],[[10.425227,-25.53227],[7.89386,-22.368307]],[[7.89386,-22.368307],[5.653262,-19.567777]],[[5.653262,-19.567777],[3.542734,-16.929822]],[[3.542734,-16.929822],[1.7833,-14.7307],[0.000405,-12.501846]],[[0.000405,-12.501846],[-1.087497,-11.141825]],[[-1.087497,-11.141825],[-1.100476,-11.1256]],[[-1.100476,-11.1256],[-1.989182,-10.0146]],[[-1.989182,-10.0146],[-5.531121,-5.586708]],[[-5.531121,-5.586708],[-10,-0.00002]]]},"properties":{}},{"type":"Feature","geometry":{"type":"MultiLineString","coordinates":[[[0,-10],[-2.5336,-7.5167],[-5.0001,-5.057192]],[[-5.0001,-5.057192],[-5.0384,-5.019],[-7.524,-2.5119],[-10,-0.00002]]]},"properties":{}},{"type":"Feature","geometry":{"type":"MultiLineString","coordinates":[[[-10,60],[-5.496786,60.780667]],[[-5.496786,60.780667],[-5.390568,60.799081]],[[-5.390568,60.799081],[-4.600009,60.93613]],[[-4.600009,60.93613],[-3.1725,61.1836],[-0.347992,61.500675]],[[-0.347992,61.500675],[1.137232,61.667404]],[[1.137232,61.667404],[1.240253,61.678969]],[[1.240253,61.678969],[4.1,62]]]},"properties":{}},{"type":"Feature","geometry":{"type":"MultiLineString","coordinates":[[[-10,60],[-8.637027,58.543029]],[[-8.637027,58.543029],[-7.920954,57.777572]],[[-7.920954,57.777572],[-7.633065,57.469828]],[[-7.633065,57.469828],[-7.297755,57.111393]],[[-7.297755,57.111393],[-7.1,56.9]]]},"properties":{}},{"type":"Feature","geometry":{"type":"MultiLineString","coordinates":[[[-10,60],[-5.845997,58.874957]],[[-5.845997,58.874957],[-5.642383,58.819812]],[[-5.642383,58.819812],[-5.2,58.7]]]},"properties":{}},{"type":"Feature","geometry":{"type":"LineString","coordinates":[[-9.6,38.5],[-9.2895,38.6804],[-9.1137,38.6997]]},"properties":{}},{"type":"Feature","geometry":{"type":"MultiLineString","coordinates":[[[-9,41.1],[-9.017953,41.022202]],[[-9.017953,41.022202],[-9.6,38.5]]]},"properties":{}},{"type":"Feature","geometry":{"type":"MultiLineString","coordinates":[[[-9,41.1],[-9.01804,41.022187]],[[-9.01804,41.022187],[-9.5309,38.81],[-9.6,38.5]]]},"properties":{}},{"type":"Feature","geometry":{"type":"MultiLineString","coordinates":[[[-9.6,38.5],[-9.9844,40.7798]],[[-9.9844,40.7798],[-9.5,43]]]},"properties":{}},{"type":"Feature","geometry":{"type":"MultiLineString","coordinates":[[[-9.25,36.8],[-9.452092,37.781589]],[[-9.452092,37.781589],[-9.6,38.5]]]},"properties":{}},{"type":"Feature","geometry":{"type":"MultiLineString","coordinates":[[[-9.6,38.5],[-9.284,38.3559]],[[-9.284,38.3559],[-8.9736,38.4313],[-9.059558,38.107188]],[[-9.059558,38.107188],[-9.117,37.8906]],[[-9.117,37.8906],[-9.2373,37.437],[-9.25,36.8]]]},"properties":{}},{"type":"Feature","geometry":{"type":"MultiLineString","coordinates":[[[-160,-40],[-155.267926,-35.633009]],[[-155.267926,-35.633009],[-154.999976,-35.385732]],[[-154.999976,-35.385732],[-154.6948,-35.1041],[-154.518899,-34.912863]],[[-154.518899,-34.912863],[-150,-30]]]},"properties":{}},{"type":"Feature","geometry":{"type":"MultiLineString","coordinates":[[[-9.6,51.3333],[-6.674013,49.79761]],[[-6.674013,49.79761],[-6.5833,49.75]]]},"properties":{}},{"type":"Feature","geometry":{"type":"MultiLineString","coordinates":[[[-9.5,43],[-8.843063,43.591243]],[[-8.843063,43.591243],[-8.5,43.9]]]},"properties":{}},{"type":"Feature","geometry":{"type":"MultiLineString","coordinates":[[[-9.5,43],[-9.346233,42.269608]],[[-9.346233,42.269608],[-9.345486,42.266058]],[[-9.345486,42.266058],[-9.304966,42.07359]],[[-9.304966,42.07359],[-9.3,42.05]]]},"properties":{}},{"type":"Feature","geometry":{"type":"LineString","coordinates":[[-9.3,42.05],[-9,41.1]]},"properties":{}},{"type":"Feature","geometry":{"type":"MultiLineString","coordinates":[[[-8.9215,37.9542],[-9.059558,38.107188]],[[-9.059558,38.107188],[-9.284,38.3559]]]},"properties":{}},{"type":"Feature","geometry":{"type":"LineString","coordinates":[[-8.9215,37.9542],[-9.25,36.8]]},"properties":{}},{"type":"Feature","geometry":{"type":"MultiLineString","coordinates":[[[-8.6866,33.2126],[-8.751058,33.623031]],[[-8.751058,33.623031],[-8.810842,34.003698]],[[-8.810842,34.003698],[-8.996561,35.186247]],[[-8.996561,35.186247],[-9.02574,35.372046]],[[-9.02574,35.372046],[-9.027721,35.384657]],[[-9.027721,35.384657],[-9.081098,35.724533]],[[-9.081098,35.724533],[-9.104538,35.873781]],[[-9.104538,35.873781],[-9.130793,36.040957]],[[-9.130793,36.040957],[-9.198531,36.472279]],[[-9.198531,36.472279],[-9.199435,36.478034]],[[-9.199435,36.478034],[-9.25,36.8]]]},"properties":{}},{"type":"Feature","geometry":{"type":"MultiLineString","coordinates":[[[-7.555,33.6435],[-7.7875,34.076471]],[[-7.7875,34.076471],[-8.018851,34.507302]],[[-8.018851,34.507302],[-8.14038,34.73362]],[[-8.14038,34.73362],[-8.201492,34.847425]],[[-8.201492,34.847425],[-8.452202,35.314307]],[[-8.452202,35.314307],[-8.53016,35.459483]],[[-8.53016,35.459483],[-8.535563,35.469545]],[[-8.535563,35.469545],[-8.686819,35.75122]],[[-8.686819,35.75122],[-8.756874,35.881681]],[[-8.756874,35.881681],[-8.838176,36.033084]],[[-8.838176,36.033084],[-9.062995,36.451752]],[[-9.062995,36.451752],[-9.25,36.8]]]},"properties":{}},{"type":"Feature","geometry":{"type":"MultiLineString","coordinates":[[[-5.75,35.95],[-7.26966,36.31906]],[[-7.26966,36.31906],[-8.219465,36.549727]],[[-8.219465,36.549727],[-9.25,36.8]]]},"properties":{}},{"type":"Feature","geometry":{"type":"MultiLineString","coordinates":[[[-9.25,36.8],[-8.227005,36.722793]],[[-8.227005,36.722793],[-7.094858,36.637348]],[[-7.094858,36.637348],[-6.6,36.6]]]},"properties":{}},{"type":"Feature","geometry":{"type":"MultiLineString","coordinates":[[[-8.8,33.6],[-8.751058,33.623031]],[[-8.751058,33.623031],[-7.7875,34.076471]],[[-7.7875,34.076471],[-7.1,34.4]]]},"properties":{}},{"type":"Feature","geometry":{"type":"MultiLineString","coordinates":[[[-8.75,33.6236],[-8.396585,34.267112]],[[-8.396585,34.267112],[-8.14038,34.73362]],[[-8.14038,34.73362],[-7.727888,35.484702]],[[-7.727888,35.484702],[-7.657145,35.613514]],[[-7.657145,35.613514],[-7.65257,35.621844]],[[-7.65257,35.621844],[-7.538843,35.828921]],[[-7.538843,35.828921],[-7.494111,35.910372]],[[-7.494111,35.910372],[-7.447269,35.995663]],[[-7.447269,35.995663],[-7.34009,36.190819]],[[-7.34009,36.190819],[-7.26966,36.31906]],[[-7.26966,36.31906],[-7.094858,36.637348]],[[-7.094858,36.637348],[-6.8478,37.0872],[-6.6,36.6]]]},"properties":{}},{"type":"Feature","geometry":{"type":"LineString","coordinates":[[-8.6875,70.7581],[0,67]]},"properties":{}},{"type":"Feature","geometry":{"type":"MultiLineString","coordinates":[[[-160,-40],[-159.998254,-35.844708]],[[-159.998254,-35.844708],[-159.9979,-35.0021],[-159.998764,-32.94312]],[[-159.998764,-32.94312],[-160,-30]]]},"properties":{}},{"type":"Feature","geometry":{"type":"LineString","coordinates":[[-8.6875,70.7581],[17,70]]},"properties":{}},{"type":"Feature","geometry":{"type":"MultiLineString","coordinates":[[[-5.8,44.1],[-7.348819,43.985273]],[[-7.348819,43.985273],[-8.5,43.9]]]},"properties":{}},{"type":"Feature","geometry":{"type":"MultiLineString","coordinates":[[[-1.25,45.6],[-2.893913,45.214531]],[[-2.893913,45.214531],[-3.703909,45.024601]],[[-3.703909,45.024601],[-4.250379,44.896463]],[[-4.250379,44.896463],[-5.771103,44.539879]],[[-5.771103,44.539879],[-7.26845,44.188777]],[[-7.26845,44.188777],[-8.5,43.9]]]},"properties":{}},{"type":"Feature","geometry":{"type":"MultiLineString","coordinates":[[[-2.8,46.6],[-3.640454,46.20189]],[[-3.640454,46.20189],[-4.162531,45.954591]],[[-4.162531,45.954591],[-4.541579,45.775042]],[[-4.541579,45.775042],[-5.726844,45.2136]],[[-5.726844,45.2136],[-7.125337,44.551156]],[[-7.125337,44.551156],[-8.5,43.9]]]},"properties":{}},{"type":"Feature","geometry":{"type":"MultiLineString","coordinates":[[[-8.5,43.9],[-8.247768,44.300771]],[[-8.247768,44.300771],[-5.5,48.6667]]]},"properties":{}},{"type":"Feature","geometry":{"type":"MultiLineString","coordinates":[[[-5.814654,58.886348],[-5.845997,58.874957]],[[-5.845997,58.874957],[-6.489458,58.64111]],[[-6.489458,58.64111],[-7.198063,58.383587],[-7.905532,57.7905]],[[-7.905532,57.7905],[-7.920954,57.777572]],[[-7.920954,57.777572],[-8.115482,57.614495],[-8.105774,56.746352],[-7.661853,56.486873]],[[-7.661853,56.486873],[-7.543681,56.417799]],[[-7.543681,56.417799],[-7.2886,56.2687]]]},"properties":{}},{"type":"Feature","geometry":{"type":"LineString","coordinates":[[-4,4],[-7.5,3.5]]},"properties":{}},{"type":"Feature","geometry":{"type":"MultiLineString","coordinates":[[[0,-0.00002],[-2.368781,1.108294]],[[-2.368781,1.108294],[-3.7467,1.753],[-7.5,3.5]]]},"properties":{}},{"type":"Feature","geometry":{"type":"MultiLineString","coordinates":[[[-7.5,55.417],[-6.764553,55.460601]],[[-6.764553,55.460601],[-6.1,55.5]]]},"properties":{}},{"type":"Feature","geometry":{"type":"LineString","coordinates":[[-7.1,34.4],[-5.75,35.95]]},"properties":{}},{"type":"Feature","geometry":{"type":"MultiLineString","coordinates":[[[-150,-50],[-154.888941,-45.403525]],[[-154.888941,-45.403525],[-155.284,-45.0321],[-160,-40]]]},"properties":{}},{"type":"Feature","geometry":{"type":"MultiLineString","coordinates":[[[-7.1,56.9],[-7.0414,57.1312]],[[-7.0414,57.1312],[-6.870262,57.404779]],[[-6.870262,57.404779],[-6.7173,57.6493]],[[-6.7173,57.6493],[-6.585952,57.733947]],[[-6.585952,57.733947],[-6.204249,57.979937]],[[-6.204249,57.979937],[-6.040776,58.085287]],[[-6.040776,58.085287],[-5.7945,58.244],[-5.2,58.7]]]},"properties":{}},{"type":"Feature","geometry":{"type":"MultiLineString","coordinates":[[[-6.1,55.5],[-6.595842,55.820674]],[[-6.595842,55.820674],[-6.595846,55.820677]],[[-6.595846,55.820677],[-6.599507,55.823045]],[[-6.599507,55.823045],[-7.2886,56.2687]],[[-7.2886,56.2687],[-7.1,56.9]]]},"properties":{}},{"type":"Feature","geometry":{"type":"MultiLineString","coordinates":[[[-6.1,55.5],[-6.443142,55.980398]],[[-6.443142,55.980398],[-6.580727,56.173018]],[[-6.580727,56.173018],[-7.1,56.9]]]},"properties":{}},{"type":"Feature","geometry":{"type":"LineString","coordinates":[[-6.2943,56.7145],[-7.1,56.9]]},"properties":{}},{"type":"Feature","geometry":{"type":"MultiLineString","coordinates":[[[-7.0414,57.1312],[-6.720836,57.089911]],[[-6.720836,57.089911],[-6.0911,57.0088],[-5.8274,57.0506]],[[-5.8274,57.0506],[-6.2943,56.7145]]]},"properties":{}},{"type":"Feature","geometry":{"type":"MultiLineString","coordinates":[[[-170,20],[-171.684914,18.404118]],[[-171.684914,18.404118],[-172.5927,17.5443],[-174.999755,15.170343]],[[-174.999755,15.170343],[-175.1163,15.0554],[-177.5819,12.5389],[-180,10]]]},"properties":{}},{"type":"Feature","geometry":{"type":"LineString","coordinates":[[-5.75,35.95],[-6.6,36.6]]},"properties":{}},{"type":"Feature","geometry":{"type":"MultiLineString","coordinates":[[[-2.054,49.9919],[-2.054102,49.991895]],[[-2.054102,49.991895],[-2.185907,49.984855]],[[-2.185907,49.984855],[-2.93586,49.944802]],[[-2.93586,49.944802],[-4.088283,49.883253]],[[-4.088283,49.883253],[-4.868405,49.841589]],[[-4.868405,49.841589],[-5.445655,49.810759]],[[-5.445655,49.810759],[-5.630965,49.800862]],[[-5.630965,49.800862],[-5.740436,49.795016]],[[-5.740436,49.795016],[-5.979701,49.782237]],[[-5.979701,49.782237],[-6.5833,49.75]]]},"properties":{}},{"type":"Feature","geometry":{"type":"MultiLineString","coordinates":[[[-4,50.1],[-4.115519,50.084349]],[[-4.115519,50.084349],[-5.196944,49.937831]],[[-5.196944,49.937831],[-5.199122,49.937536]],[[-5.199122,49.937536],[-5.549612,49.89005]],[[-5.549612,49.89005],[-5.672084,49.873457]],[[-5.672084,49.873457],[-5.754764,49.862255]],[[-5.754764,49.862255],[-6.5833,49.75]]]},"properties":{}},{"type":"Feature","geometry":{"type":"MultiLineString","coordinates":[[[-5.9,51.25],[-6.016628,50.993975]],[[-6.016628,50.993975],[-6.11285,50.782747]],[[-6.11285,50.782747],[-6.197468,50.59699]],[[-6.197468,50.59699],[-6.5833,49.75]]]},"properties":{}},{"type":"Feature","geometry":{"type":"MultiLineString","coordinates":[[[-6.5833,49.75],[-6.196961,49.363661]],[[-6.196961,49.363661],[-5.74304,48.90974]],[[-5.74304,48.90974],[-5.594299,48.760999]],[[-5.594299,48.760999],[-5.5,48.6667]]]},"properties":{}},{"type":"Feature","geometry":{"type":"MultiLineString","coordinates":[[[-6.2943,56.7145],[-6.150954,56.664346]],[[-6.150954,56.664346],[-5.9922,56.6088],[-5.57111,56.430915]],[[-5.57111,56.430915],[-5.4539,56.3814]]]},"properties":{}},{"type":"Feature","geometry":{"type":"MultiLineString","coordinates":[[[-6.1,55.5],[-5.974526,55.629377]],[[-5.974526,55.629377],[-5.756,55.8547],[-5.6516,56.1496],[-5.6681,56.3175]],[[-5.6681,56.3175],[-5.57111,56.430915]],[[-5.57111,56.430915],[-5.4319,56.5937]]]},"properties":{}},{"type":"Feature","geometry":{"type":"LineString","coordinates":[[-150,-40],[-155.0004,-40.1068],[-160,-40]]},"properties":{}},{"type":"Feature","geometry":{"type":"MultiLineString","coordinates":[[[-5.2,54.8],[-5.445564,54.990994]],[[-5.445564,54.990994],[-5.854566,55.309107]],[[-5.854566,55.309107],[-6.1,55.5]]]},"properties":{}},{"type":"Feature","geometry":{"type":"MultiLineString","coordinates":[[[-5.9098,57.5462],[-6.118044,57.852952]],[[-6.118044,57.852952],[-6.204249,57.979937]],[[-6.204249,57.979937],[-6.292591,58.110069]],[[-6.292591,58.110069],[-6.3383,58.1774],[-6.251783,58.150615]],[[-6.251783,58.150615],[-6.040776,58.085287]],[[-6.040776,58.085287],[-5.857551,58.028561]],[[-5.857551,58.028561],[-5.784214,58.005856]],[[-5.784214,58.005856],[-5.5308,57.9274]]]},"properties":{}},{"type":"Feature","geometry":{"type":"MultiLineString","coordinates":[[[-5.9,51.25],[-5.440366,52.111814]],[[-5.440366,52.111814],[-5.081903,52.783932]],[[-5.081903,52.783932],[-4.7,53.5]]]},"properties":{}},{"type":"Feature","geometry":{"type":"LineString","coordinates":[[-5.8714,50.4096],[-5.9,51.25]]},"properties":{}},{"type":"Feature","geometry":{"type":"MultiLineString","coordinates":[[[-5.2,58.7],[-5.729708,58.114745]],[[-5.729708,58.114745],[-5.857551,58.028561]],[[-5.857551,58.028561],[-6.118044,57.852952]],[[-6.118044,57.852952],[-6.287926,57.738428],[-6.527774,57.688641]],[[-6.527774,57.688641],[-6.7173,57.6493]]]},"properties":{}},{"type":"Feature","geometry":{"type":"MultiLineString","coordinates":[[[-5.8,44.1],[-5.771103,44.539879]],[[-5.771103,44.539879],[-5.754793,44.788155]],[[-5.754793,44.788155],[-5.726844,45.2136]],[[-5.726844,45.2136],[-5.705514,45.5383]],[[-5.705514,45.5383],[-5.5,48.6667]]]},"properties":{}},{"type":"Feature","geometry":{"type":"MultiLineString","coordinates":[[[-3.1,43.8],[-3.917054,43.890784]],[[-3.917054,43.890784],[-5.8,44.1]]]},"properties":{}},{"type":"Feature","geometry":{"type":"MultiLineString","coordinates":[[[-5.729708,58.114745],[-5.784214,58.005856]],[[-5.784214,58.005856],[-5.87533,57.823831],[-5.9098,57.5462]],[[-5.9098,57.5462],[-5.894746,57.347681],[-5.778249,57.284772]]]},"properties":{}},{"type":"Feature","geometry":{"type":"LineString","coordinates":[[-4.7,53.5],[-5.7,53.4]]},"properties":{}},{"type":"Feature","geometry":{"type":"MultiLineString","coordinates":[[[-5.7,53.4],[-5.489975,53.98807]],[[-5.489975,53.98807],[-5.247687,54.666478]],[[-5.247687,54.666478],[-5.2,54.8]]]},"properties":{}},{"type":"Feature","geometry":{"type":"MultiLineString","coordinates":[[[-5.5,48.6667],[-5.003463,48.693021]],[[-5.003463,48.693021],[-4.6794,48.7102]],[[-4.6794,48.7102],[-4.635821,48.717469]],[[-4.635821,48.717469],[-4.635033,48.717601]],[[-4.635033,48.717601],[-3.0973,48.9741],[-2.631448,48.846364]],[[-2.631448,48.846364],[-2.266456,48.746284]],[[-2.266456,48.746284],[-2.1086,48.703]],[[-2.1086,48.703],[-2.070027,49.045598]],[[-2.070027,49.045598],[-2.06102,49.125594]],[[-2.06102,49.125594],[-2.027971,49.419123]],[[-2.027971,49.419123],[-2.015398,49.530792]],[[-2.015398,49.530792],[-1.992006,49.738559]],[[-1.992006,49.738559],[-1.988194,49.77241]],[[-1.988194,49.77241],[-1.9767,49.8745]],[[-1.9767,49.8745],[-1.683276,49.907238]],[[-1.683276,49.907238],[-1.456703,49.932516]],[[-1.456703,49.932516],[-1.3,49.95]]]},"properties":{}},{"type":"Feature","geometry":{"type":"MultiLineString","coordinates":[[[-149.7,-17.4],[-152.0998,-20.6115],[-154.6017,-23.7875],[-155.331559,-24.658333]],[[-155.331559,-24.658333],[-155.460519,-24.812201]],[[-155.460519,-24.812201],[-157.2271,-26.92],[-160,-30]]]},"properties":{}},{"type":"Feature","geometry":{"type":"MultiLineString","coordinates":[[[-1.3,49.95],[-1.47977,49.895072]],[[-1.47977,49.895072],[-1.665743,49.838248]],[[-1.665743,49.838248],[-1.93365,49.75639]],[[-1.93365,49.75639],[-1.992006,49.738559]],[[-1.992006,49.738559],[-2.39189,49.616376]],[[-2.39189,49.616376],[-3.197043,49.370363]],[[-3.197043,49.370363],[-3.986163,49.129249]],[[-3.986163,49.129249],[-4.030414,49.115729]],[[-4.030414,49.115729],[-4.270518,49.042365]],[[-4.270518,49.042365],[-5.06401,48.799916]],[[-5.06401,48.799916],[-5.5,48.6667]]]},"properties":{}},{"type":"Feature","geometry":{"type":"MultiLineString","coordinates":[[[-5.5,48.6667],[-5.079929,48.828019]],[[-5.079929,48.828019],[-4.36419,49.102883]],[[-4.36419,49.102883],[-4.001458,49.242182]],[[-4.001458,49.242182],[-3.513166,49.4297]],[[-3.513166,49.4297],[-3.490388,49.438448]],[[-3.490388,49.438448],[-2.346621,49.877686]],[[-2.346621,49.877686],[-2.218259,49.926981]],[[-2.218259,49.926981],[-2.179347,49.941924]],[[-2.179347,49.941924],[-2.049842,49.991658]],[[-2.049842,49.991658],[-1.735418,50.112405]],[[-1.735418,50.112405],[-1.6883,50.1305],[-1.674061,50.13369]],[[-1.674061,50.13369],[-1.278136,50.222393]],[[-1.278136,50.222393],[-0.764313,50.33751]],[[-0.764313,50.33751],[-0.672505,50.358079]],[[-0.672505,50.358079],[-0.505582,50.395477]],[[-0.505582,50.395477],[0.301537,50.576304]],[[0.301537,50.576304],[1.149895,50.76637]],[[1.149895,50.76637],[1.3,50.8]]]},"properties":{}},{"type":"Feature","geometry":{"type":"MultiLineString","coordinates":[[[-3.1,43.8],[-3.703909,45.024601]],[[-3.703909,45.024601],[-3.885541,45.392913]],[[-3.885541,45.392913],[-4.162531,45.954591]],[[-4.162531,45.954591],[-4.295678,46.224586]],[[-4.295678,46.224586],[-5.5,48.6667]]]},"properties":{}},{"type":"Feature","geometry":{"type":"LineString","coordinates":[[-5.5,48.6667],[-5,48]]},"properties":{}},{"type":"Feature","geometry":{"type":"MultiLineString","coordinates":[[[-5.2,58.7],[-4.799483,58.7]],[[-4.799483,58.7],[-3.3333,58.7]]]},"properties":{}},{"type":"Feature","geometry":{"type":"MultiLineString","coordinates":[[[-5.2,54.8],[-5.091264,55.398045]],[[-5.091264,55.398045],[-5,55.9]]]},"properties":{}},{"type":"Feature","geometry":{"type":"MultiLineString","coordinates":[[[-4.7,53.5],[-4.76543,53.670119]],[[-4.76543,53.670119],[-4.880934,53.970428]],[[-4.880934,53.970428],[-5.137881,54.63849]],[[-5.137881,54.63849],[-5.2,54.8]]]},"properties":{}},{"type":"Feature","geometry":{"type":"MultiLineString","coordinates":[[[-5.2,54.8],[-5.137288,54.638339]],[[-5.137288,54.638339],[-4.9219,54.0831],[-4.879001,53.970372]],[[-4.879001,53.970372],[-4.878999,53.970366]],[[-4.878999,53.970366],[-4.764808,53.670299]],[[-4.764808,53.670299],[-4.7,53.5]]]},"properties":{}},{"type":"Feature","geometry":{"type":"LineString","coordinates":[[-5,48],[-3.9,47.3]]},"properties":{}},{"type":"Feature","geometry":{"type":"LineString","coordinates":[[-5,48],[-4.4285,47.6392],[-3.9,47.3]]},"properties":{}},{"type":"Feature","geometry":{"type":"MultiLineString","coordinates":[[[-4.7,36],[-3.683043,36.156455]],[[-3.683043,36.156455],[-3.670714,36.158352]],[[-3.670714,36.158352],[-3.264225,36.220888]],[[-3.264225,36.220888],[-2.590675,36.324512]],[[-2.590675,36.324512],[-2.244793,36.377724]],[[-2.244793,36.377724],[-1.62439,36.473171]],[[-1.62439,36.473171],[-0.366667,36.666667]],[[-0.366667,36.666667],[3.1,37.2]]]},"properties":{}},{"type":"Feature","geometry":{"type":"MultiLineString","coordinates":[[[-160,-30],[-159.9986,-25.0017],[-159.999265,-22.626937]],[[-159.999265,-22.626937],[-159.999608,-21.401111]],[[-159.999608,-21.401111],[-160,-20]]]},"properties":{}},{"type":"Feature","geometry":{"type":"MultiLineString","coordinates":[[[-4.7,36],[-4.417056,36.339533]],[[-4.417056,36.339533],[-4.2,36.6]]]},"properties":{}},{"type":"Feature","geometry":{"type":"MultiLineString","coordinates":[[[-2.8529,35.4442],[-3.78001,35.723171]],[[-3.78001,35.723171],[-4.7,36]]]},"properties":{}},{"type":"Feature","geometry":{"type":"MultiLineString","coordinates":[[[-4.7,36],[-3.724101,35.945783]],[[-3.724101,35.945783],[-3.41766,35.928759]],[[-3.41766,35.928759],[-3.100176,35.911121]],[[-3.100176,35.911121],[-2.9,35.9]]]},"properties":{}},{"type":"Feature","geometry":{"type":"LineString","coordinates":[[-4.7,53.5],[-3.4,53.6]]},"properties":{}},{"type":"Feature","geometry":{"type":"MultiLineString","coordinates":[[[-4.2,36.6],[-3.811553,36.6]],[[-3.811553,36.6],[-3.559793,36.6]],[[-3.559793,36.6],[-3.464998,36.6]],[[-3.464998,36.6],[-2.508613,36.6]],[[-2.508613,36.6],[-2.1,36.6]]]},"properties":{}},{"type":"Feature","geometry":{"type":"MultiLineString","coordinates":[[[-2.8529,35.4442],[-3.41766,35.928759]],[[-3.41766,35.928759],[-3.673291,36.148089]],[[-3.673291,36.148089],[-3.683043,36.156455]],[[-3.683043,36.156455],[-4.070282,36.488703]],[[-4.070282,36.488703],[-4.2,36.6]]]},"properties":{}},{"type":"Feature","geometry":{"type":"LineString","coordinates":[[-1,4],[-4,4]]},"properties":{}},{"type":"Feature","geometry":{"type":"MultiLineString","coordinates":[[[-160,-20],[-159.9996,-21.2296],[-159.999608,-21.401111]],[[-159.999608,-21.401111],[-159.999664,-22.627127]],[[-159.999664,-22.627127],[-160,-30]]]},"properties":{}},{"type":"Feature","geometry":{"type":"MultiLineString","coordinates":[[[-4,4],[-2.368781,1.108294]],[[-2.368781,1.108294],[-1.743578,-0.00002]],[[-1.743578,-0.00002],[-1.108984,-1.124983]],[[-1.108984,-1.124983],[0.000167,-3.091205]],[[0.000167,-3.091205],[2.295228,-7.159723]],[[2.295228,-7.159723],[3.739652,-9.720292]],[[3.739652,-9.720292],[6.364889,-14.374122]],[[6.364889,-14.374122],[7.249478,-15.942256]],[[7.249478,-15.942256],[9.088843,-19.202948]],[[9.088843,-19.202948],[9.747447,-20.370474]],[[9.747447,-20.370474],[10.730292,-22.11279]],[[10.730292,-22.11279],[13.63964,-27.27027]],[[13.63964,-27.27027],[18,-35]]]},"properties":{}},{"type":"Feature","geometry":{"type":"MultiLineString","coordinates":[[[0.993616,50.903945],[0.985201,50.902413]],[[0.985201,50.902413],[0.344247,50.785762]]]},"properties":{}},{"type":"Feature","geometry":{"type":"MultiLineString","coordinates":[[[-4,50.1],[-2.624015,50.023556]],[[-2.624015,50.023556],[-2.17812,49.998784]],[[-2.17812,49.998784],[-2.054102,49.991895]],[[-2.054102,49.991895],[-2.049842,49.991658]],[[-2.049842,49.991658],[-1.922118,49.984562]],[[-1.922118,49.984562],[-1.852691,49.980705]],[[-1.852691,49.980705],[-1.699789,49.97221]],[[-1.699789,49.97221],[-1.441104,49.957839]],[[-1.441104,49.957839],[-1.3,49.95]]]},"properties":{}},{"type":"Feature","geometry":{"type":"MultiLineString","coordinates":[[[-3.9,47.3],[-3.113991,46.799812]],[[-3.113991,46.799812],[-2.8,46.6]]]},"properties":{}},{"type":"Feature","geometry":{"type":"MultiLineString","coordinates":[[[-3.3333,58.7],[-2.833694,58.706143]],[[-2.833694,58.706143],[-2.832736,58.706155]],[[-2.832736,58.706155],[-1.820406,58.718601]],[[-1.820406,58.718601],[-1.229007,58.725873]],[[-1.229007,58.725873],[-0.535141,58.734404]],[[-0.535141,58.734404],[1.416213,58.758396]],[[1.416213,58.758396],[4.8,58.8]]]},"properties":{}},{"type":"Feature","geometry":{"type":"MultiLineString","coordinates":[[[-3.3333,58.7],[-2.752675,58.815612]],[[-2.752675,58.815612],[-2.751716,58.815803]],[[-2.751716,58.815803],[-1.640941,59.036976]],[[-1.640941,59.036976],[-1.18071,59.128615]],[[-1.18071,59.128615],[-0.176949,59.32848]],[[-0.176949,59.32848],[2.162431,59.794288]],[[2.162431,59.794288],[4.2,60.2]]]},"properties":{}},{"type":"Feature","geometry":{"type":"MultiLineString","coordinates":[[[-3.3333,58.7],[-2.908751,58.604474]],[[-2.908751,58.604474],[-2.908261,58.604364]],[[-2.908261,58.604364],[-2.907994,58.604304]],[[-2.907994,58.604304],[-2,58.4]]]},"properties":{}},{"type":"Feature","geometry":{"type":"MultiLineString","coordinates":[[[-3.3333,58.7],[-2.860281,58.67022]],[[-2.860281,58.67022],[-2.859332,58.670161]],[[-2.859332,58.670161],[-1.882382,58.608655]],[[-1.882382,58.608655],[-1.247855,58.568708]],[[-1.247855,58.568708],[-0.657457,58.531538]],[[-0.657457,58.531538],[0.800855,58.439728]],[[0.800855,58.439728],[1.3906,58.4026],[3.881716,58.142288]],[[3.881716,58.142288],[4.5821,58.0691]]]},"properties":{}},{"type":"Feature","geometry":{"type":"LineString","coordinates":[[-1.9,43.9],[-3.1,43.8]]},"properties":{}},{"type":"Feature","geometry":{"type":"MultiLineString","coordinates":[[[-2.9,35.9],[-2.709735,35.924817]],[[-2.709735,35.924817],[-2.524043,35.949038]],[[-2.524043,35.949038],[-0.6,36.2]]]},"properties":{}},{"type":"Feature","geometry":{"type":"LineString","coordinates":[[-2.8529,35.4442],[-0.6,36.2]]},"properties":{}},{"type":"Feature","geometry":{"type":"MultiLineString","coordinates":[[[-2.8529,35.4442],[-2.524043,35.949038]],[[-2.524043,35.949038],[-2.244793,36.377724]],[[-2.244793,36.377724],[-2.1,36.6]]]},"properties":{}},{"type":"Feature","geometry":{"type":"MultiLineString","coordinates":[[[-150,-40],[-153.871946,-36.426743]],[[-153.871946,-36.426743],[-154.999976,-35.385732]],[[-154.999976,-35.385732],[-155.3071,-35.1023],[-155.33773,-35.068998]],[[-155.33773,-35.068998],[-160,-30]]]},"properties":{}},{"type":"Feature","geometry":{"type":"MultiLineString","coordinates":[[[-2.4642,36.7491],[-2.508613,36.6]],[[-2.508613,36.6],[-2.590675,36.324512]],[[-2.590675,36.324512],[-2.709735,35.924817]],[[-2.709735,35.924817],[-2.8529,35.4442]]]},"properties":{}},{"type":"Feature","geometry":{"type":"LineString","coordinates":[[-2.8,46.6],[-1.7,46.1]]},"properties":{}},{"type":"Feature","geometry":{"type":"LineString","coordinates":[[-1.4,57.3],[-2.3,56.3]]},"properties":{}},{"type":"Feature","geometry":{"type":"LineString","coordinates":[[-2.3,56.3],[-1,55.1]]},"properties":{}},{"type":"Feature","geometry":{"type":"LineString","coordinates":[[-2.3,56.3],[-1.4033,55.4778],[-1,55.1]]},"properties":{}},{"type":"Feature","geometry":{"type":"LineString","coordinates":[[-2.1,36.6],[-0.6,37.5]]},"properties":{}},{"type":"Feature","geometry":{"type":"MultiLineString","coordinates":[[[-2.1,36.6],[-1.0868,37.5155],[-0.605486,37.511953]],[[-0.605486,37.511953],[-0.589854,37.511837]],[[-0.589854,37.511837],[-0.589378,37.511834]],[[-0.589378,37.511834],[-0.182736,37.508837]],[[-0.182736,37.508837],[0.047509,37.50714]],[[0.047509,37.50714],[0.053548,37.507095]],[[0.053548,37.507095],[2.702475,37.487572]],[[2.702475,37.487572],[2.975668,37.485558]],[[2.975668,37.485558],[3.153741,37.484246]],[[3.153741,37.484246],[3.2956,37.4832]]]},"properties":{}},{"type":"Feature","geometry":{"type":"MultiLineString","coordinates":[[[-2.1,36.6],[-1.62439,36.473171]],[[-1.62439,36.473171],[-0.6,36.2]]]},"properties":{}},{"type":"Feature","geometry":{"type":"LineString","coordinates":[[-2,58.4],[-1.4,57.3]]},"properties":{}},{"type":"Feature","geometry":{"type":"MultiLineString","coordinates":[[[-2,58.4],[-1.272476,58.363395]],[[-1.272476,58.363395],[-0.77396,58.338312]],[[-0.77396,58.338312],[0.482902,58.275074]],[[0.482902,58.275074],[3.831853,58.106573]],[[3.831853,58.106573],[4.598436,58.068003]],[[4.598436,58.068003],[5.95,58]]]},"properties":{}},{"type":"Feature","geometry":{"type":"MultiLineString","coordinates":[[[-1.6252,48.8261],[-1.938904,48.980896]],[[-1.938904,48.980896],[-2.070027,49.045598]],[[-2.070027,49.045598],[-2.3118,49.1649]],[[-2.3118,49.1649],[-2.373835,49.270574]],[[-2.373835,49.270574],[-2.4821,49.455]],[[-2.4821,49.455],[-1.992179,49.738459]],[[-1.992179,49.738459],[-1.992006,49.738559]]]},"properties":{}},{"type":"Feature","geometry":{"type":"LineString","coordinates":[[-150,-30],[-155.0005,-30.0935],[-160,-30]]},"properties":{}},{"type":"Feature","geometry":{"type":"LineString","coordinates":[[-1.7,46.1],[-1.25,45.6]]},"properties":{}},{"type":"Feature","geometry":{"type":"MultiLineString","coordinates":[[[-1.4,57.3],[0.482902,58.275074]],[[0.482902,58.275074],[0.800855,58.439728]],[[0.800855,58.439728],[1.416213,58.758396]],[[1.416213,58.758396],[2.888221,59.520686]],[[2.888221,59.520686],[4.2,60.2]]]},"properties":{}},{"type":"Feature","geometry":{"type":"MultiLineString","coordinates":[[[-1.4,57.3],[-0.77396,58.338312]],[[-0.77396,58.338312],[-0.657457,58.531538]],[[-0.657457,58.531538],[-0.535141,58.734404]],[[-0.535141,58.734404],[-0.176949,59.32848]],[[-0.176949,59.32848],[0.485138,60.426579]],[[0.485138,60.426579],[1.211753,61.6317]],[[1.211753,61.6317],[1.240253,61.678969]],[[1.240253,61.678969],[1.2419,61.6817]]]},"properties":{}},{"type":"Feature","geometry":{"type":"MultiLineString","coordinates":[[[-1.0703,60.0493],[-1.18071,59.128615]],[[-1.18071,59.128615],[-1.229007,58.725873]],[[-1.229007,58.725873],[-1.247855,58.568708]],[[-1.247855,58.568708],[-1.272476,58.363395]],[[-1.272476,58.363395],[-1.4,57.3]]]},"properties":{}},{"type":"Feature","geometry":{"type":"MultiLineString","coordinates":[[[4.9,53.5],[4.201185,53.921507]],[[4.201185,53.921507],[4.053538,54.010564]],[[4.053538,54.010564],[3.562695,54.306629]],[[3.562695,54.306629],[2.89253,54.710855]],[[2.89253,54.710855],[2.3196,55.056432]],[[2.3196,55.056432],[1.57465,55.505767]],[[1.57465,55.505767],[0.828785,55.955654]],[[0.828785,55.955654],[-1.4,57.3]]]},"properties":{}},{"type":"Feature","geometry":{"type":"MultiLineString","coordinates":[[[8.25,53.9],[7.14885,54.28797]],[[7.14885,54.28797],[5.795345,54.764853]],[[5.795345,54.764853],[5.240728,54.960262]],[[5.240728,54.960262],[5.239022,54.960863]],[[5.239022,54.960863],[4.26265,55.304869]],[[4.26265,55.304869],[3.875166,55.441392]],[[3.875166,55.441392],[3.121767,55.706838]],[[3.121767,55.706838],[2.727554,55.845732]],[[2.727554,55.845732],[1.351983,56.330389]],[[1.351983,56.330389],[-1.4,57.3]]]},"properties":{}},{"type":"Feature","geometry":{"type":"MultiLineString","coordinates":[[[1.3,50.8],[1.193894,50.765311]],[[1.193894,50.765311],[0.39288,50.503441]],[[0.39288,50.503441],[-0.343359,50.262748]],[[-0.343359,50.262748],[-0.364394,50.255871]],[[-0.364394,50.255871],[-0.545959,50.196513]],[[-0.545959,50.196513],[-0.671539,50.155459]],[[-0.671539,50.155459],[-1.3,49.95]]]},"properties":{}},{"type":"Feature","geometry":{"type":"MultiLineString","coordinates":[[[-0.109,49.4978],[-0.390945,49.604849]],[[-0.390945,49.604849],[-0.754538,49.742898]],[[-0.754538,49.742898],[-0.75523,49.743161]],[[-0.75523,49.743161],[-1.3,49.95]]]},"properties":{}},{"type":"Feature","geometry":{"type":"MultiLineString","coordinates":[[[0.1,49.9],[-0.313513,49.914768]],[[-0.313513,49.914768],[-0.550422,49.923229]],[[-0.550422,49.923229],[-0.553245,49.92333]],[[-0.553245,49.92333],[-1.3,49.95]]]},"properties":{}},{"type":"Feature","geometry":{"type":"MultiLineString","coordinates":[[[2.5,5],[2.046592,4.870455]],[[2.046592,4.870455],[-1,4]]]},"properties":{}},{"type":"Feature","geometry":{"type":"LineString","coordinates":[[-149.7,-17.4],[-154.811,-18.77],[-160,-20]]},"properties":{}},{"type":"Feature","geometry":{"type":"LineString","coordinates":[[0,-0.00002],[-1,4]]},"properties":{}},{"type":"Feature","geometry":{"type":"MultiLineString","coordinates":[[[0.344247,50.785762],[0.267059,50.730434],[0.09669,50.739707]],[[0.09669,50.739707],[0.064272,50.767826]]]},"properties":{}},{"type":"Feature","geometry":{"type":"MultiLineString","coordinates":[[[0.064272,50.767826],[-0.111863,50.802992]],[[-0.111863,50.802992],[-0.238262,50.77915]],[[-0.238262,50.77915],[-0.321603,50.763429]],[[-0.321603,50.763429],[-0.472231,50.709646]],[[-0.472231,50.709646],[-0.66692,50.64013],[-0.820313,50.652983]],[[-0.820313,50.652983],[-0.909332,50.660442]],[[-0.909332,50.660442],[-0.929753,50.662153]],[[-0.929753,50.662153],[-0.929964,50.662171]]]},"properties":{}},{"type":"Feature","geometry":{"type":"MultiLineString","coordinates":[[[0.1,49.9],[-0.340268,50.260219]],[[-0.340268,50.260219],[-0.343359,50.262748]],[[-0.343359,50.262748],[-0.505582,50.395477]],[[-0.505582,50.395477],[-0.820313,50.652983]],[[-0.820313,50.652983],[-0.898719,50.717134]],[[-0.898719,50.717134],[-1,50.8]]]},"properties":{}},{"type":"Feature","geometry":{"type":"MultiLineString","coordinates":[[[-1,55.1],[-0.754169,54.819051]],[[-0.754169,54.819051],[0.4,53.5]]]},"properties":{}},{"type":"Feature","geometry":{"type":"LineString","coordinates":[[-0.6,36.2],[3.1,37.2]]},"properties":{}},{"type":"Feature","geometry":{"type":"LineString","coordinates":[[3.1,37.2],[2.8766,37.1437],[-0.6,36.2]]},"properties":{}},{"type":"Feature","geometry":{"type":"MultiLineString","coordinates":[[[-0.6,36.2],[-0.366667,36.666667]],[[-0.366667,36.666667],[-0.365266,36.669468]],[[-0.365266,36.669468],[0.053548,37.507095]],[[0.053548,37.507095],[0.128088,37.656176]],[[0.128088,37.656176],[0.537844,38.475688]],[[0.537844,38.475688],[0.75,38.9]]]},"properties":{}},{"type":"Feature","geometry":{"type":"MultiLineString","coordinates":[[[-0.6,37.5],[-0.589854,37.511837]],[[-0.589854,37.511837],[0,38.2]]]},"properties":{}},{"type":"Feature","geometry":{"type":"MultiLineString","coordinates":[[[8.4301,38.6096],[7.51979,38.408799]],[[7.51979,38.408799],[6.822421,38.254969]],[[6.822421,38.254969],[6.719631,38.232295]],[[6.719631,38.232295],[6.496155,38.182999]],[[6.496155,38.182999],[3.294502,37.47676]],[[3.294502,37.47676],[3.146138,37.444033]],[[3.146138,37.444033],[3.007102,37.413364]],[[3.007102,37.413364],[2.852269,37.37921]],[[2.852269,37.37921],[-0.365266,36.669468]],[[-0.365266,36.669468],[-0.3692,36.6686]]]},"properties":{}},{"type":"Feature","geometry":{"type":"MultiLineString","coordinates":[[[-150,-10],[-152.4181,-12.5389],[-154.109316,-14.265099]],[[-154.109316,-14.265099],[-154.8837,-15.0555],[-156.233568,-16.386807]],[[-156.233568,-16.386807],[-157.4073,-17.5444],[-160,-20]]]},"properties":{}},{"type":"Feature","geometry":{"type":"LineString","coordinates":[[10,-50],[0,-50]]},"properties":{}},{"type":"Feature","geometry":{"type":"MultiLineString","coordinates":[[[0,-50],[0.00278,-45.368964]],[[0.00278,-45.368964],[0.003,-45.0022],[0,-40]]]},"properties":{}},{"type":"Feature","geometry":{"type":"MultiLineString","coordinates":[[[0,-40],[5.000024,-35.385732]],[[5.000024,-35.385732],[5.3052,-35.1041],[5.394646,-35.006856]],[[5.394646,-35.006856],[5.832905,-34.530388]],[[5.832905,-34.530388],[6.861079,-33.412577]],[[6.861079,-33.412577],[7.178416,-33.067574]],[[7.178416,-33.067574],[8.741211,-31.368532]],[[8.741211,-31.368532],[10,-30]]]},"properties":{}},{"type":"Feature","geometry":{"type":"MultiLineString","coordinates":[[[0,-40],[0.002097,-35.009789]],[[0.002097,-35.009789],[0.0021,-35.0021],[0.001809,-34.305326]],[[0.001809,-34.305326],[0.001027,-32.434942]],[[0.001027,-32.434942],[0.000756,-31.785849]],[[0.000756,-31.785849],[0.00001,-30]]]},"properties":{}},{"type":"Feature","geometry":{"type":"MultiLineString","coordinates":[[[10,-50],[4.7139,-45.0332]],[[4.7139,-45.0332],[3.264119,-43.485217]],[[3.264119,-43.485217],[0,-40]]]},"properties":{}},{"type":"Feature","geometry":{"type":"LineString","coordinates":[[0,-40],[4.9996,-40.1068],[10,-40]]},"properties":{}},{"type":"Feature","geometry":{"type":"MultiLineString","coordinates":[[[0,-20],[4.224434,-19.680133]],[[4.224434,-19.680133],[5.5165,-19.5823],[5.653262,-19.567777]],[[5.653262,-19.567777],[9.088843,-19.202948]],[[9.088843,-19.202948],[11,-19]]]},"properties":{}},{"type":"Feature","geometry":{"type":"MultiLineString","coordinates":[[[12,-9],[9.1036,-11.8038],[8.614063,-12.263238]],[[8.614063,-12.263238],[8.509842,-12.361051]],[[8.509842,-12.361051],[6.364889,-14.374122]],[[6.364889,-14.374122],[6.1484,-14.5773],[5.87815,-14.821295]],[[5.87815,-14.821295],[3.542734,-16.929822]],[[3.542734,-16.929822],[3.1191,-17.3123],[2.558571,-17.795303]],[[2.558571,-17.795303],[0,-20]]]},"properties":{}},{"type":"Feature","geometry":{"type":"MultiLineString","coordinates":[[[0,-10],[0.000405,-12.501846]],[[0.000405,-12.501846],[0.000792,-14.888724]],[[0.000792,-14.888724],[0.00081,-15.0011],[0,-20]]]},"properties":{}},{"type":"Feature","geometry":{"type":"MultiLineString","coordinates":[[[0.00001,-30],[0.00081,-27.123985]],[[0.00081,-27.123985],[0.0014,-25.0017],[0.0014,-25.0007]],[[0.0014,-25.0007],[0.000594,-22.121182]],[[0.000594,-22.121182],[0,-20]]]},"properties":{}},{"type":"Feature","geometry":{"type":"MultiLineString","coordinates":[[[10,-30],[5.023749,-25.299214]],[[5.023749,-25.299214],[4.7955,-25.0836],[0,-20]]]},"properties":{}},{"type":"Feature","geometry":{"type":"MultiLineString","coordinates":[[[12,-9],[7.601488,-9.404203]],[[7.601488,-9.404203],[7.407465,-9.422032]],[[7.407465,-9.422032],[6.0084,-9.5506],[3.739652,-9.720292]],[[3.739652,-9.720292],[0,-10]]]},"properties":{}},{"type":"Feature","geometry":{"type":"MultiLineString","coordinates":[[[8,-0.00001],[5.577742,-3.058641]],[[5.577742,-3.058641],[5.423211,-3.253771]],[[5.423211,-3.253771],[5.199709,-3.535991]],[[5.199709,-3.535991],[4.0304,-5.0125],[2.295228,-7.159723]],[[2.295228,-7.159723],[0,-10]]]},"properties":{}},{"type":"Feature","geometry":{"type":"MultiLineString","coordinates":[[[0,-0.00002],[0.000167,-3.091205]],[[0.000167,-3.091205],[0.00027,-5.0004],[0,-10]]]},"properties":{}},{"type":"Feature","geometry":{"type":"MultiLineString","coordinates":[[[11,-19],[8.215,-16.7315],[7.249478,-15.942256]],[[7.249478,-15.942256],[5.87815,-14.821295]],[[5.87815,-14.821295],[5.4561,-14.4763],[2.719,-12.2331],[0,-10]]]},"properties":{}},{"type":"Feature","geometry":{"type":"MultiLineString","coordinates":[[[8,-0.00001],[6.726,0.0259],[4.265019,0.016416]],[[4.265019,0.016416],[3.867835,0.014885]],[[3.867835,0.014885],[0,-0.00002]]]},"properties":{}},{"type":"Feature","geometry":{"type":"MultiLineString","coordinates":[[[0,-0.00002],[3.394494,1.276849]],[[3.394494,1.276849],[3.768756,1.417631]],[[3.768756,1.417631],[3.9973,1.5036],[8,3]]]},"properties":{}},{"type":"Feature","geometry":{"type":"MultiLineString","coordinates":[[[0,-0.00002],[4.876639,-2.674661]],[[4.876639,-2.674661],[5.300429,-2.907092]],[[5.300429,-2.907092],[5.4866,-3.0092],[5.577742,-3.058641]],[[5.577742,-3.058641],[11,-6]]]},"properties":{}},{"type":"Feature","geometry":{"type":"MultiLineString","coordinates":[[[0,38.2],[0.258592,38.441352]],[[0.258592,38.441352],[0.300249,38.480232]],[[0.300249,38.480232],[0.75,38.9]]]},"properties":{}},{"type":"Feature","geometry":{"type":"MultiLineString","coordinates":[[[-150,-30],[-155.2045,-25.0836],[-155.460519,-24.812201]],[[-155.460519,-24.812201],[-158.288384,-21.814445]],[[-158.288384,-21.814445],[-160,-20]]]},"properties":{}},{"type":"Feature","geometry":{"type":"MultiLineString","coordinates":[[[0,67],[9.670472,67.805873]],[[9.670472,67.805873],[9.674205,67.806184]],[[9.674205,67.806184],[12,68]]]},"properties":{}},{"type":"Feature","geometry":{"type":"LineString","coordinates":[[0,67],[17,70]]},"properties":{}},{"type":"Feature","geometry":{"type":"MultiLineString","coordinates":[[[0,67],[1.984851,64.57945]],[[1.984851,64.57945],[2.856321,63.516682]],[[2.856321,63.516682],[4.1,62]]]},"properties":{}},{"type":"Feature","geometry":{"type":"MultiLineString","coordinates":[[[11,-19],[9.747447,-20.370474]],[[9.747447,-20.370474],[8.421,-21.8218],[7.89386,-22.368307]],[[7.89386,-22.368307],[7.22355,-23.063244]],[[7.22355,-23.063244],[5.74,-24.6013],[5.023749,-25.299214]],[[5.023749,-25.299214],[4.581235,-25.7304]],[[4.581235,-25.7304],[3.523029,-26.761515]],[[3.523029,-26.761515],[2.9393,-27.3303],[2.015382,-28.169477]],[[2.015382,-28.169477],[0.00001,-30]]]},"properties":{}},{"type":"Feature","geometry":{"type":"MultiLineString","coordinates":[[[10,-40],[5.000024,-35.385732]],[[5.000024,-35.385732],[4.6929,-35.1023],[4.605509,-35.007285]],[[4.605509,-35.007285],[4.105558,-34.463718]],[[4.105558,-34.463718],[2.577253,-32.802083]],[[2.577253,-32.802083],[1.96521,-32.136645]],[[1.96521,-32.136645],[0.00001,-30]]]},"properties":{}},{"type":"Feature","geometry":{"type":"MultiLineString","coordinates":[[[10,-30],[5.891411,-30.076823]],[[5.891411,-30.076823],[4.9995,-30.0935],[0.00001,-30]]]},"properties":{}},{"type":"Feature","geometry":{"type":"MultiLineString","coordinates":[[[-150,-30],[-155.331559,-24.658333]],[[-155.331559,-24.658333],[-158.208114,-21.776325]],[[-158.208114,-21.776325],[-159.5473,-20.4346],[-160,-20]]]},"properties":{}},{"type":"Feature","geometry":{"type":"MultiLineString","coordinates":[[[0.1,39.7],[0.137569,39.555882]],[[0.137569,39.555882],[0.170603,39.429161]],[[0.170603,39.429161],[0.170603,39.429161]],[[0.170603,39.429161],[0.185817,39.3708]],[[0.185817,39.3708],[0.224785,39.221317]],[[0.224785,39.221317],[0.284038,38.994018]],[[0.284038,38.994018],[0.3373,38.7897]],[[0.3373,38.7897],[0.267518,38.480858]],[[0.267518,38.480858],[0.258592,38.441352]],[[0.258592,38.441352],[0.075557,37.631275]],[[0.075557,37.631275],[0.047509,37.50714]],[[0.047509,37.50714],[0.0475,37.5071]]]},"properties":{}},{"type":"Feature","geometry":{"type":"MultiLineString","coordinates":[[[0.1,39.7],[0.617961,40.045307]],[[0.617961,40.045307],[0.796254,40.16417]],[[0.796254,40.16417],[0.81263,40.175086]],[[0.81263,40.175086],[1.036038,40.324025]],[[1.036038,40.324025],[1.684202,40.756134]],[[1.684202,40.756134],[1.806981,40.837987]],[[1.806981,40.837987],[2.314102,41.176068]],[[2.314102,41.176068],[2.345825,41.197216]],[[2.345825,41.197216],[2.5,41.3]]]},"properties":{}},{"type":"Feature","geometry":{"type":"MultiLineString","coordinates":[[[0.75,38.9],[0.676181,38.990854]],[[0.676181,38.990854],[0.611627,39.070305]],[[0.611627,39.070305],[0.387005,39.346763]],[[0.387005,39.346763],[0.320274,39.428894]],[[0.320274,39.428894],[0.320274,39.428894]],[[0.320274,39.428894],[0.230575,39.539292]],[[0.230575,39.539292],[0.1,39.7]]]},"properties":{}},{"type":"Feature","geometry":{"type":"MultiLineString","coordinates":[[[0.1,39.7],[0.87524,39.523502]],[[0.87524,39.523502],[1.296821,39.427521]],[[1.296821,39.427521],[1.298455,39.427149]],[[1.298455,39.427149],[1.47905,39.386033]],[[1.47905,39.386033],[2.218711,39.217636]],[[2.218711,39.217636],[2.221834,39.216925]],[[2.221834,39.216925],[3.031664,39.032552]],[[3.031664,39.032552],[3.047918,39.028851]],[[3.047918,39.028851],[3.429353,38.942011]],[[3.429353,38.942011],[4.200818,38.766372]],[[4.200818,38.766372],[5.0023,38.5839],[6.277672,38.353416]],[[6.277672,38.353416],[6.673064,38.281961]],[[6.673064,38.281961],[6.710837,38.275134]],[[6.710837,38.275134],[6.822421,38.254969]],[[6.822421,38.254969],[7.51432,38.12993]],[[7.51432,38.12993],[8.333928,37.981811]],[[8.333928,37.981811],[8.676736,37.919859]],[[8.676736,37.919859],[10.358927,37.615854]],[[10.358927,37.615854],[11,37.5]]]},"properties":{}},{"type":"Feature","geometry":{"type":"MultiLineString","coordinates":[[[-170,-0.00002],[-172.476,2.5119],[-174.9616,5.019],[-174.999852,5.057143]],[[-174.999852,5.057143],[-177.4664,7.5167],[-180,10]]]},"properties":{}},{"type":"Feature","geometry":{"type":"MultiLineString","coordinates":[[[1.25,51.6],[0.8262,51.5038]],[[0.8262,51.5038],[0.5034,51.4996],[0.4499,51.479],[0.4265,51.4482],[0.3441,51.45],[0.3126,51.4722],[0.2782,51.4594],[0.2137,51.4867]]]},"properties":{}},{"type":"Feature","geometry":{"type":"MultiLineString","coordinates":[[[4.9,53.5],[3.720947,53.5]],[[3.720947,53.5],[3.34058,53.5]],[[3.34058,53.5],[2.146404,53.5]],[[2.146404,53.5],[1.075698,53.5]],[[1.075698,53.5],[0.4,53.5]]]},"properties":{}},{"type":"Feature","geometry":{"type":"MultiLineString","coordinates":[[[0.4,53.5],[0.946317,53.592137]],[[0.946317,53.592137],[1.674948,53.715022]],[[1.674948,53.715022],[2.7172,53.8908],[3.466687,53.95797]],[[3.466687,53.95797],[4.053538,54.010564]],[[4.053538,54.010564],[4.33098,54.035429]],[[4.33098,54.035429],[5.039755,54.09895]],[[5.039755,54.09895],[5.322329,54.124275]],[[5.322329,54.124275],[5.343228,54.126148]],[[5.343228,54.126148],[7.14885,54.28797]],[[7.14885,54.28797],[7.4962,54.3191]],[[7.4962,54.3191],[6.653,55.2989],[6.709392,55.454701]],[[6.709392,55.454701],[6.837383,55.808317]],[[6.837383,55.808317],[7.07103,56.453841]],[[7.07103,56.453841],[7.154853,56.685428]],[[7.154853,56.685428],[7.3436,57.2069]]]},"properties":{}},{"type":"Feature","geometry":{"type":"MultiLineString","coordinates":[[[0.4,53.5],[0.71596,53.756184]],[[0.71596,53.756184],[0.745172,53.779869]],[[0.745172,53.779869],[1.028705,54.009761]],[[1.028705,54.009761],[2.3196,55.056432]],[[2.3196,55.056432],[3.121767,55.706838]],[[3.121767,55.706838],[3.616286,56.107799]],[[3.616286,56.107799],[4.18583,56.569592]],[[4.18583,56.569592],[5.95,58]]]},"properties":{}},{"type":"Feature","geometry":{"type":"MultiLineString","coordinates":[[[-150,-0.00003],[-155,-0.00001],[-158.407811,-0.000017]],[[-158.407811,-0.000017],[-160,-0.00002]]]},"properties":{}},{"type":"Feature","geometry":{"type":"MultiLineString","coordinates":[[[4.7524,55.5172],[4.26265,55.304869]],[[4.26265,55.304869],[3.779946,55.095593]],[[3.779946,55.095593],[2.89253,54.710855]],[[2.89253,54.710855],[1.148942,53.954923]],[[1.148942,53.954923],[0.745172,53.779869]],[[0.745172,53.779869],[0.7088,53.7641]]]},"properties":{}},{"type":"Feature","geometry":{"type":"MultiLineString","coordinates":[[[0.7369,51.7264],[0.7754,51.717],[0.9333,51.7545],[1.1187,51.7043],[1.1393,51.654]],[[1.1393,51.654],[0.8262,51.5038]]]},"properties":{}},{"type":"Feature","geometry":{"type":"MultiLineString","coordinates":[[[0.75,38.9],[0.860013,38.973342]],[[0.860013,38.973342],[0.883769,38.989179]],[[0.883769,38.989179],[1.263132,39.242088]],[[1.263132,39.242088],[1.47905,39.386033]],[[1.47905,39.386033],[1.540078,39.426718]],[[1.540078,39.426718],[2.4,40]]]},"properties":{}},{"type":"Feature","geometry":{"type":"MultiLineString","coordinates":[[[5,43],[4.491049,42.509012]],[[4.491049,42.509012],[3.827586,41.868966]],[[3.827586,41.868966],[3.550617,41.601772]],[[3.550617,41.601772],[3.237316,41.299528]],[[3.237316,41.299528],[2.983281,41.05446]],[[2.983281,41.05446],[2.907957,40.981794]],[[2.907957,40.981794],[2.765046,40.843926]],[[2.765046,40.843926],[2.65283,40.735672]],[[2.65283,40.735672],[2.557895,40.644087]],[[2.557895,40.644087],[2.44086,40.531183]],[[2.44086,40.531183],[2.345166,40.438866]],[[2.345166,40.438866],[2.171144,40.270986]],[[2.171144,40.270986],[1.296821,39.427521]],[[1.296821,39.427521],[1.296439,39.427153]],[[1.296439,39.427153],[1.122073,39.258941]],[[1.122073,39.258941],[0.842785,38.98951]],[[0.842785,38.98951],[0.835817,38.982788]],[[0.835817,38.982788],[0.75,38.9]]]},"properties":{}},{"type":"Feature","geometry":{"type":"MultiLineString","coordinates":[[[1.1722,41.0019],[1.036038,40.324025]],[[1.036038,40.324025],[0.990939,40.099501]],[[0.990939,40.099501],[0.87524,39.523502]],[[0.87524,39.523502],[0.856045,39.427938]],[[0.856045,39.427938],[0.829129,39.29394]],[[0.829129,39.29394],[0.77166,39.007833]],[[0.77166,39.007833],[0.768101,38.990113]],[[0.768101,38.990113],[0.75,38.9]]]},"properties":{}},{"type":"Feature","geometry":{"type":"MultiLineString","coordinates":[[[0.75,38.9],[1.358236,38.459999]],[[1.358236,38.459999],[1.542546,38.326669]],[[1.542546,38.326669],[2.702475,37.487572]],[[2.702475,37.487572],[2.852269,37.37921]],[[2.852269,37.37921],[3.1,37.2]]]},"properties":{}},{"type":"Feature","geometry":{"type":"MultiLineString","coordinates":[[[0.75,38.9],[1.4071,38.794]],[[1.4071,38.794],[2.078846,39.144631]],[[2.078846,39.144631],[2.218711,39.217636]],[[2.218711,39.217636],[2.221003,39.218833]],[[2.221003,39.218833],[2.6156,39.4248]]]},"properties":{}},{"type":"Feature","geometry":{"type":"LineString","coordinates":[[1.1393,51.654],[1.25,51.6]]},"properties":{}},{"type":"Feature","geometry":{"type":"MultiLineString","coordinates":[[[2.9,51.9],[1.806977,51.701268]],[[1.806977,51.701268],[1.539869,51.652703]],[[1.539869,51.652703],[1.25,51.6]]]},"properties":{}},{"type":"Feature","geometry":{"type":"MultiLineString","coordinates":[[[1.25,51.6],[1.474566,51.467902]],[[1.474566,51.467902],[1.868695,51.236062]],[[1.868695,51.236062],[1.868832,51.235981]],[[1.868832,51.235981],[1.868984,51.235892]],[[1.868984,51.235892],[2.1,51.1]]]},"properties":{}},{"type":"Feature","geometry":{"type":"MultiLineString","coordinates":[[[11,-19],[8.509842,-12.361051]],[[8.509842,-12.361051],[7.407465,-9.422032]],[[7.407465,-9.422032],[5.199709,-3.535991]],[[5.199709,-3.535991],[4.876639,-2.674661]],[[4.876639,-2.674661],[3.867835,0.014885]],[[3.867835,0.014885],[3.394494,1.276849]],[[3.394494,1.276849],[2.046592,4.870455]],[[2.046592,4.870455],[1.6515,5.9238]]]},"properties":{}},{"type":"Feature","geometry":{"type":"MultiLineString","coordinates":[[[-160,-0.00002],[-157.5237,2.512],[-155.0379,5.0192],[-154.999852,5.057143]],[[-154.999852,5.057143],[-152.5333,7.5169],[-150,10]]]},"properties":{}},{"type":"Feature","geometry":{"type":"MultiLineString","coordinates":[[[3.4,51.5],[2.356699,51.178984]],[[2.356699,51.178984],[2.1,51.1]]]},"properties":{}},{"type":"Feature","geometry":{"type":"MultiLineString","coordinates":[[[2.9,51.9],[2.330031,51.330031]],[[2.330031,51.330031],[2.328554,51.328554]],[[2.328554,51.328554],[2.1,51.1]]]},"properties":{}},{"type":"Feature","geometry":{"type":"MultiLineString","coordinates":[[[2.4,40],[2.727992,40.255105]],[[2.727992,40.255105],[2.881028,40.374133]],[[2.881028,40.374133],[2.912236,40.398406]],[[2.912236,40.398406],[3.061062,40.514159]],[[3.061062,40.514159],[3.110618,40.552703]],[[3.110618,40.552703],[3.284593,40.688017]],[[3.284593,40.688017],[3.450519,40.817071]],[[3.450519,40.817071],[4.070137,41.298996]],[[4.070137,41.298996],[4.975923,42.003496]],[[4.975923,42.003496],[4.99156,42.015658]],[[4.99156,42.015658],[5.020937,42.038506]],[[5.020937,42.038506],[5.276247,42.237081]],[[5.276247,42.237081],[5.475171,42.391799]],[[5.475171,42.391799],[6,42.8]]]},"properties":{}},{"type":"Feature","geometry":{"type":"MultiLineString","coordinates":[[[2.4,40],[2.423668,40.307678]],[[2.423668,40.307678],[2.430604,40.397854]],[[2.430604,40.397854],[2.44086,40.531183]],[[2.44086,40.531183],[2.451655,40.67152]],[[2.451655,40.67152],[2.474432,40.967615]],[[2.474432,40.967615],[2.483189,41.081455]],[[2.483189,41.081455],[2.5,41.3]]]},"properties":{}},{"type":"Feature","geometry":{"type":"MultiLineString","coordinates":[[[2.4,40],[2.268112,39.42542]],[[2.268112,39.42542],[2.2208,39.2193],[2.221003,39.218833]],[[2.221003,39.218833],[2.221834,39.216925]],[[2.221834,39.216925],[2.262884,39.122643]],[[2.262884,39.122643],[2.426923,38.745888]],[[2.426923,38.745888],[2.975668,37.485558]],[[2.975668,37.485558],[3.007102,37.413364]],[[3.007102,37.413364],[3.1,37.2]]]},"properties":{}},{"type":"Feature","geometry":{"type":"MultiLineString","coordinates":[[[2.5,5],[3.768756,1.417631]],[[3.768756,1.417631],[4.265019,0.016416]],[[4.265019,0.016416],[5.300429,-2.907092]],[[5.300429,-2.907092],[5.423211,-3.253771]],[[5.423211,-3.253771],[7.601488,-9.404203]],[[7.601488,-9.404203],[8.614063,-12.263238]],[[8.614063,-12.263238],[11,-19]]]},"properties":{}},{"type":"Feature","geometry":{"type":"LineString","coordinates":[[8,3],[2.5,5]]},"properties":{}},{"type":"Feature","geometry":{"type":"MultiLineString","coordinates":[[[6,42.8],[5.428222,42.554952]],[[5.428222,42.554952],[5.367901,42.5291]],[[5.367901,42.5291],[5.197026,42.455868]],[[5.197026,42.455868],[5.023145,42.381348]],[[5.023145,42.381348],[5.013561,42.37724]],[[5.013561,42.37724],[5.013369,42.377158]],[[5.013369,42.377158],[3.827586,41.868966]],[[3.827586,41.868966],[2.5,41.3]]]},"properties":{}},{"type":"Feature","geometry":{"type":"MultiLineString","coordinates":[[[2.5,41.3],[2.907957,40.981794]],[[2.907957,40.981794],[3.284593,40.688017]],[[3.284593,40.688017],[3.560445,40.472853]],[[3.560445,40.472853],[3.728416,40.341835]],[[3.728416,40.341835],[4.509103,39.7329]],[[4.509103,39.7329],[4.748723,39.545996]],[[4.748723,39.545996],[5.674585,38.823824]],[[5.674585,38.823824],[6.277672,38.353416]],[[6.277672,38.353416],[6.496155,38.182999]],[[6.496155,38.182999],[7.095237,37.715715]],[[7.095237,37.715715],[7.5,37.4]]]},"properties":{}},{"type":"Feature","geometry":{"type":"LineString","coordinates":[[-160,-0.00002],[-160.0003,5.0004],[-160,10]]},"properties":{}},{"type":"Feature","geometry":{"type":"MultiLineString","coordinates":[[[2.5,41.3],[3.237316,41.299528]],[[3.237316,41.299528],[4.070137,41.298996]],[[4.070137,41.298996],[4.853005,41.298495]],[[4.853005,41.298495],[5.037053,41.298377]],[[5.037053,41.298377],[5.616278,41.298007]],[[5.616278,41.298007],[6.330077,41.29755]],[[6.330077,41.29755],[6.401382,41.297505]],[[6.401382,41.297505],[7.576446,41.296753]],[[7.576446,41.296753],[8.424769,41.296211]],[[8.424769,41.296211],[9.2235,41.2957]]]},"properties":{}},{"type":"Feature","geometry":{"type":"MultiLineString","coordinates":[[[3.9,52],[3.354826,51.945483]],[[3.354826,51.945483],[2.9,51.9]]]},"properties":{}},{"type":"Feature","geometry":{"type":"MultiLineString","coordinates":[[[4.9,53.5],[3.900173,52.700139]],[[3.900173,52.700139],[3.333816,52.247053]],[[3.333816,52.247053],[3.327388,52.241911]],[[3.327388,52.241911],[3.324964,52.239971]],[[3.324964,52.239971],[3.044362,52.01549]],[[3.044362,52.01549],[2.9,51.9]]]},"properties":{}},{"type":"Feature","geometry":{"type":"MultiLineString","coordinates":[[[2.9,51.9],[2.93236,52.017517]],[[2.93236,52.017517],[3.028876,52.368023]],[[3.028876,52.368023],[3.207339,53.016127]],[[3.207339,53.016127],[3.219351,53.059747]],[[3.219351,53.059747],[3.34058,53.5]],[[3.34058,53.5],[3.466687,53.95797]],[[3.466687,53.95797],[3.562695,54.306629]],[[3.562695,54.306629],[3.779946,55.095593]],[[3.779946,55.095593],[3.875166,55.441392]],[[3.875166,55.441392],[4.097765,56.249776]],[[4.097765,56.249776],[4.18583,56.569592]],[[4.18583,56.569592],[4.598436,58.068003]],[[4.598436,58.068003],[4.8,58.8]]]},"properties":{}},{"type":"Feature","geometry":{"type":"LineString","coordinates":[[3.4,51.5],[2.9,51.9]]},"properties":{}},{"type":"Feature","geometry":{"type":"MultiLineString","coordinates":[[[4.1179,51.4927],[3.8076,51.6378],[3.559619,51.659619]],[[3.559619,51.659619],[3.478,51.6668],[3.379037,51.706728]],[[3.379037,51.706728],[2.9,51.9]]]},"properties":{}},{"type":"Feature","geometry":{"type":"MultiLineString","coordinates":[[[3.0676,39.0265],[3.439856,38.99756]],[[3.439856,38.99756],[4.315453,38.929487]],[[4.315453,38.929487],[5.674585,38.823824]],[[5.674585,38.823824],[6.203567,38.782699]],[[6.203567,38.782699],[6.536422,38.756821]],[[6.536422,38.756821],[7.52511,38.679957]],[[7.52511,38.679957],[8.4301,38.6096]]]},"properties":{}},{"type":"Feature","geometry":{"type":"LineString","coordinates":[[3.1,37.2],[7.5,37.4]]},"properties":{}},{"type":"Feature","geometry":{"type":"MultiLineString","coordinates":[[[3.1,37.2],[7.095237,37.715715]],[[7.095237,37.715715],[7.192242,37.728237]],[[7.192242,37.728237],[7.507237,37.768897]],[[7.507237,37.768897],[8.147147,37.851498]],[[8.147147,37.851498],[8.676736,37.919859]],[[8.676736,37.919859],[9.1442,37.9802],[9.780069,38.026727]],[[9.780069,38.026727],[10.136119,38.052779]],[[10.136119,38.052779],[10.311505,38.065613]],[[10.311505,38.065613],[10.445158,38.075392]],[[10.445158,38.075392],[11.013127,38.116951]],[[11.013127,38.116951],[11.661179,38.164369]],[[11.661179,38.164369],[12.099936,38.196473]],[[12.099936,38.196473],[12.743535,38.243566]],[[12.743535,38.243566],[13.3959,38.2913]],[[13.3959,38.2913],[15.727668,38.366322]]]},"properties":{}},{"type":"Feature","geometry":{"type":"MultiLineString","coordinates":[[[5,43],[5.01348,42.380962]],[[5.01348,42.380962],[5.013527,42.378784]],[[5.013527,42.378784],[5.013561,42.37724]],[[5.013561,42.37724],[5.020937,42.038506]],[[5.020937,42.038506],[5.021249,42.024186]],[[5.021249,42.024186],[5.037053,41.298377]],[[5.037053,41.298377],[5.050316,40.689332]],[[5.050316,40.689332],[5.0654,39.9966]],[[5.0654,39.9966],[4.748723,39.545996]],[[4.748723,39.545996],[4.315453,38.929487]],[[4.315453,38.929487],[4.200818,38.766372]],[[4.200818,38.766372],[3.294502,37.47676]],[[3.294502,37.47676],[3.1,37.2]]]},"properties":{}},{"type":"Feature","geometry":{"type":"MultiLineString","coordinates":[[[3.9,52],[3.559619,51.659619]],[[3.559619,51.659619],[3.4,51.5]]]},"properties":{}},{"type":"Feature","geometry":{"type":"LineString","coordinates":[[3.4,51.5],[3.7005,51.4054],[3.846,51.3626],[3.9641,51.426],[4.0905,51.3831],[4.1894,51.3917]]},"properties":{}},{"type":"Feature","geometry":{"type":"LineString","coordinates":[[3.7499,43.3504],[4.0589,43.51],[4.2869,43.3504],[5.0394,43.1443]]},"properties":{}},{"type":"Feature","geometry":{"type":"LineString","coordinates":[[5,43],[3.7499,43.3504]]},"properties":{}},{"type":"Feature","geometry":{"type":"LineString","coordinates":[[4.3,52.5],[3.9,52]]},"properties":{}},{"type":"Feature","geometry":{"type":"MultiLineString","coordinates":[[[-160,-10],[-159.999917,-8.621308]],[[-159.999917,-8.621308],[-159.9997,-5.0004],[-159.999885,-1.918874]],[[-159.999885,-1.918874],[-160,-0.00002]]]},"properties":{}},{"type":"Feature","geometry":{"type":"MultiLineString","coordinates":[[[6.3,63],[5.389929,62.586332]],[[5.389929,62.586332],[4.1,62]]]},"properties":{}},{"type":"Feature","geometry":{"type":"MultiLineString","coordinates":[[[4.1,62],[4.114615,61.736927]],[[4.114615,61.736927],[4.160202,60.91637]],[[4.160202,60.91637],[4.2,60.2]]]},"properties":{}},{"type":"Feature","geometry":{"type":"MultiLineString","coordinates":[[[4.2,60.2],[4.581717,59.309328]],[[4.581717,59.309328],[4.58339,59.305424]],[[4.58339,59.305424],[4.8,58.8]]]},"properties":{}},{"type":"Feature","geometry":{"type":"MultiLineString","coordinates":[[[4.9,53.5],[4.308389,52.513982]],[[4.308389,52.513982],[4.307491,52.512485]],[[4.307491,52.512485],[4.3,52.5]]]},"properties":{}},{"type":"Feature","geometry":{"type":"MultiLineString","coordinates":[[[4.3,52.5],[4.307385,52.512456]],[[4.307385,52.512456],[4.3083,52.514]]]},"properties":{}},{"type":"Feature","geometry":{"type":"MultiLineString","coordinates":[[[4.7524,55.5172],[5.435023,55.792954]],[[5.435023,55.792954],[6.392305,56.179661]],[[6.392305,56.179661],[6.95884,56.40852]],[[6.95884,56.40852],[7.07103,56.453841]],[[7.07103,56.453841],[7.9824,56.822],[7.981533,56.820377]],[[7.981533,56.820377],[7.3424,55.6243],[7.364852,55.433768]],[[7.364852,55.433768],[7.4962,54.3191]],[[7.4962,54.3191],[8.25,53.9]]]},"properties":{}},{"type":"Feature","geometry":{"type":"MultiLineString","coordinates":[[[8.2625,55.4051],[7.900979,55.416646]],[[7.900979,55.416646],[7.364852,55.433768]],[[7.364852,55.433768],[6.709392,55.454701]],[[6.709392,55.454701],[6.475957,55.462156]],[[6.475957,55.462156],[6.293076,55.467996]],[[6.293076,55.467996],[5.737296,55.485746]],[[5.737296,55.485746],[5.366107,55.4976]],[[5.366107,55.4976],[4.7524,55.5172]]]},"properties":{}},{"type":"Feature","geometry":{"type":"LineString","coordinates":[[4.8,58.8],[5.95,58]]},"properties":{}},{"type":"Feature","geometry":{"type":"MultiLineString","coordinates":[[[6.9,53.75],[6.384053,53.685507]],[[6.384053,53.685507],[4.9,53.5]]]},"properties":{}},{"type":"Feature","geometry":{"type":"MultiLineString","coordinates":[[[8.05,57.95],[7.568299,57.269501]],[[7.568299,57.269501],[7.549486,57.242924]],[[7.549486,57.242924],[7.154853,56.685428]],[[7.154853,56.685428],[6.95884,56.40852]],[[6.95884,56.40852],[6.293076,55.467996]],[[6.293076,55.467996],[5.895222,54.905948]],[[5.895222,54.905948],[5.795345,54.764853]],[[5.795345,54.764853],[5.343228,54.126148]],[[5.343228,54.126148],[5.337472,54.118017]],[[5.337472,54.118017],[4.9,53.5]]]},"properties":{}},{"type":"Feature","geometry":{"type":"MultiLineString","coordinates":[[[-150,-10],[-152.5336,-7.5167],[-152.611635,-7.438886]],[[-152.611635,-7.438886],[-155.000099,-5.057193]],[[-155.000099,-5.057193],[-155.0384,-5.019],[-157.5239,-2.5119],[-159.135475,-0.877038]],[[-159.135475,-0.877038],[-160,-0.00002]]]},"properties":{}},{"type":"Feature","geometry":{"type":"MultiLineString","coordinates":[[[4.9,53.5],[5.039755,54.09895]],[[5.039755,54.09895],[5.240728,54.960262]],[[5.240728,54.960262],[5.241469,54.96344]],[[5.241469,54.96344],[5.366107,55.4976]],[[5.366107,55.4976],[5.435023,55.792954]],[[5.435023,55.792954],[5.648299,56.706994]],[[5.648299,56.706994],[5.95,58]]]},"properties":{}},{"type":"Feature","geometry":{"type":"LineString","coordinates":[[5.3264,53.0736],[5.1644,53.3122],[4.9,53.5]]},"properties":{}},{"type":"Feature","geometry":{"type":"MultiLineString","coordinates":[[[5.6231,52.6208],[5.3182,52.7274]],[[5.3182,52.7274],[5.0545,52.9447],[4.9337,53.0637]]]},"properties":{}},{"type":"Feature","geometry":{"type":"MultiLineString","coordinates":[[[4.9405,43.3883],[5.0394,43.1443]],[[5.0394,43.1443],[5,43]]]},"properties":{}},{"type":"Feature","geometry":{"type":"MultiLineString","coordinates":[[[5,43],[5.197026,42.455868]],[[5.197026,42.455868],[5.220606,42.390748]],[[5.220606,42.390748],[5.276247,42.237081]],[[5.276247,42.237081],[5.32205,42.110586]],[[5.32205,42.110586],[5.616278,41.298007]],[[5.616278,41.298007],[5.79737,40.79788]],[[5.79737,40.79788],[5.82107,40.732429]],[[5.82107,40.732429],[5.983631,40.283479]],[[5.983631,40.283479],[6.266836,39.501343]],[[6.266836,39.501343],[6.536422,38.756821]],[[6.536422,38.756821],[6.710837,38.275134]],[[6.710837,38.275134],[6.7245,38.2374]]]},"properties":{}},{"type":"Feature","geometry":{"type":"MultiLineString","coordinates":[[[5,43],[5.367901,42.5291]],[[5.367901,42.5291],[5.466835,42.402469]],[[5.466835,42.402469],[5.475171,42.391799]],[[5.475171,42.391799],[5.626545,42.198046]],[[5.626545,42.198046],[6.330077,41.29755]],[[6.330077,41.29755],[6.360906,41.258092]],[[6.360906,41.258092],[6.626351,40.918332]],[[6.626351,40.918332],[6.898928,40.569443]],[[6.898928,40.569443],[7.545931,39.741303]],[[7.545931,39.741303],[8.4301,38.6096]]]},"properties":{}},{"type":"Feature","geometry":{"type":"MultiLineString","coordinates":[[[5,43],[5.296434,42.940713]],[[5.296434,42.940713],[6,42.8]]]},"properties":{}},{"type":"Feature","geometry":{"type":"MultiLineString","coordinates":[[[5.0394,43.1443],[5.2125,43.1864]],[[5.2125,43.1864],[5.253043,43.067726]],[[5.253043,43.067726],[5.296434,42.940713]],[[5.296434,42.940713],[5.428222,42.554952]],[[5.428222,42.554952],[5.4801,42.4031]]]},"properties":{}},{"type":"Feature","geometry":{"type":"LineString","coordinates":[[-180,20],[-174.9996,20.0692],[-170,20]]},"properties":{}},{"type":"Feature","geometry":{"type":"MultiLineString","coordinates":[[[5.0394,43.1443],[5.253043,43.067726]],[[5.253043,43.067726],[6,42.8]]]},"properties":{}},{"type":"Feature","geometry":{"type":"MultiLineString","coordinates":[[[5.0654,39.9966],[5.983631,40.283479]],[[5.983631,40.283479],[6.898928,40.569443]],[[6.898928,40.569443],[7.566268,40.777937]],[[7.566268,40.777937],[7.566954,40.778151]],[[7.566954,40.778151],[7.569235,40.778864]],[[7.569235,40.778864],[8.426443,41.046678]],[[8.426443,41.046678],[9.2235,41.2957]],[[9.2235,41.2957],[9.680453,41.133457]],[[9.680453,41.133457],[9.750489,41.10859]],[[9.750489,41.10859],[9.866739,41.067315]],[[9.866739,41.067315],[10,41.02]]]},"properties":{}},{"type":"Feature","geometry":{"type":"MultiLineString","coordinates":[[[9.1674,43.9909],[8.759413,43.593625]],[[8.759413,43.593625],[8.498953,43.340004]],[[8.498953,43.340004],[8.155173,43.005249]],[[8.155173,43.005249],[8.037334,42.890504]],[[8.037334,42.890504],[7.887811,42.744907]],[[7.887811,42.744907],[7.860425,42.71824]],[[7.860425,42.71824],[7.599345,42.464015]],[[7.599345,42.464015],[7.41909,42.288492]],[[7.41909,42.288492],[7.314443,42.186593]],[[7.314443,42.186593],[6.401382,41.297505]],[[6.401382,41.297505],[6.360906,41.258092]],[[6.360906,41.258092],[5.904231,40.813407]],[[5.904231,40.813407],[5.82107,40.732429]],[[5.82107,40.732429],[5.0654,39.9966]]]},"properties":{}},{"type":"Feature","geometry":{"type":"MultiLineString","coordinates":[[[5.0654,39.9966],[6.203567,38.782699]],[[6.203567,38.782699],[6.673064,38.281961]],[[6.673064,38.281961],[6.719631,38.232295]],[[6.719631,38.232295],[7.192242,37.728237]],[[7.192242,37.728237],[7.5,37.4]]]},"properties":{}},{"type":"Feature","geometry":{"type":"MultiLineString","coordinates":[[[5.3141,43.3224],[5.2125,43.1864]],[[5.2125,43.1864],[6,42.8]]]},"properties":{}},{"type":"Feature","geometry":{"type":"MultiLineString","coordinates":[[[5.3213,54.1247],[5.322329,54.124275]],[[5.322329,54.124275],[5.337472,54.118017]],[[5.337472,54.118017],[6.384053,53.685507]],[[6.384053,53.685507],[6.8673,53.4858],[6.9991,53.3352],[6.9,53.75]]]},"properties":{}},{"type":"Feature","geometry":{"type":"LineString","coordinates":[[8.05,57.95],[5.95,58]]},"properties":{}},{"type":"Feature","geometry":{"type":"MultiLineString","coordinates":[[[6,42.8],[7.608942,42.953229]],[[7.608942,42.953229],[7.743547,42.966048]],[[7.743547,42.966048],[8.155173,43.005249]],[[8.155173,43.005249],[8.576521,43.045377]],[[8.576521,43.045377],[8.577741,43.045493]],[[8.577741,43.045493],[9.495262,43.132873]],[[9.495262,43.132873],[9.497727,43.133108]],[[9.497727,43.133108],[9.8473,43.1664]]]},"properties":{}},{"type":"Feature","geometry":{"type":"MultiLineString","coordinates":[[[-150,40],[-154.9996,40.1067],[-155.113685,40.104266]],[[-155.113685,40.104266],[-160,40]]]},"properties":{}},{"type":"Feature","geometry":{"type":"MultiLineString","coordinates":[[[7.6201,43.522],[7.43475,43.439398]],[[7.43475,43.439398],[6,42.8]]]},"properties":{}},{"type":"Feature","geometry":{"type":"MultiLineString","coordinates":[[[9.2235,41.2957],[8.422264,41.66961]],[[8.422264,41.66961],[7.591367,42.057362]],[[7.591367,42.057362],[7.314443,42.186593]],[[7.314443,42.186593],[6.656168,42.493788]],[[6.656168,42.493788],[6,42.8]]]},"properties":{}},{"type":"Feature","geometry":{"type":"MultiLineString","coordinates":[[[8.68,41.834],[8.420533,41.927524]],[[8.420533,41.927524],[7.59466,42.225208]],[[7.59466,42.225208],[7.41909,42.288492]],[[7.41909,42.288492],[6.763779,42.524698]],[[6.763779,42.524698],[6,42.8]]]},"properties":{}},{"type":"Feature","geometry":{"type":"MultiLineString","coordinates":[[[8.9217,42.6716],[8.460536,42.691867]],[[8.460536,42.691867],[7.906529,42.716214]],[[7.906529,42.716214],[7.860425,42.71824]],[[7.860425,42.71824],[7.604553,42.729485]],[[7.604553,42.729485],[7.493704,42.734356]],[[7.493704,42.734356],[6,42.8]]]},"properties":{}},{"type":"Feature","geometry":{"type":"MultiLineString","coordinates":[[[9,64],[7.378809,63.399559]],[[7.378809,63.399559],[6.3,63]]]},"properties":{}},{"type":"Feature","geometry":{"type":"LineString","coordinates":[[12,68],[6.3,63]]},"properties":{}},{"type":"Feature","geometry":{"type":"LineString","coordinates":[[8.25,53.9],[6.9,53.75]]},"properties":{}},{"type":"Feature","geometry":{"type":"MultiLineString","coordinates":[[[7.5,37.4],[10.373031,37.482087]],[[10.373031,37.482087],[11,37.5]]]},"properties":{}},{"type":"Feature","geometry":{"type":"MultiLineString","coordinates":[[[7.5,37.4],[10.1431,37.4851],[10.372293,37.489085]],[[10.372293,37.489085],[11,37.5]]]},"properties":{}},{"type":"Feature","geometry":{"type":"MultiLineString","coordinates":[[[7.5,37.4],[8.147147,37.851498]],[[8.147147,37.851498],[8.333928,37.981811]],[[8.333928,37.981811],[8.926534,38.395256]],[[8.926534,38.395256],[8.97762,38.430897]],[[8.97762,38.430897],[9.65,38.9]]]},"properties":{}},{"type":"Feature","geometry":{"type":"MultiLineString","coordinates":[[[7.6201,43.522],[7.613116,43.165984]],[[7.613116,43.165984],[7.608942,42.953229]],[[7.608942,42.953229],[7.605277,42.766403]],[[7.605277,42.766403],[7.604553,42.729485]],[[7.604553,42.729485],[7.599345,42.464015]],[[7.599345,42.464015],[7.59466,42.225208]],[[7.59466,42.225208],[7.591367,42.057362]],[[7.591367,42.057362],[7.576446,41.296753]],[[7.576446,41.296753],[7.571717,41.055694]],[[7.571717,41.055694],[7.566309,40.780036]],[[7.566309,40.780036],[7.566287,40.778946]],[[7.566287,40.778946],[7.566268,40.777937]],[[7.566268,40.777937],[7.546524,39.77154]],[[7.546524,39.77154],[7.546496,39.770097]],[[7.546496,39.770097],[7.545931,39.741303]],[[7.545931,39.741303],[7.531001,38.980228]],[[7.531001,38.980228],[7.52511,38.679957]],[[7.52511,38.679957],[7.51979,38.408799]],[[7.51979,38.408799],[7.51432,38.12993]],[[7.51432,38.12993],[7.507237,37.768897]],[[7.507237,37.768897],[7.5,37.4]]]},"properties":{}},{"type":"Feature","geometry":{"type":"LineString","coordinates":[[7.8,43.6],[7.6201,43.522]]},"properties":{}},{"type":"Feature","geometry":{"type":"MultiLineString","coordinates":[[[7.6201,43.522],[7.3108,43.6294],[7.43475,43.439398]],[[7.43475,43.439398],[7.613116,43.165984]],[[7.613116,43.165984],[7.743547,42.966048]],[[7.743547,42.966048],[7.831414,42.831357]],[[7.831414,42.831357],[7.887811,42.744907]],[[7.887811,42.744907],[7.906529,42.716214]],[[7.906529,42.716214],[8.420528,41.928311]],[[8.420528,41.928311],[8.4206,41.9282]]]},"properties":{}},{"type":"Feature","geometry":{"type":"MultiLineString","coordinates":[[[7.6201,43.522],[8.498953,43.340004]],[[8.498953,43.340004],[8.664024,43.30582]],[[8.664024,43.30582],[9.494926,43.133754]],[[9.494926,43.133754],[9.4976,43.1332],[9.497727,43.133108]],[[9.497727,43.133108],[9.771986,42.934412]],[[9.771986,42.934412],[10.014928,42.758404]],[[10.014928,42.758404],[10.1041,42.6938]]]},"properties":{}},{"type":"Feature","geometry":{"type":"MultiLineString","coordinates":[[[9.1674,43.9909],[8.862165,43.903642]],[[8.862165,43.903642],[7.8,43.6]]]},"properties":{}},{"type":"Feature","geometry":{"type":"MultiLineString","coordinates":[[[-150,50],[-151.590299,48.569813]],[[-151.590299,48.569813],[-153.969812,46.429871]],[[-153.969812,46.429871],[-155.11304,45.401744]],[[-155.11304,45.401744],[-155.417116,45.128282]],[[-155.417116,45.128282],[-155.437,45.1104],[-157.721152,42.552229]],[[-157.721152,42.552229],[-158.468421,41.715315]],[[-158.468421,41.715315],[-160,40]]]},"properties":{}},{"type":"Feature","geometry":{"type":"LineString","coordinates":[[7.8,43.6],[8.2694,43.8793],[8.5111,44.2641],[8.8607,43.9034]]},"properties":{}},{"type":"Feature","geometry":{"type":"MultiLineString","coordinates":[[[8.05,57.95],[8.017329,57.394601]],[[8.017329,57.394601],[8.01318,57.324057]],[[8.01318,57.324057],[7.983627,56.821663]],[[7.983627,56.821663],[7.900979,55.416646]],[[7.900979,55.416646],[7.9,55.4]]]},"properties":{}},{"type":"Feature","geometry":{"type":"LineString","coordinates":[[7.9,55.4],[8.25,53.9]]},"properties":{}},{"type":"Feature","geometry":{"type":"LineString","coordinates":[[8,-0.00001],[8,3]]},"properties":{}},{"type":"Feature","geometry":{"type":"LineString","coordinates":[[8,-0.00001],[11,-6]]},"properties":{}},{"type":"Feature","geometry":{"type":"LineString","coordinates":[[9.6,58.6],[8.05,57.95]]},"properties":{}},{"type":"Feature","geometry":{"type":"MultiLineString","coordinates":[[[8.1966,40.5276],[7.569235,40.778864]],[[7.569235,40.778864],[7.566309,40.780036]],[[7.566309,40.780036],[7.5649,40.7806],[7.566287,40.778946]],[[7.566287,40.778946],[7.566954,40.778151]],[[7.566954,40.778151],[7.984256,40.280637]],[[7.984256,40.280637],[8.3614,39.831]]]},"properties":{}},{"type":"Feature","geometry":{"type":"MultiLineString","coordinates":[[[8.1966,40.5276],[7.984256,40.280637]],[[7.984256,40.280637],[7.546524,39.77154]],[[7.546524,39.77154],[7.5452,39.77],[7.546496,39.770097]],[[7.546496,39.770097],[8.3614,39.831]]]},"properties":{}},{"type":"Feature","geometry":{"type":"LineString","coordinates":[[8.3614,39.831],[8.1966,40.5276]]},"properties":{}},{"type":"Feature","geometry":{"type":"MultiLineString","coordinates":[[[-0.964727,50.731167],[-0.898719,50.717134]],[[-0.898719,50.717134],[-0.805974,50.697416],[-0.472231,50.709646]],[[-0.472231,50.709646],[-0.165167,50.720898]],[[-0.165167,50.720898],[0.064272,50.767826]]]},"properties":{}},{"type":"Feature","geometry":{"type":"LineString","coordinates":[[8.3614,39.831],[8.4301,38.6096]]},"properties":{}},{"type":"Feature","geometry":{"type":"MultiLineString","coordinates":[[[-160,50],[-160.002379,46.036662]],[[-160.002379,46.036662],[-160.003,45.0022],[-160.001481,42.470207]],[[-160.001481,42.470207],[-160.001049,41.748829]],[[-160.001049,41.748829],[-160,40]]]},"properties":{}},{"type":"Feature","geometry":{"type":"MultiLineString","coordinates":[[[8.4273,40.919],[8.426443,41.046678]],[[8.426443,41.046678],[8.42555,41.179757]],[[8.42555,41.179757],[8.424769,41.296211]],[[8.424769,41.296211],[8.422264,41.66961]],[[8.422264,41.66961],[8.420533,41.927524]],[[8.420533,41.927524],[8.420528,41.928311]],[[8.420528,41.928311],[8.4163,42.5584],[8.460536,42.691867]],[[8.460536,42.691867],[8.577741,43.045493]],[[8.577741,43.045493],[8.664024,43.30582]],[[8.664024,43.30582],[8.759413,43.593625]],[[8.759413,43.593625],[8.862165,43.903642]],[[8.862165,43.903642],[8.9876,44.2821]]]},"properties":{}},{"type":"Feature","geometry":{"type":"LineString","coordinates":[[8.4301,38.6096],[9.65,38.9]]},"properties":{}},{"type":"Feature","geometry":{"type":"LineString","coordinates":[[8.4301,38.6096],[8.9959,38.8624],[9.1497,39.1442],[9.65,38.9]]},"properties":{}},{"type":"Feature","geometry":{"type":"MultiLineString","coordinates":[[[8.4301,38.6096],[8.926534,38.395256]],[[8.926534,38.395256],[9.780069,38.026727]],[[9.780069,38.026727],[10.341148,37.784471]],[[10.341148,37.784471],[11,37.5]]]},"properties":{}},{"type":"Feature","geometry":{"type":"MultiLineString","coordinates":[[[8.4301,38.6096],[8.97762,38.430897]],[[8.97762,38.430897],[10.136119,38.052779]],[[10.136119,38.052779],[10.319157,37.993038]],[[10.319157,37.993038],[10.618912,37.895203]],[[10.618912,37.895203],[11.005722,37.768953]],[[11.005722,37.768953],[11.402937,37.639308]],[[11.402937,37.639308],[11.980941,37.450655]],[[11.980941,37.450655],[11.985559,37.449148]],[[11.985559,37.449148],[11.995649,37.445855]],[[11.995649,37.445855],[12.154748,37.393927]],[[12.154748,37.393927],[13.34884,37.004193]],[[13.34884,37.004193],[15.2,36.4]]]},"properties":{}},{"type":"Feature","geometry":{"type":"MultiLineString","coordinates":[[[9.2235,41.2957],[9.8437,42.221]],[[9.8437,42.221],[9.618271,42.810956]],[[9.618271,42.810956],[9.495262,43.132873]],[[9.495262,43.132873],[9.494926,43.133754]],[[9.494926,43.133754],[9.1674,43.9909]],[[9.1674,43.9909],[8.9876,44.2821]]]},"properties":{}},{"type":"Feature","geometry":{"type":"MultiLineString","coordinates":[[[8.9876,44.2821],[9.402194,44.002769]],[[9.402194,44.002769],[10,43.6]]]},"properties":{}},{"type":"Feature","geometry":{"type":"LineString","coordinates":[[10.7,65],[9,64]]},"properties":{}},{"type":"Feature","geometry":{"type":"LineString","coordinates":[[9.2,44],[9.1674,43.9909]]},"properties":{}},{"type":"Feature","geometry":{"type":"MultiLineString","coordinates":[[[9.2,44],[9.402194,44.002769]],[[9.402194,44.002769],[9.9228,44.0099],[10.1783,43.8793],[10,43.6]]]},"properties":{}},{"type":"Feature","geometry":{"type":"LineString","coordinates":[[9.2,44],[10,43.6]]},"properties":{}},{"type":"Feature","geometry":{"type":"MultiLineString","coordinates":[[[11.715,42.1138],[11.35892,41.99894]],[[11.35892,41.99894],[11.358628,41.998845]],[[11.358628,41.998845],[11.093903,41.913453]],[[11.093903,41.913453],[10.720639,41.79305]],[[10.720639,41.79305],[10.601293,41.754552]],[[10.601293,41.754552],[10.341183,41.670648]],[[10.341183,41.670648],[10.121955,41.599932]],[[10.121955,41.599932],[10.028916,41.569921]],[[10.028916,41.569921],[9.731572,41.474006]],[[9.731572,41.474006],[9.3831,41.3616],[9.2235,41.2957]]]},"properties":{}},{"type":"Feature","geometry":{"type":"MultiLineString","coordinates":[[[14.1,40.7],[12.249699,40.926028]],[[12.249699,40.926028],[11.872029,40.972163]],[[11.872029,40.972163],[11.075945,41.06941]],[[11.075945,41.06941],[11.046266,41.073036]],[[11.046266,41.073036],[10.860921,41.095677]],[[10.860921,41.095677],[10.31817,41.161978]],[[10.31817,41.161978],[10.151349,41.182356]],[[10.151349,41.182356],[10.084371,41.190538]],[[10.084371,41.190538],[9.819476,41.222897]],[[9.819476,41.222897],[9.69614,41.237964]],[[9.69614,41.237964],[9.2235,41.2957]]]},"properties":{}},{"type":"Feature","geometry":{"type":"MultiLineString","coordinates":[[[9.4724,42.6938],[9.618271,42.810956]],[[9.618271,42.810956],[9.771986,42.934412]],[[9.771986,42.934412],[10.027785,43.139856]],[[10.027785,43.139856],[10.1206,43.2144]]]},"properties":{}},{"type":"Feature","geometry":{"type":"MultiLineString","coordinates":[[[10.7,59.1],[10.499442,59.008837]],[[10.499442,59.008837],[10.498669,59.008486]],[[10.498669,59.008486],[10.049246,58.804203]],[[10.049246,58.804203],[10.009312,58.786051]],[[10.009312,58.786051],[9.94527,58.756941]],[[9.94527,58.756941],[9.802224,58.69192]],[[9.802224,58.69192],[9.6,58.6]]]},"properties":{}},{"type":"Feature","geometry":{"type":"MultiLineString","coordinates":[[[14.1,40.7],[13.02217,40.264024]],[[13.02217,40.264024],[12.61019,40.09738]],[[12.61019,40.09738],[12.425716,40.022761]],[[12.425716,40.022761],[11.99006,39.846541]],[[11.99006,39.846541],[11.092396,39.483441]],[[11.092396,39.483441],[11.073605,39.47584]],[[11.073605,39.47584],[11.041765,39.462961]],[[11.041765,39.462961],[10.200069,39.1225]],[[10.200069,39.1225],[9.65,38.9]]]},"properties":{}},{"type":"Feature","geometry":{"type":"LineString","coordinates":[[-160,30],[-160.0021,35.002],[-160,40]]},"properties":{}},{"type":"Feature","geometry":{"type":"MultiLineString","coordinates":[[[9.65,38.9],[10.142682,39.666771]],[[10.142682,39.666771],[10.640764,40.441945]],[[10.640764,40.441945],[10.800683,40.69083]],[[10.800683,40.69083],[10.977761,40.96642]],[[10.977761,40.96642],[11.046266,41.073036]],[[11.046266,41.073036],[11.077041,41.120932]],[[11.077041,41.120932],[11.233901,41.365057]],[[11.233901,41.365057],[11.546998,41.852335]],[[11.546998,41.852335],[11.547236,41.852706]],[[11.547236,41.852706],[11.715,42.1138]]]},"properties":{}},{"type":"Feature","geometry":{"type":"LineString","coordinates":[[10,41.02],[9.65,38.9]]},"properties":{}},{"type":"Feature","geometry":{"type":"MultiLineString","coordinates":[[[9.65,38.9],[10.293939,38.232211]],[[10.293939,38.232211],[10.445158,38.075392]],[[10.445158,38.075392],[10.618912,37.895203]],[[10.618912,37.895203],[11,37.5]]]},"properties":{}},{"type":"Feature","geometry":{"type":"MultiLineString","coordinates":[[[15.4,38.8],[14.946978,38.807879]],[[14.946978,38.807879],[13.710463,38.829383]],[[13.710463,38.829383],[13.553985,38.832105]],[[13.553985,38.832105],[13.157632,38.838998]],[[13.157632,38.838998],[12.896714,38.843535]],[[12.896714,38.843535],[11.344802,38.870525]],[[11.344802,38.870525],[11.029277,38.876013]],[[11.029277,38.876013],[10.224582,38.890007]],[[10.224582,38.890007],[9.65,38.9]]]},"properties":{}},{"type":"Feature","geometry":{"type":"MultiLineString","coordinates":[[[9.6523,40.9459],[9.866739,41.067315]],[[9.866739,41.067315],[10.084371,41.190538]],[[10.084371,41.190538],[10.242371,41.279998]],[[10.242371,41.279998],[10.260656,41.290351]],[[10.260656,41.290351],[10.541308,41.449256]],[[10.541308,41.449256],[10.830867,41.613204]],[[10.830867,41.613204],[11.090644,41.76029]],[[11.090644,41.76029],[11.423229,41.948599]],[[11.423229,41.948599],[11.423529,41.948769]],[[11.423529,41.948769],[11.715,42.1138]]]},"properties":{}},{"type":"Feature","geometry":{"type":"MultiLineString","coordinates":[[[10.5793,42.9295],[10.569821,42.880522]],[[10.569821,42.880522],[10.568929,42.875909]],[[10.568929,42.875909],[10.496072,42.499448]],[[10.496072,42.499448],[10.4722,42.3761],[10.4419,42.2542],[10.265227,41.961467]],[[10.265227,41.961467],[10.190389,41.837468]],[[10.190389,41.837468],[10.090032,41.671185]],[[10.090032,41.671185],[10.028916,41.569921]],[[10.028916,41.569921],[9.819476,41.222897]],[[9.819476,41.222897],[9.750489,41.10859]],[[9.750489,41.10859],[9.6523,40.9459]]]},"properties":{}},{"type":"Feature","geometry":{"type":"MultiLineString","coordinates":[[[9.6523,40.9459],[9.680453,41.133457]],[[9.680453,41.133457],[9.69614,41.237964]],[[9.69614,41.237964],[9.731572,41.474006]],[[9.731572,41.474006],[9.731916,41.476302]],[[9.731916,41.476302],[9.8437,42.221]]]},"properties":{}},{"type":"Feature","geometry":{"type":"MultiLineString","coordinates":[[[10.5695,42.8792],[10.567929,42.877181]],[[10.567929,42.877181],[10.335874,42.578879]],[[10.335874,42.578879],[10.1481,42.3375],[10.018578,42.113328]],[[10.018578,42.113328],[9.988338,42.060991]],[[9.988338,42.060991],[9.947249,41.989877]],[[9.947249,41.989877],[9.8844,41.8811],[9.731916,41.476302]],[[9.731916,41.476302],[9.7312,41.4744],[9.8437,42.221]]]},"properties":{}},{"type":"Feature","geometry":{"type":"MultiLineString","coordinates":[[[10,43.6],[10.024305,43.197488]],[[10.024305,43.197488],[10.027785,43.139856]],[[10.027785,43.139856],[10.0451,42.8531]],[[10.0451,42.8531],[10.014928,42.758404]],[[10.014928,42.758404],[9.8437,42.221]]]},"properties":{}},{"type":"Feature","geometry":{"type":"MultiLineString","coordinates":[[[12.3604,36.6037],[12.23823,36.876384]],[[12.23823,36.876384],[12.171642,37.02501]],[[12.171642,37.02501],[12.10145,37.18168]],[[12.10145,37.18168],[12.09824,37.188843]],[[12.09824,37.188843],[12.086301,37.215493]],[[12.086301,37.215493],[11.98288,37.446329]],[[11.98288,37.446329],[11.980941,37.450655]],[[11.980941,37.450655],[11.766288,37.929763]],[[11.766288,37.929763],[11.661179,38.164369]],[[11.661179,38.164369],[11.463635,38.605289]],[[11.463635,38.605289],[11.344802,38.870525]],[[11.344802,38.870525],[11.073605,39.47584]],[[11.073605,39.47584],[11.072878,39.477463]],[[11.072878,39.477463],[11.04347,39.543101]],[[11.04347,39.543101],[10.640764,40.441945]],[[10.640764,40.441945],[10.467976,40.82761]],[[10.467976,40.82761],[10.31817,41.161978]],[[10.31817,41.161978],[10.260656,41.290351]],[[10.260656,41.290351],[10.257853,41.296606]],[[10.257853,41.296606],[10.121955,41.599932]],[[10.121955,41.599932],[10.090032,41.671185]],[[10.090032,41.671185],[9.947249,41.989877]],[[9.947249,41.989877],[9.8437,42.221]]]},"properties":{}},{"type":"Feature","geometry":{"type":"MultiLineString","coordinates":[[[13.3959,38.2913],[12.902033,38.837651]],[[12.902033,38.837651],[12.896714,38.843535]],[[12.896714,38.843535],[12.052481,39.777487]],[[12.052481,39.777487],[11.99006,39.846541]],[[11.99006,39.846541],[11.478923,40.411998]],[[11.478923,40.411998],[11.071546,40.862668]],[[11.071546,40.862668],[10.977761,40.96642]],[[10.977761,40.96642],[10.860921,41.095677]],[[10.860921,41.095677],[10.541308,41.449256]],[[10.541308,41.449256],[10.471817,41.526131]],[[10.471817,41.526131],[10.341183,41.670648]],[[10.341183,41.670648],[10.190389,41.837468]],[[10.190389,41.837468],[9.988338,42.060991]],[[9.988338,42.060991],[9.8437,42.221]]]},"properties":{}},{"type":"Feature","geometry":{"type":"MultiLineString","coordinates":[[[9.8437,42.221],[10.018578,42.113328]],[[10.018578,42.113328],[10.265227,41.961467]],[[10.265227,41.961467],[10.601293,41.754552]],[[10.601293,41.754552],[10.654318,41.721905]],[[10.654318,41.721905],[10.830867,41.613204]],[[10.830867,41.613204],[11.084196,41.457229]],[[11.084196,41.457229],[11.233901,41.365057]],[[11.233901,41.365057],[11.872029,40.972163]],[[11.872029,40.972163],[12.360453,40.671442]],[[12.360453,40.671442],[13.02217,40.264024]],[[13.02217,40.264024],[13.227763,40.137441]],[[13.227763,40.137441],[13.827598,39.768124]],[[13.827598,39.768124],[14.145004,39.572698]],[[14.145004,39.572698],[15.4,38.8]]]},"properties":{}},{"type":"Feature","geometry":{"type":"MultiLineString","coordinates":[[[10.1206,43.2144],[10.024305,43.197488]],[[10.024305,43.197488],[9.8473,43.1664]]]},"properties":{}},{"type":"Feature","geometry":{"type":"LineString","coordinates":[[9.8473,43.1664],[10,43.6]]},"properties":{}},{"type":"Feature","geometry":{"type":"LineString","coordinates":[[20,-50],[10,-50]]},"properties":{}},{"type":"Feature","geometry":{"type":"MultiLineString","coordinates":[[[-150,30],[-154.6929,35.1023],[-155.000024,35.385732]],[[-155.000024,35.385732],[-155.719726,36.049915]],[[-155.719726,36.049915],[-160,40]]]},"properties":{}},{"type":"Feature","geometry":{"type":"LineString","coordinates":[[10,-50],[10.003,-45.0022],[10,-40]]},"properties":{}},{"type":"Feature","geometry":{"type":"LineString","coordinates":[[18,-35],[14.1333,-37.5677],[10,-40]]},"properties":{}},{"type":"Feature","geometry":{"type":"MultiLineString","coordinates":[[[10,-40],[10.002099,-35.00435]],[[10.002099,-35.00435],[10.0021,-35.0021],[10.00197,-34.691301]],[[10.00197,-34.691301],[10.001621,-33.86014]],[[10.001621,-33.86014],[10.001499,-33.571696]],[[10.001499,-33.571696],[10.000809,-31.926949]],[[10.000809,-31.926949],[10,-30]]]},"properties":{}},{"type":"Feature","geometry":{"type":"LineString","coordinates":[[20,-40],[14.9996,-40.1068],[10,-40]]},"properties":{}},{"type":"Feature","geometry":{"type":"MultiLineString","coordinates":[[[14,-27],[13.63964,-27.27027]],[[13.63964,-27.27027],[12.499733,-28.1252]],[[12.499733,-28.1252],[12.059442,-28.455418]],[[12.059442,-28.455418],[10,-30]]]},"properties":{}},{"type":"Feature","geometry":{"type":"MultiLineString","coordinates":[[[11,-19],[10.730292,-22.11279]],[[10.730292,-22.11279],[10.5232,-24.5029],[10.425227,-25.53227]],[[10.425227,-25.53227],[10.329549,-26.537531]],[[10.329549,-26.537531],[10,-30]]]},"properties":{}},{"type":"Feature","geometry":{"type":"LineString","coordinates":[[18,-35],[13.9085,-32.5342],[10,-30]]},"properties":{}},{"type":"Feature","geometry":{"type":"MultiLineString","coordinates":[[[11.1,42.2],[10.720639,41.79305]],[[10.720639,41.79305],[10.654318,41.721905]],[[10.654318,41.721905],[10.471817,41.526131]],[[10.471817,41.526131],[10.257853,41.296606]],[[10.257853,41.296606],[10.242371,41.279998]],[[10.242371,41.279998],[10.151349,41.182356]],[[10.151349,41.182356],[10,41.02]]]},"properties":{}},{"type":"Feature","geometry":{"type":"MultiLineString","coordinates":[[[10,41.02],[10.142682,39.666771]],[[10.142682,39.666771],[10.200069,39.1225]],[[10.200069,39.1225],[10.224582,38.890007]],[[10.224582,38.890007],[10.233527,38.805178]],[[10.233527,38.805178],[10.293939,38.232211]],[[10.293939,38.232211],[10.311505,38.065613]],[[10.311505,38.065613],[10.319157,37.993038]],[[10.319157,37.993038],[10.341148,37.784471]],[[10.341148,37.784471],[10.358927,37.615854]],[[10.358927,37.615854],[10.372293,37.489085]],[[10.372293,37.489085],[10.373031,37.482087]],[[10.373031,37.482087],[10.4378,36.8678],[11.036808,37.346633]],[[11.036808,37.346633],[11.065591,37.369642]],[[11.065591,37.369642],[11.140283,37.429349]],[[11.140283,37.429349],[11.151721,37.438492]],[[11.151721,37.438492],[11.168828,37.452167]],[[11.168828,37.452167],[11.172235,37.454891]],[[11.172235,37.454891],[11.402937,37.639308]],[[11.402937,37.639308],[11.766288,37.929763]],[[11.766288,37.929763],[12.099936,38.196473]],[[12.099936,38.196473],[12.41746,38.450294]],[[12.41746,38.450294],[12.902033,38.837651]],[[12.902033,38.837651],[12.9091,38.8433]]]},"properties":{}},{"type":"Feature","geometry":{"type":"MultiLineString","coordinates":[[[-160,-10],[-158.338423,-8.371349]],[[-158.338423,-8.371349],[-157.4667,-7.5169],[-155.000099,-5.057193]],[[-155.000099,-5.057193],[-154.9621,-5.0193],[-152.4763,-2.512],[-150,-0.00003]]]},"properties":{}},{"type":"Feature","geometry":{"type":"MultiLineString","coordinates":[[[10,41.02],[10.467976,40.82761]],[[10.467976,40.82761],[10.800683,40.69083]],[[10.800683,40.69083],[11.065573,40.581931]],[[11.065573,40.581931],[11.478923,40.411998]],[[11.478923,40.411998],[12.425716,40.022761]],[[12.425716,40.022761],[12.608274,39.94771]],[[12.608274,39.94771],[12.689901,39.914152]],[[12.689901,39.914152],[13.743651,39.480943]],[[13.743651,39.480943],[13.792421,39.460894]],[[13.792421,39.460894],[14.023989,39.365693]],[[14.023989,39.365693],[15.4,38.8]]]},"properties":{}},{"type":"Feature","geometry":{"type":"MultiLineString","coordinates":[[[10,43.6],[10.188081,43.360624]],[[10.188081,43.360624],[10.567929,42.877181]],[[10.567929,42.877181],[10.568929,42.875909]],[[10.568929,42.875909],[11.1,42.2]]]},"properties":{}},{"type":"Feature","geometry":{"type":"MultiLineString","coordinates":[[[11.1,42.2],[10.569821,42.880522]],[[10.569821,42.880522],[10.3933,43.1071],[10.189153,43.362946]],[[10.189153,43.362946],[10,43.6]]]},"properties":{}},{"type":"Feature","geometry":{"type":"MultiLineString","coordinates":[[[10.1206,43.2144],[10.188081,43.360624]],[[10.188081,43.360624],[10.189153,43.362946]],[[10.189153,43.362946],[10.2662,43.5299]]]},"properties":{}},{"type":"Feature","geometry":{"type":"MultiLineString","coordinates":[[[10.7333,57.8],[10.72464,58.138062]],[[10.72464,58.138062],[10.722305,58.229243]],[[10.722305,58.229243],[10.703071,58.980103]],[[10.703071,58.980103],[10.701577,59.03842]],[[10.701577,59.03842],[10.7,59.1]]]},"properties":{}},{"type":"Feature","geometry":{"type":"LineString","coordinates":[[12,66],[10.7,65]]},"properties":{}},{"type":"Feature","geometry":{"type":"LineString","coordinates":[[11.4,57.7],[10.7333,57.8]]},"properties":{}},{"type":"Feature","geometry":{"type":"LineString","coordinates":[[11,-19],[11,-15.5]]},"properties":{}},{"type":"Feature","geometry":{"type":"MultiLineString","coordinates":[[[-149.7,-17.4],[-154.109316,-14.265099]],[[-154.109316,-14.265099],[-154.8995,-13.7033],[-160,-10]]]},"properties":{}},{"type":"Feature","geometry":{"type":"LineString","coordinates":[[13,-23],[11,-19]]},"properties":{}},{"type":"Feature","geometry":{"type":"LineString","coordinates":[[11,-15.5],[12,-9]]},"properties":{}},{"type":"Feature","geometry":{"type":"LineString","coordinates":[[13.7,-5.8],[11,-6]]},"properties":{}},{"type":"Feature","geometry":{"type":"LineString","coordinates":[[12,-9],[11,-6]]},"properties":{}},{"type":"Feature","geometry":{"type":"LineString","coordinates":[[11.6,35],[11,34]]},"properties":{}},{"type":"Feature","geometry":{"type":"LineString","coordinates":[[11,34],[13.1,33.2]]},"properties":{}},{"type":"Feature","geometry":{"type":"MultiLineString","coordinates":[[[11,37.5],[11.005722,37.768953]],[[11.005722,37.768953],[11.013127,38.116951]],[[11.013127,38.116951],[11.025033,38.67656]],[[11.025033,38.67656],[11.029277,38.876013]],[[11.029277,38.876013],[11.041765,39.462961]],[[11.041765,39.462961],[11.041872,39.467967]],[[11.041872,39.467967],[11.04347,39.543101]],[[11.04347,39.543101],[11.065573,40.581931]],[[11.065573,40.581931],[11.071546,40.862668]],[[11.071546,40.862668],[11.075945,41.06941]],[[11.075945,41.06941],[11.077041,41.120932]],[[11.077041,41.120932],[11.084196,41.457229]],[[11.084196,41.457229],[11.090644,41.76029]],[[11.090644,41.76029],[11.093903,41.913453]],[[11.093903,41.913453],[11.1,42.2]]]},"properties":{}},{"type":"Feature","geometry":{"type":"MultiLineString","coordinates":[[[11,37.5],[11.036808,37.346633]],[[11.036808,37.346633],[11.215206,36.603309]],[[11.215206,36.603309],[11.363598,35.985007]],[[11.363598,35.985007],[11.6,35]]]},"properties":{}},{"type":"Feature","geometry":{"type":"MultiLineString","coordinates":[[[11,37.5],[11.151721,37.438492]],[[11.151721,37.438492],[11.746338,37.197431]],[[11.746338,37.197431],[12.046597,37.075704]],[[12.046597,37.075704],[12.171642,37.02501]],[[12.171642,37.02501],[13.053885,36.667344]],[[13.053885,36.667344],[14.7,36]]]},"properties":{}},{"type":"Feature","geometry":{"type":"MultiLineString","coordinates":[[[32.1,31.7],[30.32611,32.175967]],[[30.32611,32.175967],[29.086953,32.508456]],[[29.086953,32.508456],[28.595708,32.640266]],[[28.595708,32.640266],[27.384435,32.965273]],[[27.384435,32.965273],[26.144477,33.297976]],[[26.144477,33.297976],[25.1606,33.561968]],[[25.1606,33.561968],[23.942139,33.888904]],[[23.942139,33.888904],[23.299325,34.061383]],[[23.299325,34.061383],[22.627724,34.241586]],[[22.627724,34.241586],[21.46883,34.552538]],[[21.46883,34.552538],[20.646971,34.773058]],[[20.646971,34.773058],[20.2294,34.8851],[17.835825,35.563254]],[[17.835825,35.563254],[16.084835,36.05935]],[[16.084835,36.05935],[15.116963,36.33357]],[[15.116963,36.33357],[13.229801,36.868246]],[[13.229801,36.868246],[12.104273,37.187134]],[[12.104273,37.187134],[12.09824,37.188843]],[[12.09824,37.188843],[11.81456,37.269217]],[[11.81456,37.269217],[11.168828,37.452167]],[[11.168828,37.452167],[11,37.5]]]},"properties":{}},{"type":"Feature","geometry":{"type":"LineString","coordinates":[[-150,-10],[-155.0002,-10.0367],[-160,-10]]},"properties":{}},{"type":"Feature","geometry":{"type":"MultiLineString","coordinates":[[[11,37.5],[11.172235,37.454891]],[[11.172235,37.454891],[11.827836,37.283186]],[[11.827836,37.283186],[12.086301,37.215493]],[[12.086301,37.215493],[12.097004,37.212689]],[[12.097004,37.212689],[12.110644,37.209117]],[[12.110644,37.209117],[13.263819,36.907095]],[[13.263819,36.907095],[15.2,36.4]]]},"properties":{}},{"type":"Feature","geometry":{"type":"MultiLineString","coordinates":[[[14.7472,40.6028],[14.26711,40.455763]],[[14.26711,40.455763],[14.005153,40.375533]],[[14.005153,40.375533],[13.227763,40.137441]],[[13.227763,40.137441],[12.667421,39.965825]],[[12.667421,39.965825],[12.608274,39.94771]],[[12.608274,39.94771],[12.052481,39.777487]],[[12.052481,39.777487],[11.092396,39.483441]],[[11.092396,39.483441],[11.072878,39.477463]],[[11.072878,39.477463],[11.041872,39.467967]],[[11.041872,39.467967],[11.041,39.4677]]]},"properties":{}},{"type":"Feature","geometry":{"type":"MultiLineString","coordinates":[[[12,41.5],[11.546998,41.852335]],[[11.546998,41.852335],[11.423229,41.948599]],[[11.423229,41.948599],[11.358628,41.998845]],[[11.358628,41.998845],[11.1,42.2]]]},"properties":{}},{"type":"Feature","geometry":{"type":"MultiLineString","coordinates":[[[11.1,42.2],[11.35892,41.99894]],[[11.35892,41.99894],[11.423529,41.948769]],[[11.423529,41.948769],[11.547236,41.852706]],[[11.547236,41.852706],[11.9037,41.5759],[12,41.5]]]},"properties":{}},{"type":"Feature","geometry":{"type":"MultiLineString","coordinates":[[[11.3579,36.7887],[11.699218,37.147849]],[[11.699218,37.147849],[11.746338,37.197431]],[[11.746338,37.197431],[11.81456,37.269217]],[[11.81456,37.269217],[11.827836,37.283186]],[[11.827836,37.283186],[11.98288,37.446329]],[[11.98288,37.446329],[11.985559,37.449148]],[[11.985559,37.449148],[11.9915,37.4554]]]},"properties":{}},{"type":"Feature","geometry":{"type":"LineString","coordinates":[[11.715,42.1138],[12,41.5]]},"properties":{}},{"type":"Feature","geometry":{"type":"LineString","coordinates":[[12,68],[13.8,67.4]]},"properties":{}},{"type":"Feature","geometry":{"type":"MultiLineString","coordinates":[[[13.3959,38.2913],[13.157632,38.838998]],[[13.157632,38.838998],[12.689901,39.914152]],[[12.689901,39.914152],[12.667421,39.965825]],[[12.667421,39.965825],[12.61019,40.09738]],[[12.61019,40.09738],[12.360453,40.671442]],[[12.360453,40.671442],[12.249699,40.926028]],[[12.249699,40.926028],[12,41.5]]]},"properties":{}},{"type":"Feature","geometry":{"type":"LineString","coordinates":[[-160,10],[-154.9998,10.0367],[-150,10]]},"properties":{}},{"type":"Feature","geometry":{"type":"LineString","coordinates":[[12,41.5],[14.1,40.7]]},"properties":{}},{"type":"Feature","geometry":{"type":"LineString","coordinates":[[14.1,40.7],[12.1732,41.436],[12,41.5]]},"properties":{}},{"type":"Feature","geometry":{"type":"LineString","coordinates":[[13.8,67.4],[12,66]]},"properties":{}},{"type":"Feature","geometry":{"type":"LineString","coordinates":[[14,-27],[13,-23]]},"properties":{}},{"type":"Feature","geometry":{"type":"MultiLineString","coordinates":[[[13.1,33.2],[14.539179,33.432595]],[[14.539179,33.432595],[15.116189,33.525849]],[[15.116189,33.525849],[16.037061,33.674677]],[[16.037061,33.674677],[17.446248,33.902424]],[[17.446248,33.902424],[19.466556,34.228938]],[[19.466556,34.228938],[19.481416,34.23134]],[[19.481416,34.23134],[19.481776,34.231398]],[[19.481776,34.231398],[19.493667,34.23332]],[[19.493667,34.23332],[21.46883,34.552538]],[[21.46883,34.552538],[23,34.8]]]},"properties":{}},{"type":"Feature","geometry":{"type":"MultiLineString","coordinates":[[[-150,20],[-152.5927,17.5444],[-153.70144,16.450906]],[[-153.70144,16.450906],[-154.684631,15.481233]],[[-154.684631,15.481233],[-155.1163,15.0555],[-155.202825,14.967185]],[[-155.202825,14.967185],[-157.5819,12.5389],[-160,10]]]},"properties":{}},{"type":"Feature","geometry":{"type":"MultiLineString","coordinates":[[[14,44.6],[13.725541,44.813468]],[[13.725541,44.813468],[13.671293,44.855661]],[[13.671293,44.855661],[13.391686,45.073133]],[[13.391686,45.073133],[13.1,45.3]]]},"properties":{}},{"type":"Feature","geometry":{"type":"MultiLineString","coordinates":[[[13.3959,38.2913],[13.710463,38.829383]],[[13.710463,38.829383],[14.008272,39.338809]],[[14.008272,39.338809],[14.023989,39.365693]],[[14.023989,39.365693],[14.145004,39.572698]],[[14.145004,39.572698],[14.479647,40.145131]],[[14.479647,40.145131],[14.7472,40.6028]]]},"properties":{}},{"type":"Feature","geometry":{"type":"MultiLineString","coordinates":[[[13.3959,38.2913],[13.553985,38.832105]],[[13.553985,38.832105],[13.743651,39.480943]],[[13.743651,39.480943],[13.745541,39.487409]],[[13.745541,39.487409],[13.827598,39.768124]],[[13.827598,39.768124],[14.005153,40.375533]],[[14.005153,40.375533],[14.1,40.7]]]},"properties":{}},{"type":"Feature","geometry":{"type":"MultiLineString","coordinates":[[[14.8,44],[14.281073,43.956756]],[[14.281073,43.956756],[13.6,43.9]]]},"properties":{}},{"type":"Feature","geometry":{"type":"LineString","coordinates":[[-170,-50],[-180,-50]]},"properties":{}},{"type":"Feature","geometry":{"type":"MultiLineString","coordinates":[[[-170,30],[-170.759235,29.282749]],[[-170.759235,29.282749],[-173.205671,26.971594]],[[-173.205671,26.971594],[-173.652606,26.549372]],[[-173.652606,26.549372],[-175.061052,25.218809]],[[-175.061052,25.218809],[-175.2028,25.0849],[-176.86148,23.326745]],[[-176.86148,23.326745],[-180,20]]]},"properties":{}},{"type":"Feature","geometry":{"type":"MultiLineString","coordinates":[[[13.6,43.9],[13.932002,43.675674]],[[13.932002,43.675674],[14.196682,43.496836]],[[14.196682,43.496836],[14.993057,42.958745]],[[14.993057,42.958745],[15.301271,42.750492]],[[15.301271,42.750492],[16.435978,41.983799]],[[16.435978,41.983799],[16.766723,41.760322]],[[16.766723,41.760322],[17.116269,41.524143]],[[17.116269,41.524143],[17.3,41.4]]]},"properties":{}},{"type":"Feature","geometry":{"type":"MultiLineString","coordinates":[[[14.4,54.4],[14.181554,54.662135]],[[14.181554,54.662135],[13.9,55]]]},"properties":{}},{"type":"Feature","geometry":{"type":"LineString","coordinates":[[18,-35],[15.908,-31.0184],[14,-27]]},"properties":{}},{"type":"Feature","geometry":{"type":"MultiLineString","coordinates":[[[-157.67,21.1667],[-158.052527,19.384171]],[[-158.052527,19.384171],[-158.70184,16.358457]],[[-158.70184,16.358457],[-158.793791,15.929976]],[[-158.793791,15.929976],[-158.8672,15.5879],[-160,10]]]},"properties":{}},{"type":"Feature","geometry":{"type":"LineString","coordinates":[[18,-35],[14.5645,-28.1401],[14,-27]]},"properties":{}},{"type":"Feature","geometry":{"type":"MultiLineString","coordinates":[[[14.8,44],[14.188601,44.458549]],[[14.188601,44.458549],[14,44.6]]]},"properties":{}},{"type":"Feature","geometry":{"type":"MultiLineString","coordinates":[[[14.0166,42.9858],[14.993057,42.958745]],[[14.993057,42.958745],[15.396206,42.947575]],[[15.396206,42.947575],[15.399297,42.94749]],[[15.399297,42.94749],[15.704769,42.939026]],[[15.704769,42.939026],[16.054971,42.929323]],[[16.054971,42.929323],[16.055348,42.929313]],[[16.055348,42.929313],[16.0558,42.9293]]]},"properties":{}},{"type":"Feature","geometry":{"type":"MultiLineString","coordinates":[[[14.0771,42.7564],[14.752293,42.493984]],[[14.752293,42.493984],[15.9667,42.022]]]},"properties":{}},{"type":"Feature","geometry":{"type":"MultiLineString","coordinates":[[[14.1,40.7],[14.26711,40.455763]],[[14.26711,40.455763],[14.479647,40.145131]],[[14.479647,40.145131],[15.4,38.8]]]},"properties":{}},{"type":"Feature","geometry":{"type":"MultiLineString","coordinates":[[[14.4,54.4],[15.324419,54.520576]],[[15.324419,54.520576],[19,55]]]},"properties":{}},{"type":"Feature","geometry":{"type":"MultiLineString","coordinates":[[[14.5,42.3761],[14.752293,42.493984]],[[14.752293,42.493984],[15.301271,42.750492]],[[15.301271,42.750492],[15.50847,42.847306]],[[15.50847,42.847306],[15.51034,42.84818]],[[15.51034,42.84818],[15.704769,42.939026]],[[15.704769,42.939026],[15.940817,43.049319]],[[15.940817,43.049319],[16.3457,43.2385]],[[16.3457,43.2385],[16.9719,43.2385]]]},"properties":{}},{"type":"Feature","geometry":{"type":"MultiLineString","coordinates":[[[14.7,36],[16.084835,36.05935]],[[16.084835,36.05935],[16.726588,36.086854]],[[16.726588,36.086854],[17.971156,36.140192]],[[17.971156,36.140192],[19.552876,36.20798]],[[19.552876,36.20798],[19.582858,36.209265]],[[19.582858,36.209265],[21.7,36.3]]]},"properties":{}},{"type":"Feature","geometry":{"type":"MultiLineString","coordinates":[[[14.7,36],[15.116963,36.33357]],[[15.116963,36.33357],[15.2,36.4]]]},"properties":{}},{"type":"Feature","geometry":{"type":"MultiLineString","coordinates":[[[-150,-0.00003],[-152.476,2.5118],[-154.563973,4.617918]],[[-154.563973,4.617918],[-154.9616,5.019],[-154.999852,5.057143]],[[-154.999852,5.057143],[-157.4664,7.5167],[-160,10]]]},"properties":{}},{"type":"Feature","geometry":{"type":"MultiLineString","coordinates":[[[14.7,36],[15.116189,33.525849]],[[15.116189,33.525849],[15.204067,33.003436]],[[15.204067,33.003436],[15.3048,32.4046]],[[15.3048,32.4046],[16.473451,32.915737]],[[16.473451,32.915737],[17.299556,33.277053]],[[17.299556,33.277053],[19.481416,34.23134]],[[19.481416,34.23134],[19.481653,34.231443]],[[19.481653,34.231443],[19.4939,34.2368]],[[19.4939,34.2368],[19.493667,34.23332]],[[19.493667,34.23332],[19.493255,34.227152]],[[19.493255,34.227152],[19.371713,32.408916]],[[19.371713,32.408916],[19.2928,31.2284]],[[19.2928,31.2284],[19.5345,30.5401],[17,32]]]},"properties":{}},{"type":"Feature","geometry":{"type":"MultiLineString","coordinates":[[[17,32],[16.473451,32.915737]],[[16.473451,32.915737],[16.250097,33.304179]],[[16.250097,33.304179],[16.037061,33.674677]],[[16.037061,33.674677],[14.7,36]]]},"properties":{}},{"type":"Feature","geometry":{"type":"MultiLineString","coordinates":[[[22,33.3],[19.493255,34.227152]],[[19.493255,34.227152],[19.481776,34.231398]],[[19.481776,34.231398],[19.481653,34.231443]],[[19.481653,34.231443],[19.478861,34.232476]],[[19.478861,34.232476],[17.679754,34.897899]],[[17.679754,34.897899],[14.7,36]]]},"properties":{}},{"type":"Feature","geometry":{"type":"LineString","coordinates":[[14.7472,40.6028],[14.7802,40.2054],[15.4,38.8]]},"properties":{}},{"type":"Feature","geometry":{"type":"MultiLineString","coordinates":[[[16,43],[15.940817,43.049319]],[[15.940817,43.049319],[15.362021,43.531649]],[[15.362021,43.531649],[15.038754,43.801038]],[[15.038754,43.801038],[14.8,44]]]},"properties":{}},{"type":"Feature","geometry":{"type":"LineString","coordinates":[[15.9,37.7],[15.1702,37.4719]]},"properties":{}},{"type":"Feature","geometry":{"type":"LineString","coordinates":[[15.1702,37.4719],[15.571908,37.844599]]},"properties":{}},{"type":"Feature","geometry":{"type":"MultiLineString","coordinates":[[[-150,30],[-154.9995,30.0935],[-156.513569,30.06519]],[[-156.513569,30.06519],[-160,30]]]},"properties":{}},{"type":"Feature","geometry":{"type":"MultiLineString","coordinates":[[[15.1702,37.4719],[15.346,37.1486]],[[15.346,37.1486],[15.2,36.4]]]},"properties":{}},{"type":"Feature","geometry":{"type":"MultiLineString","coordinates":[[[15.9,37.7],[15.585844,37.116568]],[[15.585844,37.116568],[15.2,36.4]]]},"properties":{}},{"type":"Feature","geometry":{"type":"MultiLineString","coordinates":[[[23,34.8],[21.407365,35.126694]],[[21.407365,35.126694],[17.902084,35.845726]],[[17.902084,35.845726],[16.726588,36.086854]],[[16.726588,36.086854],[15.2,36.4]]]},"properties":{}},{"type":"Feature","geometry":{"type":"MultiLineString","coordinates":[[[21.7,36.3],[19.23473,36.337927]],[[19.23473,36.337927],[18.021915,36.356586]],[[18.021915,36.356586],[15.2,36.4]]]},"properties":{}},{"type":"Feature","geometry":{"type":"MultiLineString","coordinates":[[[15.727668,38.366322],[15.711882,38.273843],[15.608743,38.230867],[15.557174,38.032185]],[[15.557174,38.032185],[15.571908,37.844599]]]},"properties":{}},{"type":"Feature","geometry":{"type":"LineString","coordinates":[[15.727668,38.366322],[15.4,38.8]]},"properties":{}},{"type":"Feature","geometry":{"type":"LineString","coordinates":[[15.571908,37.844599],[15.9,37.7]]},"properties":{}},{"type":"Feature","geometry":{"type":"MultiLineString","coordinates":[[[15.9,37.7],[15.346,37.1486]],[[15.346,37.1486],[15.585844,37.116568]],[[15.585844,37.116568],[18.12077,36.778019]],[[18.12077,36.778019],[18.174993,36.770778]],[[18.174993,36.770778],[21.7,36.3]]]},"properties":{}},{"type":"Feature","geometry":{"type":"MultiLineString","coordinates":[[[23,34.8],[21.77807,35.299098]],[[21.77807,35.299098],[19.552876,36.20798]],[[19.552876,36.20798],[19.23473,36.337927]],[[19.23473,36.337927],[18.174993,36.770778]],[[18.174993,36.770778],[18.123961,36.791622]],[[18.123961,36.791622],[15.9,37.7]]]},"properties":{}},{"type":"Feature","geometry":{"type":"MultiLineString","coordinates":[[[15.9,37.7],[18.206446,37.143272]],[[18.206446,37.143272],[21.7,36.3]]]},"properties":{}},{"type":"Feature","geometry":{"type":"MultiLineString","coordinates":[[[22.119,36.4492],[21.935461,36.486114]],[[21.935461,36.486114],[21.468703,36.579991]],[[21.468703,36.579991],[18.352345,37.206771]],[[18.352345,37.206771],[18.227243,37.231932]],[[18.227243,37.231932],[15.9,37.7]]]},"properties":{}},{"type":"Feature","geometry":{"type":"MultiLineString","coordinates":[[[16.7,42.1],[16.054971,42.929323]],[[16.054971,42.929323],[16,43]]]},"properties":{}},{"type":"Feature","geometry":{"type":"MultiLineString","coordinates":[[[-160,30],[-155.948326,34.404905]],[[-155.948326,34.404905],[-155.3052,35.1041],[-155.000024,35.385732]],[[-155.000024,35.385732],[-150,40]]]},"properties":{}},{"type":"Feature","geometry":{"type":"MultiLineString","coordinates":[[[16.7,42.1],[16.735312,42.058803]],[[16.735312,42.058803],[16.899521,41.867226]],[[16.899521,41.867226],[17.153728,41.570651]],[[17.153728,41.570651],[17.3,41.4]]]},"properties":{}},{"type":"Feature","geometry":{"type":"MultiLineString","coordinates":[[[17,32],[19.371713,32.408916]],[[19.371713,32.408916],[19.9,32.5]]]},"properties":{}},{"type":"Feature","geometry":{"type":"MultiLineString","coordinates":[[[17,32],[17.299556,33.277053]],[[17.299556,33.277053],[17.382273,33.629689]],[[17.382273,33.629689],[17.446248,33.902424]],[[17.446248,33.902424],[17.679754,34.897899]],[[17.679754,34.897899],[17.835825,35.563254]],[[17.835825,35.563254],[17.902084,35.845726]],[[17.902084,35.845726],[17.971156,36.140192]],[[17.971156,36.140192],[18.021915,36.356586]],[[18.021915,36.356586],[18.12077,36.778019]],[[18.12077,36.778019],[18.123961,36.791622]],[[18.123961,36.791622],[18.206446,37.143272]],[[18.206446,37.143272],[18.210318,37.159778]],[[18.210318,37.159778],[18.227243,37.231932]],[[18.227243,37.231932],[18.246383,37.313528]],[[18.246383,37.313528],[18.360716,37.800947]],[[18.360716,37.800947],[18.393028,37.938699]],[[18.393028,37.938699],[18.585953,38.761169]],[[18.585953,38.761169],[18.823441,39.773616]],[[18.823441,39.773616],[18.9,40.1]]]},"properties":{}},{"type":"Feature","geometry":{"type":"MultiLineString","coordinates":[[[17,56.4],[17.982205,56.891102]],[[17.982205,56.891102],[20.6,58.2]]]},"properties":{}},{"type":"Feature","geometry":{"type":"LineString","coordinates":[[17.1,58.5],[17,56.4]]},"properties":{}},{"type":"Feature","geometry":{"type":"MultiLineString","coordinates":[[[-157.67,21.1667],[-158.7931,25.589],[-159.903795,29.648388]],[[-159.903795,29.648388],[-160,30]]]},"properties":{}},{"type":"Feature","geometry":{"type":"MultiLineString","coordinates":[[[17.1,58.5],[18.828244,58.351865]],[[18.828244,58.351865],[20.6,58.2]]]},"properties":{}},{"type":"Feature","geometry":{"type":"MultiLineString","coordinates":[[[19.9547,39.8141],[19.219675,39.787796]],[[19.219675,39.787796],[19.090105,39.783159]],[[19.090105,39.783159],[18.823441,39.773616]],[[18.823441,39.773616],[18.520626,39.762779]],[[18.520626,39.762779],[18.1859,39.7508]],[[18.1859,39.7508],[17.1,40.4]]]},"properties":{}},{"type":"Feature","geometry":{"type":"MultiLineString","coordinates":[[[18.3,40.9],[18.06518,41.01741]],[[18.06518,41.01741],[17.700276,41.199862]],[[17.700276,41.199862],[17.338017,41.380992]],[[17.338017,41.380992],[17.3,41.4]]]},"properties":{}},{"type":"Feature","geometry":{"type":"LineString","coordinates":[[18,-35],[20,-40]]},"properties":{}},{"type":"Feature","geometry":{"type":"MultiLineString","coordinates":[[[18,39.3],[18.520626,39.762779]],[[18.520626,39.762779],[18.9,40.1]]]},"properties":{}},{"type":"Feature","geometry":{"type":"MultiLineString","coordinates":[[[18.1853,37.1515],[18.210318,37.159778]],[[18.210318,37.159778],[18.352345,37.206771]],[[18.352345,37.206771],[18.500448,37.255774]],[[18.500448,37.255774],[20.393124,37.882008]],[[20.393124,37.882008],[20.398251,37.883704]],[[20.398251,37.883704],[20.680488,37.977089]],[[20.680488,37.977089],[20.980311,38.076292]],[[20.980311,38.076292],[20.98035,38.076305]],[[20.98035,38.076305],[21.0568,38.1016],[21.158505,38.131249]],[[21.158505,38.131249],[21.9041,38.3486]],[[21.9041,38.3486],[22.6117,38.2252]]]},"properties":{}},{"type":"Feature","geometry":{"type":"LineString","coordinates":[[18.2701,62.2967],[20,62.35]]},"properties":{}},{"type":"Feature","geometry":{"type":"LineString","coordinates":[[18.2701,62.2967],[20.751,63.6073],[23,65]]},"properties":{}},{"type":"Feature","geometry":{"type":"MultiLineString","coordinates":[[[21.4,60],[20.287802,60.816123]],[[20.287802,60.816123],[19.668669,61.270439]],[[19.668669,61.270439],[18.2701,62.2967]]]},"properties":{}},{"type":"Feature","geometry":{"type":"MultiLineString","coordinates":[[[-150,20],[-151.253697,21.329016]],[[-151.253697,21.329016],[-153.138905,23.327482]],[[-153.138905,23.327482],[-153.634598,23.852954]],[[-153.634598,23.852954],[-154.235154,24.48959]],[[-154.235154,24.48959],[-154.458957,24.726838]],[[-154.458957,24.726838],[-154.601468,24.877911]],[[-154.601468,24.877911],[-154.7955,25.0836],[-156.873591,27.046656]],[[-156.873591,27.046656],[-159.622557,29.64345]],[[-159.622557,29.64345],[-160,30]]]},"properties":{}},{"type":"Feature","geometry":{"type":"MultiLineString","coordinates":[[[18.9,40.1],[18.509783,40.62029]],[[18.509783,40.62029],[18.389003,40.781329]],[[18.389003,40.781329],[18.3,40.9]]]},"properties":{}},{"type":"Feature","geometry":{"type":"MultiLineString","coordinates":[[[19.8,38.6],[19.489188,39.118019]],[[19.489188,39.118019],[19.090105,39.783159]],[[19.090105,39.783159],[18.9,40.1]]]},"properties":{}},{"type":"Feature","geometry":{"type":"MultiLineString","coordinates":[[[18.9,40.1],[19.219675,39.787796]],[[19.219675,39.787796],[19.785578,39.235117]],[[19.785578,39.235117],[20.4876,38.5495]],[[20.4876,38.5495],[20.8281,38.1662],[20.980307,38.07633]],[[20.980307,38.07633],[20.98035,38.076305]],[[20.98035,38.076305],[21.1797,37.9586]],[[21.1797,37.9586],[21.158505,38.131249]],[[21.158505,38.131249],[21.1468,38.2266]]]},"properties":{}},{"type":"Feature","geometry":{"type":"LineString","coordinates":[[19,55],[20,55.8]]},"properties":{}},{"type":"Feature","geometry":{"type":"MultiLineString","coordinates":[[[19.8,38.6],[20.319182,37.971516]],[[20.319182,37.971516],[20.391275,37.884247]],[[20.391275,37.884247],[20.393124,37.882008]],[[20.393124,37.882008],[21.467652,36.581263]],[[21.467652,36.581263],[21.468703,36.579991]],[[21.468703,36.579991],[21.7,36.3]]]},"properties":{}},{"type":"Feature","geometry":{"type":"LineString","coordinates":[[19.9,32.5],[22,33.3]]},"properties":{}},{"type":"Feature","geometry":{"type":"MultiLineString","coordinates":[[[-150,50],[-153.215035,50]],[[-153.215035,50],[-160,50]]]},"properties":{}},{"type":"Feature","geometry":{"type":"MultiLineString","coordinates":[[[19.9547,39.8141],[19.9437,39.6324],[20.169,39.3866]],[[20.169,39.3866],[20.3557,39.1144]],[[20.3557,39.1144],[20.4876,38.5495]],[[20.4876,38.5495],[21.1468,38.2266]],[[21.1468,38.2266],[21.9041,38.3486]]]},"properties":{}},{"type":"Feature","geometry":{"type":"LineString","coordinates":[[21,63.2],[20,62.35]]},"properties":{}},{"type":"Feature","geometry":{"type":"LineString","coordinates":[[20,-50],[20.003,-45.0022],[20,-40]]},"properties":{}},{"type":"Feature","geometry":{"type":"LineString","coordinates":[[20,55.8],[20.2,56.8]]},"properties":{}},{"type":"Feature","geometry":{"type":"LineString","coordinates":[[20.2,56.8],[20.6,58.2]]},"properties":{}},{"type":"Feature","geometry":{"type":"MultiLineString","coordinates":[[[23.9,35.95],[23.450363,36.07603]],[[23.450363,36.07603],[23.449324,36.076321]],[[23.449324,36.076321],[22.39158,36.372798]],[[22.39158,36.372798],[22.119,36.4492]],[[22.119,36.4492],[21.5038,36.8502]],[[21.5038,36.8502],[20.398251,37.883704]],[[20.398251,37.883704],[20.3974,37.8845]]]},"properties":{}},{"type":"Feature","geometry":{"type":"MultiLineString","coordinates":[[[-160,50],[-158.305501,51.77577]],[[-158.305501,51.77577],[-156.381717,53.791822]],[[-156.381717,53.791822],[-156.3575,53.8172],[-156.277968,53.884418]],[[-156.277968,53.884418],[-152.972113,56.678406]],[[-152.972113,56.678406],[-152,57.5]]]},"properties":{}},{"type":"Feature","geometry":{"type":"LineString","coordinates":[[22.6,59.5],[20.6,58.2]]},"properties":{}},{"type":"Feature","geometry":{"type":"LineString","coordinates":[[23.6,57.5],[20.6,58.2]]},"properties":{}},{"type":"Feature","geometry":{"type":"MultiLineString","coordinates":[[[23,65],[21.455909,63.610318]],[[21.455909,63.610318],[21,63.2]]]},"properties":{}},{"type":"Feature","geometry":{"type":"MultiLineString","coordinates":[[[22.6,59.5],[22.192976,59.669593]],[[22.192976,59.669593],[21.4,60]]]},"properties":{}},{"type":"Feature","geometry":{"type":"MultiLineString","coordinates":[[[21.7,36.3],[22.105511,36.342685]],[[22.105511,36.342685],[22.39158,36.372798]],[[22.39158,36.372798],[23.6,36.5]]]},"properties":{}},{"type":"Feature","geometry":{"type":"MultiLineString","coordinates":[[[21.7,36.3],[21.846082,36.131444]],[[21.846082,36.131444],[22.340682,35.560752]],[[22.340682,35.560752],[23,34.8]]]},"properties":{}},{"type":"Feature","geometry":{"type":"LineString","coordinates":[[22,-35],[26,-34.5]]},"properties":{}},{"type":"Feature","geometry":{"type":"MultiLineString","coordinates":[[[22,33.3],[23.431919,33.734193]],[[23.431919,33.734193],[23.942139,33.888904]],[[23.942139,33.888904],[24.926664,34.187436]],[[24.926664,34.187436],[25.77685,34.445233]],[[25.77685,34.445233],[25.778872,34.445846]],[[25.778872,34.445846],[26.651963,34.710589]],[[26.651963,34.710589],[26.652,34.7106]]]},"properties":{}},{"type":"Feature","geometry":{"type":"MultiLineString","coordinates":[[[-160,50],[-155.11304,45.401744]],[[-155.11304,45.401744],[-154.7187,45.0307],[-154.650707,44.958211]],[[-154.650707,44.958211],[-154.334791,44.621407]],[[-154.334791,44.621407],[-152.34181,42.496651]],[[-152.34181,42.496651],[-151.3126,41.399388]],[[-151.3126,41.399388],[-150,40]]]},"properties":{}},{"type":"Feature","geometry":{"type":"MultiLineString","coordinates":[[[22,33.3],[22.627724,34.241586]],[[22.627724,34.241586],[23,34.8]]]},"properties":{}},{"type":"Feature","geometry":{"type":"MultiLineString","coordinates":[[[22,33.3],[23.824796,32.764727]],[[23.824796,32.764727],[24.464304,32.577138]],[[24.464304,32.577138],[25.75,32.2]]]},"properties":{}},{"type":"Feature","geometry":{"type":"LineString","coordinates":[[23,65],[22.271,65.5272]]},"properties":{}},{"type":"Feature","geometry":{"type":"MultiLineString","coordinates":[[[24.7,59.8],[24.011424,59.701632]],[[24.011424,59.701632],[22.6,59.5]]]},"properties":{}},{"type":"Feature","geometry":{"type":"LineString","coordinates":[[22.6,59.5],[23.4241,58.605],[23.6,57.5]]},"properties":{}},{"type":"Feature","geometry":{"type":"MultiLineString","coordinates":[[[22.8,40.2],[23.17973,39.816101]],[[23.17973,39.816101],[23.843673,39.144868]],[[23.843673,39.144868],[24.1753,38.8096],[24.350414,38.557553]],[[24.350414,38.557553],[24.657285,38.115863]],[[24.657285,38.115863],[24.6863,38.0741]],[[24.6863,38.0741],[24.612093,37.988022]],[[24.612093,37.988022],[24.537948,37.902017]],[[24.537948,37.902017],[24.45,37.8]]]},"properties":{}},{"type":"Feature","geometry":{"type":"MultiLineString","coordinates":[[[-9.6,51.3333],[-10.048311,51.492437]],[[-10.048311,51.492437],[-10.646733,51.734257]],[[-10.646733,51.734257],[-10.659923,51.739587]]]},"properties":{}},{"type":"Feature","geometry":{"type":"MultiLineString","coordinates":[[[-10.048311,51.492437],[-10.166773,51.317572]],[[-10.166773,51.317572],[-10.603497,50.672911]],[[-10.603497,50.672911],[-10.736197,50.477028]],[[-10.736197,50.477028],[-10.887096,50.254282]],[[-10.887096,50.254282],[-10.957974,50.149658]],[[-10.957974,50.149658],[-11.083895,49.963782]],[[-11.083895,49.963782],[-11.128729,49.897601]],[[-11.128729,49.897601],[-11.135622,49.887426]]]},"properties":{}},{"type":"Feature","geometry":{"type":"MultiLineString","coordinates":[[[23.6,36.5],[23.450478,36.076355]],[[23.450478,36.076355],[23.450363,36.07603]],[[23.450363,36.07603],[23.339975,35.763263]],[[23.339975,35.763263],[23.214379,35.407407]],[[23.214379,35.407407],[23,34.8]]]},"properties":{}},{"type":"Feature","geometry":{"type":"MultiLineString","coordinates":[[[23,34.8],[24.926664,34.187436]],[[24.926664,34.187436],[25.478721,34.011915]],[[25.478721,34.011915],[26.306431,33.748752]],[[26.306431,33.748752],[27.6298,33.328],[27.927542,33.219565]],[[27.927542,33.219565],[28.212434,33.115811]],[[28.212434,33.115811],[28.905525,32.863395]],[[28.905525,32.863395],[30.408377,32.316071]],[[30.408377,32.316071],[32.1,31.7]]]},"properties":{}},{"type":"Feature","geometry":{"type":"MultiLineString","coordinates":[[[23,34.8],[25.11418,34.748238]],[[25.11418,34.748238],[26.651963,34.710589]],[[26.651963,34.710589],[26.651996,34.710588]],[[26.651996,34.710588],[26.932634,34.703717]],[[26.932634,34.703717],[27.45218,34.690997]],[[27.45218,34.690997],[27.977915,34.678125]],[[27.977915,34.678125],[28.702555,34.660384]],[[28.702555,34.660384],[28.881234,34.656009]],[[28.881234,34.656009],[29.1226,34.6501],[29.495846,34.622457]],[[29.495846,34.622457],[30.728751,34.531146]],[[30.728751,34.531146],[30.728757,34.531146]],[[30.728757,34.531146],[30.730121,34.531045]],[[30.730121,34.531045],[30.730242,34.531036]],[[30.730242,34.531036],[30.762008,34.528683]],[[30.762008,34.528683],[31.722285,34.457564]],[[31.722285,34.457564],[33.668074,34.313456]],[[33.668074,34.313456],[33.982556,34.290165]],[[33.982556,34.290165],[34.13748,34.278692]],[[34.13748,34.278692],[35.074079,34.209326]],[[35.074079,34.209326],[35.2,34.2]]]},"properties":{}},{"type":"Feature","geometry":{"type":"MultiLineString","coordinates":[[[-160,50],[-154.5354,49.1714],[-153.455505,48.950813]],[[-153.455505,48.950813],[-151.590299,48.569813]],[[-151.590299,48.569813],[-150.001053,48.245182]],[[-150.001053,48.245182],[-149.2766,48.0972],[-147.484025,47.633164]],[[-147.484025,47.633164],[-144.2543,46.7971],[-143.74132,46.635358]],[[-143.74132,46.635358],[-140.002727,45.456581]],[[-140.002727,45.456581],[-139.4855,45.2935],[-136.328686,44.111743]],[[-136.328686,44.111743],[-134.9769,43.6057],[-134.700168,43.485814]],[[-134.700168,43.485814],[-132.411296,42.49423]],[[-132.411296,42.49423],[-132.290903,42.442073]],[[-132.290903,42.442073],[-130.7204,41.7617],[-130.000844,41.407661]],[[-130.000844,41.407661],[-129.88192,41.349148]],[[-129.88192,41.349148],[-129.021695,40.925896]],[[-129.021695,40.925896],[-126.7021,39.7846],[-123.998772,38.30243]],[[-123.998772,38.30243],[-122.9,37.7]]]},"properties":{}},{"type":"Feature","geometry":{"type":"MultiLineString","coordinates":[[[23,65],[23.771079,65.009096]],[[23.771079,65.009096],[25.118506,65.024992]]]},"properties":{}},{"type":"Feature","geometry":{"type":"MultiLineString","coordinates":[[[23.6,36.5],[23.870794,36.914156]],[[23.870794,36.914156],[23.96792,37.062701]],[[23.96792,37.062701],[24.058009,37.200485]],[[24.058009,37.200485],[24.159791,37.356151]],[[24.159791,37.356151],[24.19115,37.404111]],[[24.19115,37.404111],[24.278995,37.538463]],[[24.278995,37.538463],[24.45,37.8]]]},"properties":{}},{"type":"Feature","geometry":{"type":"MultiLineString","coordinates":[[[23.6,36.5],[23.63671,37.639465]],[[23.63671,37.639465],[23.6425,37.8192]]]},"properties":{}},{"type":"Feature","geometry":{"type":"MultiLineString","coordinates":[[[23.9,35.95],[23.82499,36.087518]],[[23.82499,36.087518],[23.6,36.5]]]},"properties":{}},{"type":"Feature","geometry":{"type":"MultiLineString","coordinates":[[[27.2,36.2],[26.587212,36.251066]],[[26.587212,36.251066],[26.556827,36.253598]],[[26.556827,36.253598],[25.355776,36.353685]],[[25.355776,36.353685],[24.583471,36.418044]],[[24.583471,36.418044],[24.375194,36.435401]],[[24.375194,36.435401],[23.983321,36.468057]],[[23.983321,36.468057],[23.6,36.5]]]},"properties":{}},{"type":"Feature","geometry":{"type":"LineString","coordinates":[[-157.0729,58.7313],[-158.7411,57.9319]]},"properties":{}},{"type":"Feature","geometry":{"type":"MultiLineString","coordinates":[[[23.6425,37.8192],[23.771683,37.62684]],[[23.771683,37.62684],[24.058009,37.200485]],[[24.058009,37.200485],[24.1095,37.123812]],[[24.1095,37.123812],[24.248895,36.916246]],[[24.248895,36.916246],[24.53513,36.490027]],[[24.53513,36.490027],[24.583471,36.418044]],[[24.583471,36.418044],[24.7862,36.11617]],[[24.7862,36.11617],[25.2,35.5]]]},"properties":{}},{"type":"Feature","geometry":{"type":"MultiLineString","coordinates":[[[23.6425,37.8192],[23.885914,37.616154]],[[23.885914,37.616154],[23.9657,37.5496]],[[23.9657,37.5496],[24.1578,37.5703]],[[24.1578,37.5703],[24.45,37.8]]]},"properties":{}},{"type":"Feature","geometry":{"type":"MultiLineString","coordinates":[[[23.9,35.95],[24.134472,35.868837]],[[24.134472,35.868837],[24.980878,35.57585]],[[24.980878,35.57585],[25.2,35.5]]]},"properties":{}},{"type":"Feature","geometry":{"type":"MultiLineString","coordinates":[[[24.45,37.8],[24.606498,37.883974]],[[24.606498,37.883974],[24.849245,38.014229]],[[24.849245,38.014229],[24.99144,38.090529]],[[24.99144,38.090529],[25.432437,38.327161]],[[25.432437,38.327161],[25.756081,38.500824]],[[25.756081,38.500824],[25.925704,38.591841]],[[25.925704,38.591841],[26.157985,38.716479]],[[26.157985,38.716479],[26.289642,38.787125]],[[26.289642,38.787125],[26.5,38.9]]]},"properties":{}},{"type":"Feature","geometry":{"type":"MultiLineString","coordinates":[[[24.45,37.8],[24.520041,37.90673]],[[24.520041,37.90673],[24.657285,38.115863]],[[24.657285,38.115863],[25.337942,39.153055]],[[25.337942,39.153055],[25.5,39.4]]]},"properties":{}},{"type":"Feature","geometry":{"type":"MultiLineString","coordinates":[[[-180,20],[-179.2756,24.2531]],[[-179.2756,24.2531],[-178.610184,27.896674]],[[-178.610184,27.896674],[-178.5,28.5]]]},"properties":{}},{"type":"Feature","geometry":{"type":"MultiLineString","coordinates":[[[-158.4663,59.0359],[-158.5,59.0098],[-158.6673,58.8189],[-158.4113,58.4566]],[[-158.4113,58.4566],[-158.7411,57.9319]]]},"properties":{}},{"type":"Feature","geometry":{"type":"MultiLineString","coordinates":[[[24.6564,38.1173],[24.533054,39.466082]],[[24.533054,39.466082],[24.502965,39.7951]],[[24.502965,39.7951],[24.489301,39.944518]],[[24.489301,39.944518],[24.4152,40.7548]],[[24.4152,40.7548],[24.572406,40.773266]],[[24.572406,40.773266],[24.8,40.8]]]},"properties":{}},{"type":"Feature","geometry":{"type":"LineString","coordinates":[[24.7,59.8],[28,60.3]]},"properties":{}},{"type":"Feature","geometry":{"type":"MultiLineString","coordinates":[[[25.5,39.4],[25.321152,39.757695]],[[25.321152,39.757695],[25.321097,39.757805]],[[25.321097,39.757805],[25.18931,40.02138]],[[25.18931,40.02138],[25.139939,40.120122]],[[25.139939,40.120122],[25.037865,40.32427]],[[25.037865,40.32427],[24.8,40.8]]]},"properties":{}},{"type":"Feature","geometry":{"type":"MultiLineString","coordinates":[[[25.2,35.5],[25.826731,35.719356]],[[25.826731,35.719356],[26.804254,36.061489]],[[26.804254,36.061489],[26.918874,36.101606]],[[26.918874,36.101606],[26.922809,36.102983]],[[26.922809,36.102983],[27.2,36.2]]]},"properties":{}},{"type":"Feature","geometry":{"type":"LineString","coordinates":[[25.2,35.5],[26.3941,35.3719]]},"properties":{}},{"type":"Feature","geometry":{"type":"LineString","coordinates":[[-157.8479,67.0859],[-157.8624,67.0822],[-162.836,66.9258]]},"properties":{}},{"type":"Feature","geometry":{"type":"MultiLineString","coordinates":[[[25.5,39.4],[25.700208,39.600208]],[[25.700208,39.600208],[25.766724,39.666724]],[[25.766724,39.666724],[25.773607,39.673607]],[[25.773607,39.673607],[26.2,40.1]]]},"properties":{}},{"type":"Feature","geometry":{"type":"MultiLineString","coordinates":[[[26.5,38.9],[25.825253,39.237374]],[[25.825253,39.237374],[25.825074,39.237463]],[[25.825074,39.237463],[25.737168,39.281416]],[[25.737168,39.281416],[25.626061,39.33697]],[[25.626061,39.33697],[25.5,39.4]]]},"properties":{}},{"type":"Feature","geometry":{"type":"MultiLineString","coordinates":[[[30.7293,34.5314],[30.728757,34.531146]],[[30.728757,34.531146],[30.724273,34.529046]],[[30.724273,34.529046],[30.091312,34.232682]],[[30.091312,34.232682],[30.09087,34.232475]],[[30.09087,34.232475],[29.595152,34.000371]],[[29.595152,34.000371],[29.474038,33.943663]],[[29.474038,33.943663],[28.975915,33.710433]],[[28.975915,33.710433],[28.697527,33.580087]],[[28.697527,33.580087],[28.569762,33.520264]],[[28.569762,33.520264],[28.073668,33.287984]],[[28.073668,33.287984],[27.927542,33.219565]],[[27.927542,33.219565],[27.384435,32.965273]],[[27.384435,32.965273],[25.75,32.2]]]},"properties":{}},{"type":"Feature","geometry":{"type":"MultiLineString","coordinates":[[[25.75,32.2],[29.265354,31.809405]],[[29.265354,31.809405],[29.455051,31.788328]],[[29.455051,31.788328],[29.8,31.75]]]},"properties":{}},{"type":"Feature","geometry":{"type":"MultiLineString","coordinates":[[[26,-34.5],[30.517,-34.365],[35.0115,-34.0662],[36.390766,-33.923893]],[[36.390766,-33.923893],[39.467,-33.6065],[40.001483,-33.531655]],[[40.001483,-33.531655],[42.877817,-33.128872]],[[42.877817,-33.128872],[43.8681,-32.9902],[47.907599,-32.27482]],[[47.907599,-32.27482],[48.2019,-32.2227],[50.000771,-31.837267]],[[50.000771,-31.837267],[51.411778,-31.534939]],[[51.411778,-31.534939],[52.4574,-31.3109],[56.6265,-30.2623],[57.364335,-30.049282]],[[57.364335,-30.049282],[59.490784,-29.435362]],[[59.490784,-29.435362],[59.850755,-29.331435]],[[59.850755,-29.331435],[60.7033,-29.0853],[61.107776,-28.953503]],[[61.107776,-28.953503],[64.6843,-27.7881],[66.312924,-27.197748]],[[66.312924,-27.197748],[68.5686,-26.3801],[70.001174,-25.809188]],[[70.001174,-25.809188],[72.3571,-24.8703],[73.944701,-24.181688]],[[73.944701,-24.181688],[76.0526,-23.2674],[77.600719,-22.543222]],[[77.600719,-22.543222],[79.659,-21.5804],[80.000395,-21.409572]],[[80.000395,-21.409572],[80.903432,-20.957707]],[[80.903432,-20.957707],[82.741545,-20.037946]],[[82.741545,-20.037946],[83.1815,-19.8178],[86.6262,-17.9877]],[[86.6262,-17.9877],[86.989745,-17.784081]],[[86.989745,-17.784081],[86.989753,-17.784076]],[[86.989753,-17.784076],[87.410925,-17.54818]],[[87.410925,-17.54818],[90.000022,-16.098044]],[[90.000022,-16.098044],[90.0001,-16.098],[90.00005,-16.0981]],[[90.00005,-16.0981],[90,-16.0982],[90.000077,-16.098154]],[[90.000077,-16.098154],[90.000624,-16.09783]],[[90.000624,-16.09783],[90.00309,-16.096368]],[[90.00309,-16.096368],[93.735063,-13.883479]],[[93.735063,-13.883479],[95.0611,-13.0972]],[[95.0611,-13.0972],[100,-10]]]},"properties":{}},{"type":"Feature","geometry":{"type":"MultiLineString","coordinates":[[[90.0001,-16.0982],[90.000077,-16.098154]],[[90.000077,-16.098154],[90.00005,-16.0981]],[[90.00005,-16.0981],[90.000022,-16.098044]],[[90.000022,-16.098044],[90,-16.098],[87.410917,-17.548172]],[[87.410917,-17.548172],[86.989748,-17.784073]],[[86.989748,-17.784073],[86.98974,-17.784078]],[[86.98974,-17.784078],[86.6262,-17.9877]],[[86.6262,-17.9877],[83.1815,-19.8178],[82.741545,-20.037946]],[[82.741545,-20.037946],[80.903432,-20.957707]],[[80.903432,-20.957707],[80.000395,-21.409572]],[[80.000395,-21.409572],[79.659,-21.5804],[77.600719,-22.543222]],[[77.600719,-22.543222],[76.0526,-23.2674],[73.944701,-24.181688]],[[73.944701,-24.181688],[72.3571,-24.8703],[70.001174,-25.809188]],[[70.001174,-25.809188],[68.5686,-26.3801],[66.312924,-27.197748]],[[66.312924,-27.197748],[64.6843,-27.7881],[61.107776,-28.953503]],[[61.107776,-28.953503],[60.7033,-29.0853],[59.850755,-29.331435]],[[59.850755,-29.331435],[59.490784,-29.435362]],[[59.490784,-29.435362],[57.364335,-30.049282]],[[57.364335,-30.049282],[56.6265,-30.2623],[52.4574,-31.3109],[51.411778,-31.534939]],[[51.411778,-31.534939],[50.000771,-31.837267]],[[50.000771,-31.837267],[48.2019,-32.2227],[47.907599,-32.27482]],[[47.907599,-32.27482],[43.8681,-32.9902],[42.877817,-33.128872]],[[42.877817,-33.128872],[40.001483,-33.531655]],[[40.001483,-33.531655],[39.467,-33.6065],[36.390766,-33.923893]],[[36.390766,-33.923893],[35.0115,-34.0662],[30.517,-34.365],[26,-34.5]]]},"properties":{}},{"type":"Feature","geometry":{"type":"LineString","coordinates":[[28.5,-33.5],[26,-34.5]]},"properties":{}},{"type":"Feature","geometry":{"type":"LineString","coordinates":[[28.5,-33.5],[27.8178,-33.7538],[26.6295,-34.2299],[26,-34.5]]},"properties":{}},{"type":"Feature","geometry":{"type":"LineString","coordinates":[[30,-40],[26,-34.5]]},"properties":{}},{"type":"Feature","geometry":{"type":"MultiLineString","coordinates":[[[40,-40],[32.76641,-37.447021]],[[32.76641,-37.447021],[32.7485,-37.4407],[26,-34.5]]]},"properties":{}},{"type":"Feature","geometry":{"type":"MultiLineString","coordinates":[[[26,-34.5],[32.8282,-37.2784],[32.917525,-37.307564]],[[32.917525,-37.307564],[40.00016,-39.61996]],[[40.00016,-39.61996],[40.1326,-39.6632],[40.316034,-39.708348]],[[40.316034,-39.708348],[41.643662,-40.035111]],[[41.643662,-40.035111],[47.9022,-41.5755],[48.503205,-41.676358]],[[48.503205,-41.676358],[50.001156,-41.927736]],[[50.001156,-41.927736],[52.143376,-42.287232]],[[52.143376,-42.287232],[56.0755,-42.9471],[57.271435,-43.055897]],[[57.271435,-43.055897],[60.001982,-43.304302]],[[60.001982,-43.304302],[63.382107,-43.6118]],[[63.382107,-43.6118],[64.5385,-43.717],[66.650664,-43.751213]],[[66.650664,-43.751213],[70.002282,-43.805502]],[[70.002282,-43.805502],[73.1322,-43.8562],[73.588875,-43.829508]],[[73.588875,-43.829508],[76.745487,-43.645012]],[[76.745487,-43.645012],[80.002072,-43.454672]],[[80.002072,-43.454672],[81.6766,-43.3568]],[[81.6766,-43.3568],[82.981172,-43.181585]],[[82.981172,-43.181585],[87.72852,-42.543978]],[[87.72852,-42.543978],[90,-42.2389]],[[90,-42.2389],[90.0001,-42.2391],[90.001387,-42.238844]],[[90.001387,-42.238844],[91.769284,-41.887052]],[[91.769284,-41.887052],[95.0848,-41.2273]],[[95.0848,-41.2273],[100,-40]]]},"properties":{}},{"type":"Feature","geometry":{"type":"MultiLineString","coordinates":[[[100,-40],[95.0848,-41.2273]],[[95.0848,-41.2273],[91.769326,-41.887096]],[[91.769326,-41.887096],[90.001388,-42.238924]],[[90.001388,-42.238924],[90,-42.2392],[90,-42.2389]],[[90,-42.2389],[90,-42.2388],[87.728594,-42.543896]],[[87.728594,-42.543896],[82.981159,-43.181572]],[[82.981159,-43.181572],[81.6766,-43.3568]],[[81.6766,-43.3568],[80.002072,-43.454672]],[[80.002072,-43.454672],[76.745487,-43.645012]],[[76.745487,-43.645012],[73.588875,-43.829508]],[[73.588875,-43.829508],[73.1322,-43.8562],[70.002282,-43.805502]],[[70.002282,-43.805502],[66.650664,-43.751213]],[[66.650664,-43.751213],[64.5385,-43.717],[63.382107,-43.6118]],[[63.382107,-43.6118],[60.001982,-43.304302]],[[60.001982,-43.304302],[57.271435,-43.055897]],[[57.271435,-43.055897],[56.0755,-42.9471],[52.143376,-42.287232]],[[52.143376,-42.287232],[50.001156,-41.927736]],[[50.001156,-41.927736],[48.503205,-41.676358]],[[48.503205,-41.676358],[47.9022,-41.5755],[41.643662,-40.035111]],[[41.643662,-40.035111],[40.316034,-39.708348]],[[40.316034,-39.708348],[40.1326,-39.6632],[40.00016,-39.61996]],[[40.00016,-39.61996],[32.917525,-37.307564]],[[32.917525,-37.307564],[32.8282,-37.2784],[26,-34.5]]]},"properties":{}},{"type":"Feature","geometry":{"type":"MultiLineString","coordinates":[[[26,-34.5],[33.8093,-36.1101],[34.16314,-36.158049]],[[34.16314,-36.158049],[40.001282,-36.949175]],[[40.001282,-36.949175],[41.8921,-37.2054],[42.953026,-37.274802]],[[42.953026,-37.274802],[47.359343,-37.563048]],[[47.359343,-37.563048],[50.000951,-37.735853]],[[50.000951,-37.735853],[50.153,-37.7458],[52.453259,-37.736012]],[[52.453259,-37.736012],[57.523387,-37.714438]],[[57.523387,-37.714438],[58.4724,-37.7104],[60.00101,-37.596776]],[[60.00101,-37.596776],[62.832174,-37.38633]],[[62.832174,-37.38633],[66.7219,-37.0972],[66.83654,-37.080576]],[[66.83654,-37.080576],[70.00142,-36.62163]],[[70.00142,-36.62163],[74.343022,-35.992046]],[[74.343022,-35.992046],[74.7833,-35.9282],[75.434762,-35.786933]],[[75.434762,-35.786933],[80.002014,-34.796541]],[[80.002014,-34.796541],[82.563,-34.2412]],[[82.563,-34.2412],[83.619336,-33.93508]],[[83.619336,-33.93508],[87.383956,-32.844114]],[[87.383956,-32.844114],[90,-32.086],[90.000039,-32.086118]],[[90.000039,-32.086118],[90.000067,-32.0862]],[[90.000067,-32.0862],[90.0001,-32.0863],[90.000876,-32.08602]],[[90.000876,-32.08602],[91.440502,-31.566168]],[[91.440502,-31.566168],[95.547121,-30.083261]],[[95.547121,-30.083261],[96.5855,-29.7083]],[[96.5855,-29.7083],[98.721447,-28.792222]],[[98.721447,-28.792222],[100.000492,-28.243657]],[[100.000492,-28.243657],[101.751803,-27.492544]],[[101.751803,-27.492544],[102.8508,-27.0212],[105.523929,-25.69831]],[[105.523929,-25.69831],[108.8128,-24.0707],[110.674365,-23.032849]],[[110.674365,-23.032849],[110.809354,-22.957591]],[[110.809354,-22.957591],[111.835796,-22.385334]],[[111.835796,-22.385334],[112.686952,-21.910802]],[[112.686952,-21.910802],[113.379129,-21.524903]],[[113.379129,-21.524903],[113.389369,-21.519193]],[[113.389369,-21.519193],[114.5,-20.9]]]},"properties":{}},{"type":"Feature","geometry":{"type":"MultiLineString","coordinates":[[[114.5,-20.9],[113.389369,-21.519193]],[[113.389369,-21.519193],[113.379129,-21.524903]],[[113.379129,-21.524903],[112.686952,-21.910802]],[[112.686952,-21.910802],[111.835796,-22.385334]],[[111.835796,-22.385334],[110.809354,-22.957591]],[[110.809354,-22.957591],[110.674365,-23.032849]],[[110.674365,-23.032849],[108.8128,-24.0707],[105.523929,-25.69831]],[[105.523929,-25.69831],[102.8508,-27.0212],[101.751803,-27.492544]],[[101.751803,-27.492544],[100.000492,-28.243657]],[[100.000492,-28.243657],[98.721447,-28.792222]],[[98.721447,-28.792222],[96.5855,-29.7083]],[[96.5855,-29.7083],[95.547151,-30.08326]],[[95.547151,-30.08326],[91.440536,-31.566206]],[[91.440536,-31.566206],[90.000876,-32.086084]],[[90.000876,-32.086084],[90,-32.0864],[90.000067,-32.0862]],[[90.000067,-32.0862],[90.0001,-32.0861],[90.000039,-32.086118]],[[90.000039,-32.086118],[87.383851,-32.844228]],[[87.383851,-32.844228],[83.619349,-33.935094]],[[83.619349,-33.935094],[82.563,-34.2412]],[[82.563,-34.2412],[80.002014,-34.796541]],[[80.002014,-34.796541],[75.434762,-35.786933]],[[75.434762,-35.786933],[74.7833,-35.9282],[74.343022,-35.992046]],[[74.343022,-35.992046],[70.00142,-36.62163]],[[70.00142,-36.62163],[66.83654,-37.080576]],[[66.83654,-37.080576],[66.7219,-37.0972],[62.832174,-37.38633]],[[62.832174,-37.38633],[60.00101,-37.596776]],[[60.00101,-37.596776],[58.4724,-37.7104],[57.523387,-37.714438]],[[57.523387,-37.714438],[52.453259,-37.736012]],[[52.453259,-37.736012],[50.153,-37.7458],[50.000951,-37.735853]],[[50.000951,-37.735853],[47.359343,-37.563048]],[[47.359343,-37.563048],[42.953026,-37.274802]],[[42.953026,-37.274802],[41.8921,-37.2054],[40.001282,-36.949175]],[[40.001282,-36.949175],[34.16314,-36.158049]],[[34.16314,-36.158049],[33.8093,-36.1101],[26,-34.5]]]},"properties":{}},{"type":"Feature","geometry":{"type":"MultiLineString","coordinates":[[[26.2,40.1],[28.449481,40.805825]],[[28.449481,40.805825],[28.501542,40.82216]],[[28.501542,40.82216],[28.977708,40.971568]]]},"properties":{"passage":"dardanelles"}},{"type":"Feature","geometry":{"type":"MultiLineString","coordinates":[[[26.3941,35.3719],[27.01518,36.010089]],[[27.01518,36.010089],[27.051888,36.047808]],[[27.051888,36.047808],[27.053315,36.049275]],[[27.053315,36.049275],[27.2,36.2]]]},"properties":{}},{"type":"Feature","geometry":{"type":"LineString","coordinates":[[26.3941,35.3719],[26.652,34.7106]]},"properties":{}},{"type":"Feature","geometry":{"type":"MultiLineString","coordinates":[[[32.1,31.7],[30.609751,32.659015]],[[30.609751,32.659015],[29.589708,33.315441]],[[29.589708,33.315441],[28.975915,33.710433]],[[28.975915,33.710433],[28.34367,34.117299]],[[28.34367,34.117299],[28.225817,34.193141]],[[28.225817,34.193141],[27.45218,34.690997]],[[27.45218,34.690997],[27.133537,34.896052]],[[27.133537,34.896052],[26.3941,35.3719]]]},"properties":{}},{"type":"Feature","geometry":{"type":"MultiLineString","coordinates":[[[26.652,34.7106],[26.861926,34.791448]],[[26.861926,34.791448],[27.133537,34.896052]],[[27.133537,34.896052],[27.491132,35.033771]],[[27.491132,35.033771],[27.745959,35.131912]],[[27.745959,35.131912],[28.180712,35.299346]],[[28.180712,35.299346],[28.358277,35.367731]],[[28.358277,35.367731],[28.573927,35.450783]],[[28.573927,35.450783],[28.771784,35.526983]],[[28.771784,35.526983],[28.88059,35.568887]],[[28.88059,35.568887],[29.635565,35.859647]],[[29.635565,35.859647],[30,36]]]},"properties":{}},{"type":"Feature","geometry":{"type":"MultiLineString","coordinates":[[[27.0217,40.3793],[27.5902,40.8795],[28.449481,40.805825]],[[28.449481,40.805825],[28.477509,40.803422]],[[28.477509,40.803422],[28.663865,40.787444]],[[28.663865,40.787444],[28.87552,40.769296]],[[28.87552,40.769296],[29.2382,40.7382]],[[29.2382,40.7382],[28.977708,40.971568]]]},"properties":{}},{"type":"Feature","geometry":{"type":"MultiLineString","coordinates":[[[27.2,36.2],[28.008502,36.494001]],[[28.008502,36.494001],[28.3,36.6]]]},"properties":{}},{"type":"Feature","geometry":{"type":"MultiLineString","coordinates":[[[29.7545,31.2025],[29.455051,31.788328]],[[29.455051,31.788328],[29.086953,32.508456]],[[29.086953,32.508456],[28.905525,32.863395]],[[28.905525,32.863395],[28.569762,33.520264]],[[28.569762,33.520264],[28.510884,33.63545]],[[28.510884,33.63545],[28.259059,34.128109]],[[28.259059,34.128109],[28.225817,34.193141]],[[28.225817,34.193141],[27.977915,34.678125]],[[27.977915,34.678125],[27.853162,34.922185]],[[27.853162,34.922185],[27.745959,35.131912]],[[27.745959,35.131912],[27.337183,35.931621]],[[27.337183,35.931621],[27.336668,35.93263]],[[27.336668,35.93263],[27.336645,35.932674]],[[27.336645,35.932674],[27.2,36.2]]]},"properties":{}},{"type":"Feature","geometry":{"type":"MultiLineString","coordinates":[[[27.2,36.2],[27.548237,35.88019]],[[27.548237,35.88019],[28.180712,35.299346]],[[28.180712,35.299346],[28.881234,34.656009]],[[28.881234,34.656009],[28.964326,34.5797]],[[28.964326,34.5797],[29.595152,34.000371]],[[29.595152,34.000371],[29.703004,33.901323]],[[29.703004,33.901323],[30.699385,32.986279]],[[30.699385,32.986279],[30.765996,32.925106]],[[30.765996,32.925106],[32.1,31.7]]]},"properties":{}},{"type":"Feature","geometry":{"type":"LineString","coordinates":[[28.0975,42.4188],[27.6891,42.4795]]},"properties":{}},{"type":"Feature","geometry":{"type":"MultiLineString","coordinates":[[[28.0956,43.1484],[28.438708,43.022658]],[[28.438708,43.022658],[29.077685,42.788487]],[[29.077685,42.788487],[29.596987,42.598174]],[[29.596987,42.598174],[29.5991,42.5974],[29.596621,42.597105]],[[29.596621,42.597105],[29.08661,42.536445]],[[29.08661,42.536445],[28.0975,42.4188]]]},"properties":{}},{"type":"Feature","geometry":{"type":"MultiLineString","coordinates":[[[28.0975,42.4188],[29.086624,42.536062]],[[29.086624,42.536062],[29.596413,42.596499]],[[29.596413,42.596499],[33,43]]]},"properties":{}},{"type":"Feature","geometry":{"type":"MultiLineString","coordinates":[[[28.0975,42.4188],[28.438708,43.022658]],[[28.438708,43.022658],[29.0322,44.073]]]},"properties":{}},{"type":"Feature","geometry":{"type":"LineString","coordinates":[[29.132431,41.242447],[28.0975,42.4188]]},"properties":{}},{"type":"Feature","geometry":{"type":"LineString","coordinates":[[28.3,36.6],[30,36]]},"properties":{}},{"type":"Feature","geometry":{"type":"LineString","coordinates":[[40,-30],[34.3579,-31.8789],[28.5,-33.5]]},"properties":{}},{"type":"Feature","geometry":{"type":"LineString","coordinates":[[32,-30],[28.5,-33.5]]},"properties":{}},{"type":"Feature","geometry":{"type":"LineString","coordinates":[[28.5,-33.5],[29.5125,-32.4235],[32,-30]]},"properties":{}},{"type":"Feature","geometry":{"type":"MultiLineString","coordinates":[[[29.0322,44.073],[30.114413,44.090652]],[[30.114413,44.090652],[32.272526,44.125852]],[[32.272526,44.125852],[34.0289,44.1545]],[[34.0289,44.1545],[36.4,45]]]},"properties":{}},{"type":"Feature","geometry":{"type":"LineString","coordinates":[[29.0322,44.073],[30.9,46.25]]},"properties":{}},{"type":"Feature","geometry":{"type":"MultiLineString","coordinates":[[[29.0322,44.073],[29.077685,42.788487]],[[29.077685,42.788487],[29.08661,42.536445]],[[29.08661,42.536445],[29.086624,42.536062]],[[29.086624,42.536062],[29.132431,41.242447]]]},"properties":{}},{"type":"Feature","geometry":{"type":"MultiLineString","coordinates":[[[29.0322,44.073],[30.011631,43.808135]],[[30.011631,43.808135],[33,43]]]},"properties":{}},{"type":"Feature","geometry":{"type":"LineString","coordinates":[[29.132431,41.242447],[32.8322,42.1344],[35.2956,42.2056]]},"properties":{}},{"type":"Feature","geometry":{"type":"MultiLineString","coordinates":[[[38.9721,44],[38.571357,43.887692]],[[38.571357,43.887692],[38.190478,43.780951]],[[38.190478,43.780951],[37.584252,43.611058]],[[37.584252,43.611058],[37.240766,43.514796]],[[37.240766,43.514796],[36.395348,43.277869]],[[36.395348,43.277869],[36.166693,43.213789]],[[36.166693,43.213789],[35.635186,43.064835]],[[35.635186,43.064835],[34.572543,42.767031]],[[34.572543,42.767031],[29.132431,41.242447]]]},"properties":{}},{"type":"Feature","geometry":{"type":"MultiLineString","coordinates":[[[29.132431,41.242447],[33.50474,42.925224]],[[33.50474,42.925224],[33.847733,43.057232]],[[33.847733,43.057232],[35.952304,43.867221]],[[35.952304,43.867221],[36.397403,44.038527]],[[36.397403,44.038527],[36.846449,44.211352]],[[36.846449,44.211352],[37.016592,44.276835]],[[37.016592,44.276835],[37.301242,44.386389]],[[37.301242,44.386389],[37.470601,44.45157]],[[37.470601,44.45157],[37.8295,44.5897]]]},"properties":{}},{"type":"Feature","geometry":{"type":"LineString","coordinates":[[29.132431,41.242447],[33,43]]},"properties":{}},{"type":"Feature","geometry":{"type":"MultiLineString","coordinates":[[[-122.9,37.7],[-123.4671,37.530296]],[[-123.4671,37.530296],[-126.379475,36.65877]],[[-126.379475,36.65877],[-126.936629,36.492042]],[[-126.936629,36.492042],[-127.9082,36.2013],[-129.819272,35.526409]],[[-129.819272,35.526409],[-130.001907,35.461912]],[[-130.001907,35.461912],[-132.7178,34.5028],[-133.753304,34.080736]],[[-133.753304,34.080736],[-137.3273,32.624],[-137.777992,32.415726]],[[-137.777992,32.415726],[-140.000583,31.388621]],[[-140.000583,31.388621],[-140.896429,30.974632]],[[-140.896429,30.974632],[-141.7413,30.5842],[-142.772484,30.051851]],[[-142.772484,30.051851],[-145.296912,28.748614]],[[-145.296912,28.748614],[-145.9689,28.4017],[-147.428529,27.570779]],[[-147.428529,27.570779],[-150.001091,26.106302]],[[-150.001091,26.106302],[-150.0227,26.094],[-153.634598,23.852954]],[[-153.634598,23.852954],[-153.9177,23.6773],[-157.430657,21.326841]],[[-157.430657,21.326841],[-157.67,21.1667]]]},"properties":{}},{"type":"Feature","geometry":{"type":"MultiLineString","coordinates":[[[30.9,46.25],[30.114413,44.090652]],[[30.114413,44.090652],[30.011631,43.808135]],[[30.011631,43.808135],[30.011,43.8064],[29.596987,42.598174]],[[29.596987,42.598174],[29.596621,42.597105]],[[29.596621,42.597105],[29.596413,42.596499]],[[29.596413,42.596499],[29.132431,41.242447]]]},"properties":{}},{"type":"Feature","geometry":{"type":"MultiLineString","coordinates":[[[29.8,31.75],[30.072508,31.744076]],[[30.072508,31.744076],[32.1,31.7]]]},"properties":{}},{"type":"Feature","geometry":{"type":"LineString","coordinates":[[30,-50],[40,-50]]},"properties":{}},{"type":"Feature","geometry":{"type":"MultiLineString","coordinates":[[[40,-40],[35.437,-45.1104],[35.110769,-45.403786]],[[35.110769,-45.403786],[30,-50]]]},"properties":{}},{"type":"Feature","geometry":{"type":"LineString","coordinates":[[30,-40],[30.003,-45.0022],[30,-50]]},"properties":{}},{"type":"Feature","geometry":{"type":"LineString","coordinates":[[-157.67,21.1667],[-157.5109,21.3217]]},"properties":{}},{"type":"Feature","geometry":{"type":"MultiLineString","coordinates":[[[30,-40],[32.76641,-37.447021]],[[32.76641,-37.447021],[32.917525,-37.307564]],[[32.917525,-37.307564],[34.16314,-36.158049]],[[34.16314,-36.158049],[35.3052,-35.1041],[36.390766,-33.923893]],[[36.390766,-33.923893],[40,-30]]]},"properties":{}},{"type":"Feature","geometry":{"type":"MultiLineString","coordinates":[[[30,-40],[34.7156,-45.0323],[35.110769,-45.403786]],[[35.110769,-45.403786],[40,-50]]]},"properties":{}},{"type":"Feature","geometry":{"type":"LineString","coordinates":[[40,-40],[34.9996,-40.1068],[30,-40]]},"properties":{}},{"type":"Feature","geometry":{"type":"MultiLineString","coordinates":[[[30,36],[30.624386,36.437071]],[[30.624386,36.437071],[30.859965,36.601976]],[[30.859965,36.601976],[31,36.7]]]},"properties":{}},{"type":"Feature","geometry":{"type":"MultiLineString","coordinates":[[[33,35.8],[31.539347,35.897377]],[[31.539347,35.897377],[30.905089,35.939661]],[[30.905089,35.939661],[30,36]]]},"properties":{}},{"type":"Feature","geometry":{"type":"MultiLineString","coordinates":[[[33,35.8],[32.111736,35.303742]],[[32.111736,35.303742],[31.57014,35.001163]],[[31.57014,35.001163],[31.341774,34.873578]],[[31.341774,34.873578],[30.729896,34.531733]],[[30.729896,34.531733],[30.7293,34.5314]]]},"properties":{}},{"type":"Feature","geometry":{"type":"MultiLineString","coordinates":[[[31,36.7],[30.973115,36.484626]],[[30.973115,36.484626],[30.942242,36.237298]],[[30.942242,36.237298],[30.905089,35.939661]],[[30.905089,35.939661],[30.828994,35.330053]],[[30.828994,35.330053],[30.788068,35.002192]],[[30.788068,35.002192],[30.729453,34.532624]],[[30.729453,34.532624],[30.7293,34.5314]]]},"properties":{}},{"type":"Feature","geometry":{"type":"LineString","coordinates":[[30.9,46.25],[30.9493,46.5279],[31.7046,46.5827],[31.8612,46.5865]]},"properties":{}},{"type":"Feature","geometry":{"type":"MultiLineString","coordinates":[[[30.9,46.25],[32.272526,44.125852]],[[32.272526,44.125852],[33,43]]]},"properties":{}},{"type":"Feature","geometry":{"type":"MultiLineString","coordinates":[[[30.9,46.25],[34.0289,44.1545]],[[34.0289,44.1545],[33,43]]]},"properties":{}},{"type":"Feature","geometry":{"type":"MultiLineString","coordinates":[[[33,35.8],[31.638541,36.412657]],[[31.638541,36.412657],[31,36.7]]]},"properties":{}},{"type":"Feature","geometry":{"type":"MultiLineString","coordinates":[[[-150,30],[-150.668849,29.265611]],[[-150.668849,29.265611],[-153.9759,25.6345],[-154.601468,24.877911]],[[-154.601468,24.877911],[-157.506173,21.36484]],[[-157.506173,21.36484],[-157.67,21.1667]]]},"properties":{}},{"type":"Feature","geometry":{"type":"LineString","coordinates":[[34,-26],[32,-30]]},"properties":{}},{"type":"Feature","geometry":{"type":"LineString","coordinates":[[32,-30],[32.3667,-29.2302],[33.2188,-27.5062],[33.6882,-26.593],[34,-26]]},"properties":{}},{"type":"Feature","geometry":{"type":"LineString","coordinates":[[32,-30],[35.9997,-30.0598],[40,-30]]},"properties":{}},{"type":"Feature","geometry":{"type":"MultiLineString","coordinates":[[[34.2,35.2],[33.840932,34.601554]],[[33.840932,34.601554],[33.791868,34.519779]],[[33.791868,34.519779],[33.784931,34.508219]],[[33.784931,34.508219],[33.729569,34.415948]],[[33.729569,34.415948],[33.668074,34.313456]],[[33.668074,34.313456],[33.166376,33.477293]],[[33.166376,33.477293],[33.062511,33.304186]],[[33.062511,33.304186],[32.738332,32.763887]],[[32.738332,32.763887],[32.543549,32.439248]],[[32.543549,32.439248],[32.1,31.7]]]},"properties":{}},{"type":"Feature","geometry":{"type":"MultiLineString","coordinates":[[[35.7,35.9],[34.991567,35.873762]],[[34.991567,35.873762],[34.806121,35.866893]],[[34.806121,35.866893],[34.678489,35.862166]],[[34.678489,35.862166],[34.404766,35.852028]],[[34.404766,35.852028],[33.799329,35.829605]],[[33.799329,35.829605],[33.617867,35.822884]],[[33.617867,35.822884],[33,35.8]]]},"properties":{}},{"type":"Feature","geometry":{"type":"MultiLineString","coordinates":[[[35.7,35.9],[34.993171,35.874815]],[[34.993171,35.874815],[34.805919,35.868142]],[[34.805919,35.868142],[34.678463,35.863601]],[[34.678463,35.863601],[34.40213,35.853755]],[[34.40213,35.853755],[33.801905,35.832368]],[[33.801905,35.832368],[33.619548,35.82587]],[[33.619548,35.82587],[33.3229,35.8153],[33,35.8]]]},"properties":{}},{"type":"Feature","geometry":{"type":"MultiLineString","coordinates":[[[34.8,36.6],[34.695143,36.553397]],[[34.695143,36.553397],[34.666346,36.540598]],[[34.666346,36.540598],[34.317888,36.385728]],[[34.317888,36.385728],[33.88421,36.192982]],[[33.88421,36.192982],[33.806958,36.158648]],[[33.806958,36.158648],[33,35.8]]]},"properties":{}},{"type":"Feature","geometry":{"type":"MultiLineString","coordinates":[[[39.4537,43.4357],[38.765778,43.389257]],[[38.765778,43.389257],[37.827382,43.325905]],[[37.827382,43.325905],[37.365354,43.294712]],[[37.365354,43.294712],[36.395217,43.229217]],[[36.395217,43.229217],[36.166693,43.213789]],[[36.166693,43.213789],[35.681099,43.181005]],[[35.681099,43.181005],[33.847733,43.057232]],[[33.847733,43.057232],[33,43]]]},"properties":{}},{"type":"Feature","geometry":{"type":"LineString","coordinates":[[36.4,45],[33,43]]},"properties":{}},{"type":"Feature","geometry":{"type":"MultiLineString","coordinates":[[[-157.67,21.1667],[-157.472899,20.932487]],[[-157.472899,20.932487],[-153.70144,16.450906]],[[-153.70144,16.450906],[-153.1992,15.8541],[-153.003761,15.496473]],[[-153.003761,15.496473],[-151.961352,13.589006]],[[-151.961352,13.589006],[-150,10]]]},"properties":{}},{"type":"Feature","geometry":{"type":"MultiLineString","coordinates":[[[41.1,41.8],[38.843365,42.134316]],[[38.843365,42.134316],[38.342673,42.208493]],[[38.342673,42.208493],[37.94708,42.267099]],[[37.94708,42.267099],[36.39324,42.497298]],[[36.39324,42.497298],[35.465221,42.634782]],[[35.465221,42.634782],[34.572543,42.767031]],[[34.572543,42.767031],[33.50474,42.925224]],[[33.50474,42.925224],[33,43]]]},"properties":{}},{"type":"Feature","geometry":{"type":"MultiLineString","coordinates":[[[39.9718,64.9382],[39.5983,65.4453]],[[39.5983,65.4453],[41.1364,66.6319],[41.5978,67.0381],[41.2023,67.8803],[35.5553,69.5543]],[[35.5553,69.5543],[33.402,69.9271]]]},"properties":{}},{"type":"Feature","geometry":{"type":"LineString","coordinates":[[36,-24],[34,-26]]},"properties":{}},{"type":"Feature","geometry":{"type":"LineString","coordinates":[[34,-26],[40,-30]]},"properties":{}},{"type":"Feature","geometry":{"type":"LineString","coordinates":[[34,-26],[38.4996,-26.0688],[43,-26]]},"properties":{}},{"type":"Feature","geometry":{"type":"MultiLineString","coordinates":[[[34.2,35.2],[34.818517,35.488641]],[[34.818517,35.488641],[34.863849,35.509796]],[[34.863849,35.509796],[35.063335,35.60289]],[[35.063335,35.60289],[35.7,35.9]]]},"properties":{}},{"type":"Feature","geometry":{"type":"MultiLineString","coordinates":[[[35.2,34.2],[35.051596,34.348404]],[[35.051596,34.348404],[34.889633,34.510367]],[[34.889633,34.510367],[34.680902,34.719098]],[[34.680902,34.719098],[34.2,35.2]]]},"properties":{}},{"type":"Feature","geometry":{"type":"LineString","coordinates":[[34.5,27],[34.9,29.2]]},"properties":{}},{"type":"Feature","geometry":{"type":"MultiLineString","coordinates":[[[-155,20],[-157.425254,21.059754]],[[-157.425254,21.059754],[-157.67,21.1667]]]},"properties":{}},{"type":"Feature","geometry":{"type":"LineString","coordinates":[[34.5,27],[37,23.6]]},"properties":{}},{"type":"Feature","geometry":{"type":"MultiLineString","coordinates":[[[35.2,34.2],[35.116526,33.949579]],[[35.116526,33.949579],[34.8,33]]]},"properties":{}},{"type":"Feature","geometry":{"type":"MultiLineString","coordinates":[[[35.2,34.2],[35.1244,33.9763],[35.115889,33.950687]],[[35.115889,33.950687],[35.115528,33.949599]],[[35.115528,33.949599],[34.8,33]]]},"properties":{}},{"type":"Feature","geometry":{"type":"LineString","coordinates":[[35.6,36.5],[34.8,36.6]]},"properties":{}},{"type":"Feature","geometry":{"type":"MultiLineString","coordinates":[[[35.2,34.2],[35.291514,34.511149]],[[35.291514,34.511149],[35.36502,34.761066]],[[35.36502,34.761066],[35.399638,34.878768]],[[35.399638,34.878768],[35.557748,35.416345]],[[35.557748,35.416345],[35.592151,35.533314]],[[35.592151,35.533314],[35.7,35.9]]]},"properties":{}},{"type":"Feature","geometry":{"type":"MultiLineString","coordinates":[[[41.5099,42.2115],[40.68662,42.210718]],[[40.68662,42.210718],[40.497022,42.210538]],[[40.497022,42.210538],[38.779766,42.208908]],[[38.779766,42.208908],[38.342673,42.208493]],[[38.342673,42.208493],[37.980452,42.208149]],[[37.980452,42.208149],[36.392455,42.206641]],[[36.392455,42.206641],[35.2956,42.2056]]]},"properties":{}},{"type":"Feature","geometry":{"type":"MultiLineString","coordinates":[[[36.4,45],[35.952304,43.867221]],[[35.952304,43.867221],[35.681099,43.181005]],[[35.681099,43.181005],[35.635186,43.064835]],[[35.635186,43.064835],[35.465221,42.634782]],[[35.465221,42.634782],[35.2956,42.2056]]]},"properties":{}},{"type":"Feature","geometry":{"type":"MultiLineString","coordinates":[[[35.2956,42.2056],[36.391451,41.835171]],[[36.391451,41.835171],[36.7369,41.7184],[38.4316,41.4112]]]},"properties":{}},{"type":"Feature","geometry":{"type":"LineString","coordinates":[[35.3917,46.2107],[36.8592,45.6212]]},"properties":{}},{"type":"Feature","geometry":{"type":"MultiLineString","coordinates":[[[35.7,35.9],[35.634083,36.295503]],[[35.634083,36.295503],[35.6,36.5]]]},"properties":{}},{"type":"Feature","geometry":{"type":"LineString","coordinates":[[36,-24],[38.929,-19.5234],[41.7,-15]]},"properties":{}},{"type":"Feature","geometry":{"type":"LineString","coordinates":[[36,-24],[36,-20]]},"properties":{}},{"type":"Feature","geometry":{"type":"LineString","coordinates":[[36,-24],[43,-26]]},"properties":{}},{"type":"Feature","geometry":{"type":"LineString","coordinates":[[41.7,-15],[38.8889,-17.5205],[36,-20]]},"properties":{}},{"type":"Feature","geometry":{"type":"MultiLineString","coordinates":[[[36.3903,41.409],[36.391451,41.835171]],[[36.391451,41.835171],[36.392455,42.206641]],[[36.392455,42.206641],[36.39324,42.497298]],[[36.39324,42.497298],[36.395217,43.229217]],[[36.395217,43.229217],[36.395348,43.277869]],[[36.395348,43.277869],[36.397403,44.038527]],[[36.397403,44.038527],[36.4,45]]]},"properties":{}},{"type":"Feature","geometry":{"type":"LineString","coordinates":[[36.4,45],[36.8592,45.6212]]},"properties":{}},{"type":"Feature","geometry":{"type":"MultiLineString","coordinates":[[[36.4,45],[36.846449,44.211352]],[[36.846449,44.211352],[37.240766,43.514796]],[[37.240766,43.514796],[37.365354,43.294712]],[[37.365354,43.294712],[37.94708,42.267099]],[[37.94708,42.267099],[37.980452,42.208149]],[[37.980452,42.208149],[38.4316,41.4112]]]},"properties":{}},{"type":"Feature","geometry":{"type":"MultiLineString","coordinates":[[[39.7082,41.12],[39.449118,41.423863]],[[39.449118,41.423863],[38.843365,42.134316]],[[38.843365,42.134316],[38.779766,42.208908]],[[38.779766,42.208908],[37.827382,43.325905]],[[37.827382,43.325905],[37.584252,43.611058]],[[37.584252,43.611058],[37.016592,44.276835]],[[37.016592,44.276835],[36.4,45]]]},"properties":{}},{"type":"Feature","geometry":{"type":"MultiLineString","coordinates":[[[36.4,45],[37.301242,44.386389]],[[37.301242,44.386389],[38.190478,43.780951]],[[38.190478,43.780951],[38.765778,43.389257]],[[38.765778,43.389257],[40.497022,42.210538]],[[40.497022,42.210538],[41.1,41.8]]]},"properties":{}},{"type":"Feature","geometry":{"type":"MultiLineString","coordinates":[[[39.4537,43.4357],[38.571357,43.887692]],[[38.571357,43.887692],[37.470601,44.45157]],[[37.470601,44.45157],[36.4,45]]]},"properties":{}},{"type":"Feature","geometry":{"type":"LineString","coordinates":[[36.8592,45.6212],[36.7631,46.6862]]},"properties":{}},{"type":"Feature","geometry":{"type":"MultiLineString","coordinates":[[[36.8592,45.6212],[37.6017,45.8286],[37.6629,46.8238]],[[37.6629,46.8238],[36.7631,46.6862]],[[36.7631,46.6862],[35.3917,46.2107]],[[35.3917,46.2107],[35.1383,45.9259],[35.5576,45.4315],[36.2215,45.5907],[36.8592,45.6212]]]},"properties":{}},{"type":"Feature","geometry":{"type":"MultiLineString","coordinates":[[[36.8592,45.6212],[37.6629,46.8238]],[[37.6629,46.8238],[39.0431,47.104]]]},"properties":{}},{"type":"Feature","geometry":{"type":"LineString","coordinates":[[37,23.6],[38.9,20.75]]},"properties":{}},{"type":"Feature","geometry":{"type":"MultiLineString","coordinates":[[[38.4316,41.4112],[39.449118,41.423863]],[[39.449118,41.423863],[40.5369,41.4374],[41.1,41.8]]]},"properties":{}},{"type":"Feature","geometry":{"type":"LineString","coordinates":[[41.2,16.3],[38.9,20.75]]},"properties":{}},{"type":"Feature","geometry":{"type":"LineString","coordinates":[[41.2,16.3],[41.1647,16.3726],[39.3966,19.8364],[38.9,20.75]]},"properties":{}},{"type":"Feature","geometry":{"type":"MultiLineString","coordinates":[[[-125.32,43.3704],[-127.423643,42.438338]],[[-127.423643,42.438338],[-127.752866,42.292469]],[[-127.752866,42.292469],[-129.346307,41.586462]],[[-129.346307,41.586462],[-129.88192,41.349148]],[[-129.88192,41.349148],[-130.000778,41.296485]],[[-130.000778,41.296485],[-130.3341,41.1488],[-130.834275,40.889326]],[[-130.834275,40.889326],[-132.363652,40.095938]],[[-132.363652,40.095938],[-132.447882,40.052242]],[[-132.447882,40.052242],[-134.818074,38.822668]],[[-134.818074,38.822668],[-135.0075,38.7244],[-135.766993,38.271559]],[[-135.766993,38.271559],[-137.200752,37.416692]],[[-137.200752,37.416692],[-139.3658,36.1258],[-140.001808,35.696944]],[[-140.001808,35.696944],[-143.234777,33.516973]],[[-143.234777,33.516973],[-143.4391,33.3792],[-147.2592,30.5069],[-147.822549,30.040714]],[[-147.822549,30.040714],[-148.934724,29.120361]],[[-148.934724,29.120361],[-149.006221,29.061195]],[[-149.006221,29.061195],[-150.000493,28.238409]],[[-150.000493,28.238409],[-150.858,27.5288],[-154.235154,24.48959]],[[-154.235154,24.48959],[-154.2657,24.4621],[-157.5109,21.3217]]]},"properties":{}},{"type":"Feature","geometry":{"type":"MultiLineString","coordinates":[[[41.1,41.8],[40.68662,42.210718]],[[40.68662,42.210718],[39.4537,43.4357]]]},"properties":{}},{"type":"Feature","geometry":{"type":"LineString","coordinates":[[50,-50],[40,-50]]},"properties":{}},{"type":"Feature","geometry":{"type":"MultiLineString","coordinates":[[[50,-40],[48.503205,-41.676358]],[[48.503205,-41.676358],[45.437,-45.1104],[45.109226,-45.405174]],[[45.109226,-45.405174],[40,-50]]]},"properties":{}},{"type":"Feature","geometry":{"type":"LineString","coordinates":[[40,-40],[40.003,-45.0022],[40,-50]]},"properties":{}},{"type":"Feature","geometry":{"type":"MultiLineString","coordinates":[[[40,-40],[40.316034,-39.708348]],[[40.316034,-39.708348],[42.953026,-37.274802]],[[42.953026,-37.274802],[45.000024,-35.385732]],[[45.000024,-35.385732],[45.3052,-35.1041],[47.907599,-32.27482]],[[47.907599,-32.27482],[50,-30]]]},"properties":{}},{"type":"Feature","geometry":{"type":"MultiLineString","coordinates":[[[-125.0634,46.2167],[-129.455153,44.103293]],[[-129.455153,44.103293],[-130.002303,43.839993]],[[-130.002303,43.839993],[-130.3514,43.672],[-131.784839,42.852414]],[[-131.784839,42.852414],[-132.364781,42.520826]],[[-132.364781,42.520826],[-132.411296,42.49423]],[[-132.411296,42.49423],[-135.1938,40.9033],[-135.451074,40.73217]],[[-135.451074,40.73217],[-136.437523,40.076017]],[[-136.437523,40.076017],[-137.425836,39.418625]],[[-137.425836,39.418625],[-137.863399,39.127573]],[[-137.863399,39.127573],[-138.555676,38.667094]],[[-138.555676,38.667094],[-139.6369,37.9479],[-140.000978,37.671225]],[[-140.000978,37.671225],[-143.7299,34.8375],[-144.132769,34.493304]],[[-144.132769,34.493304],[-147.5208,31.5987],[-149.194215,30.015067]],[[-149.194215,30.015067],[-149.60472,29.626586]],[[-149.60472,29.626586],[-150.000209,29.252315]],[[-150.000209,29.252315],[-150.041671,29.213079]],[[-150.041671,29.213079],[-151.0547,28.2544],[-154.3725,24.8233],[-154.458957,24.726838]],[[-154.458957,24.726838],[-157.5109,21.3217]]]},"properties":{}},{"type":"Feature","geometry":{"type":"MultiLineString","coordinates":[[[40,-40],[40.00016,-39.61996]],[[40.00016,-39.61996],[40.001282,-36.949175]],[[40.001282,-36.949175],[40.0021,-35.0021],[40.001483,-33.531655]],[[40.001483,-33.531655],[40,-30]]]},"properties":{}},{"type":"Feature","geometry":{"type":"MultiLineString","coordinates":[[[40,-40],[44.7134,-45.0333],[45.109226,-45.405174]],[[45.109226,-45.405174],[50,-50]]]},"properties":{}},{"type":"Feature","geometry":{"type":"MultiLineString","coordinates":[[[50,-40],[44.9996,-40.1068],[41.643662,-40.035111]],[[41.643662,-40.035111],[40,-40]]]},"properties":{}},{"type":"Feature","geometry":{"type":"LineString","coordinates":[[48.1,-26.4],[44.1176,-28.2595],[40,-30]]},"properties":{}},{"type":"Feature","geometry":{"type":"LineString","coordinates":[[43,-26],[40,-30]]},"properties":{}},{"type":"Feature","geometry":{"type":"MultiLineString","coordinates":[[[-180,20],[-177.4063,17.5438],[-174.999755,15.170343]],[[-174.999755,15.170343],[-174.8825,15.0547],[-172.3689,12.7052],[-170,10]]]},"properties":{}},{"type":"Feature","geometry":{"type":"MultiLineString","coordinates":[[[50,-40],[47.359343,-37.563048]],[[47.359343,-37.563048],[45.000024,-35.385732]],[[45.000024,-35.385732],[44.6929,-35.1023],[42.877817,-33.128872]],[[42.877817,-33.128872],[40,-30]]]},"properties":{}},{"type":"Feature","geometry":{"type":"LineString","coordinates":[[50,-30],[44.9995,-30.0935],[40,-30]]},"properties":{}},{"type":"Feature","geometry":{"type":"LineString","coordinates":[[40,-6.5],[40.3,-4.2]]},"properties":{}},{"type":"Feature","geometry":{"type":"LineString","coordinates":[[40,-6.5],[40.1241,-5.5331],[40.3,-4.2]]},"properties":{}},{"type":"Feature","geometry":{"type":"LineString","coordinates":[[40,-6.5],[41,-10]]},"properties":{}},{"type":"Feature","geometry":{"type":"MultiLineString","coordinates":[[[40,-6.5],[44.496583,-8.106077]],[[44.496583,-8.106077],[44.9782,-8.2781]],[[44.9782,-8.2781],[50,-10]]]},"properties":{}},{"type":"Feature","geometry":{"type":"MultiLineString","coordinates":[[[-150.7582,58.6791],[-151.580389,56.055127]],[[-151.580389,56.055127],[-152.2082,54.0515],[-152.324419,53.583834]],[[-152.324419,53.583834],[-152.454508,53.060358]],[[-152.454508,53.060358],[-152.843103,51.496653]],[[-152.843103,51.496653],[-153.215035,50]],[[-153.215035,50],[-153.3626,49.4062],[-153.455505,48.950813]],[[-153.455505,48.950813],[-153.969812,46.429871]],[[-153.969812,46.429871],[-154.286537,44.8774]],[[-154.286537,44.8774],[-154.3131,44.7472],[-154.334791,44.621407]],[[-154.334791,44.621407],[-154.696968,42.520984]],[[-154.696968,42.520984],[-154.850126,41.632757]],[[-154.850126,41.632757],[-155.113685,40.104266]],[[-155.113685,40.104266],[-155.1183,40.0775],[-155.719726,36.049915]],[[-155.719726,36.049915],[-155.817,35.3985],[-155.948326,34.404905]],[[-155.948326,34.404905],[-156.4364,30.7122],[-156.513569,30.06519]],[[-156.513569,30.06519],[-156.570261,29.589868]],[[-156.570261,29.589868],[-156.873591,27.046656]],[[-156.873591,27.046656],[-156.9961,26.0195],[-157.506173,21.36484]],[[-157.506173,21.36484],[-157.5109,21.3217]]]},"properties":{}},{"type":"Feature","geometry":{"type":"MultiLineString","coordinates":[[[50,-0.00001],[47.058219,-1.280003]],[[47.058219,-1.280003],[45.1564,-2.1075],[40.3,-4.2]]]},"properties":{}},{"type":"Feature","geometry":{"type":"LineString","coordinates":[[43,-1],[40.3,-4.2]]},"properties":{}},{"type":"Feature","geometry":{"type":"LineString","coordinates":[[41,-10],[43,-12]]},"properties":{}},{"type":"Feature","geometry":{"type":"LineString","coordinates":[[41.2,16.3],[42,15]]},"properties":{}},{"type":"Feature","geometry":{"type":"MultiLineString","coordinates":[[[-156.7473,55.9408],[-154.3199,56.3092],[-152.972113,56.678406]],[[-152.972113,56.678406],[-151.9332,56.963]]]},"properties":{}},{"type":"Feature","geometry":{"type":"LineString","coordinates":[[41.7,-15],[45.2949,-14.0672],[45.6,-14]]},"properties":{}},{"type":"Feature","geometry":{"type":"LineString","coordinates":[[43,-12],[41.7,-15]]},"properties":{}},{"type":"Feature","geometry":{"type":"LineString","coordinates":[[41.7,-15],[41.8471,-19.0009],[42,-23]]},"properties":{}},{"type":"Feature","geometry":{"type":"LineString","coordinates":[[42,-23],[43,-26]]},"properties":{}},{"type":"Feature","geometry":{"type":"LineString","coordinates":[[42,15],[43.3,12.7]]},"properties":{}},{"type":"Feature","geometry":{"type":"LineString","coordinates":[[43.3,12.7],[42.4719,14.1826],[42,15]]},"properties":{}},{"type":"Feature","geometry":{"type":"LineString","coordinates":[[-152.8627,58.8961],[-155.4095,57.2774],[-155.9536,56.6296],[-156.7473,55.9408]]},"properties":{}},{"type":"Feature","geometry":{"type":"LineString","coordinates":[[43,-26],[48.1,-26.4]]},"properties":{}},{"type":"Feature","geometry":{"type":"LineString","coordinates":[[50,-10],[45.0625,-11.3948],[43,-12]]},"properties":{}},{"type":"Feature","geometry":{"type":"MultiLineString","coordinates":[[[43,-12],[44.496583,-8.106077]],[[44.496583,-8.106077],[44.6309,-7.7566],[46.2292,-3.5063],[47.058219,-1.280003]],[[47.058219,-1.280003],[47.812548,0.745717]],[[47.812548,0.745717],[47.8131,0.7472],[49.4,5]]]},"properties":{}},{"type":"Feature","geometry":{"type":"LineString","coordinates":[[45.6,1.5],[43,-1]]},"properties":{}},{"type":"Feature","geometry":{"type":"MultiLineString","coordinates":[[[44.9782,-8.2781],[50.000121,-2.019417]],[[50.000121,-2.019417],[50.955236,-0.829084]],[[50.955236,-0.829084],[51.620476,-0.000013]],[[51.620476,-0.000013],[53.18591,1.950943]],[[53.18591,1.950943],[56.3534,5.8985]]]},"properties":{}},{"type":"Feature","geometry":{"type":"LineString","coordinates":[[45,12],[44.9926,10.4868]]},"properties":{}},{"type":"Feature","geometry":{"type":"LineString","coordinates":[[45,12],[51,13]]},"properties":{}},{"type":"Feature","geometry":{"type":"LineString","coordinates":[[-150,20],[-155,20]]},"properties":{}},{"type":"Feature","geometry":{"type":"LineString","coordinates":[[45,12],[49.5581,14.1436],[54.2,16.2]]},"properties":{}},{"type":"Feature","geometry":{"type":"LineString","coordinates":[[45.6,-14],[45.9083,-13.6955],[50,-10]]},"properties":{}},{"type":"Feature","geometry":{"type":"LineString","coordinates":[[49.4,5],[45.6,1.5]]},"properties":{}},{"type":"Feature","geometry":{"type":"MultiLineString","coordinates":[[[45.6,1.5],[47.812548,0.745717]],[[47.812548,0.745717],[50,-0.00001]]]},"properties":{}},{"type":"Feature","geometry":{"type":"MultiLineString","coordinates":[[[-120,10],[-128.630894,11.437502]],[[-128.630894,11.437502],[-130.000266,11.665575]],[[-130.000266,11.665575],[-131.706946,11.949827]],[[-131.706946,11.949827],[-136.542646,12.755228]],[[-136.542646,12.755228],[-137.253896,12.873689]],[[-137.253896,12.873689],[-140.000533,13.331149]],[[-140.000533,13.331149],[-143.69669,13.946756]],[[-143.69669,13.946756],[-145.851034,14.305568]],[[-145.851034,14.305568],[-150.000799,14.996724]],[[-150.000799,14.996724],[-153.001462,15.496494]],[[-153.001462,15.496494],[-153.0015,15.4965]]]},"properties":{}},{"type":"Feature","geometry":{"type":"MultiLineString","coordinates":[[[48.1,-26.4],[53.809889,-23.097384]],[[53.809889,-23.097384],[55.638,-22.04],[58,-20.7]]]},"properties":{}},{"type":"Feature","geometry":{"type":"LineString","coordinates":[[50,-18],[49.0788,-22.204],[48.1,-26.4]]},"properties":{}},{"type":"Feature","geometry":{"type":"LineString","coordinates":[[48.1,-26.4],[49.4608,-20.4087],[50,-18]]},"properties":{}},{"type":"Feature","geometry":{"type":"LineString","coordinates":[[-149.0027,60.8358],[-149.0601,60.8771],[-149.1857,60.9034],[-149.3621,60.9083],[-149.6336,60.9635],[-150.0493,61.077],[-150.2411,61.0737],[-150.3938,61.1667],[-150.5245,61.1407],[-150.9334,61.0252],[-151.0683,60.96],[-151.5298,60.7838],[-151.7327,60.5269],[-151.9686,60.1958],[-152.0029,60.1508],[-152.2044,59.6814],[-152.2469,59.6383],[-152.3351,59.5286],[-152.8627,58.8961]]},"properties":{}},{"type":"Feature","geometry":{"type":"LineString","coordinates":[[48.1,-26.4],[50,-30]]},"properties":{}},{"type":"Feature","geometry":{"type":"LineString","coordinates":[[48.9,30.1],[48.3,29.1]]},"properties":{}},{"type":"Feature","geometry":{"type":"MultiLineString","coordinates":[[[48.3,29.1],[49.046281,28.218032]],[[49.046281,28.218032],[49.054017,28.208889]],[[49.054017,28.208889],[49.055412,28.207241]],[[49.055412,28.207241],[50.5,26.5]]]},"properties":{}},{"type":"Feature","geometry":{"type":"MultiLineString","coordinates":[[[49.0905,27.7799],[49.055412,28.207241]],[[49.055412,28.207241],[49.054902,28.213451]],[[49.054902,28.213451],[49.054796,28.214741]],[[49.054796,28.214741],[48.9,30.1]]]},"properties":{}},{"type":"Feature","geometry":{"type":"LineString","coordinates":[[-152.8627,58.8961],[-150.7582,58.6791]]},"properties":{}},{"type":"Feature","geometry":{"type":"LineString","coordinates":[[48.9,30.1],[50.1,28.6]]},"properties":{}},{"type":"Feature","geometry":{"type":"LineString","coordinates":[[52.3,11.6],[50.8379,8.3029],[49.4,5]]},"properties":{}},{"type":"Feature","geometry":{"type":"LineString","coordinates":[[49.4,5],[50,-0.00001]]},"properties":{}},{"type":"Feature","geometry":{"type":"LineString","coordinates":[[-152,57.5],[-151.9332,56.963]]},"properties":{}},{"type":"Feature","geometry":{"type":"LineString","coordinates":[[53.3394,36.9644],[49.4942,37.6287]]},"properties":{}},{"type":"Feature","geometry":{"type":"MultiLineString","coordinates":[[[55.3,-4.6],[53.91782,-6.020799]],[[53.91782,-6.020799],[52.6658,-7.3078],[50,-10]]]},"properties":{}},{"type":"Feature","geometry":{"type":"MultiLineString","coordinates":[[[72.4,19],[69.999382,16.139592]],[[69.999382,16.139592],[69.4177,15.4465],[68.801755,14.678599]],[[68.801755,14.678599],[67.182637,12.660039]],[[67.182637,12.660039],[66.5357,11.8535],[65.126773,10.035771]],[[65.126773,10.035771],[64.992809,9.862937]],[[64.992809,9.862937],[64.707692,9.495093]],[[64.707692,9.495093],[63.989529,8.568554]],[[63.989529,8.568554],[63.7282,8.2314],[62.906023,7.145333]],[[62.906023,7.145333],[60.9712,4.5895],[60.528485,3.996958]],[[60.528485,3.996958],[59.999803,3.289356]],[[59.999803,3.289356],[58.890657,1.804845]],[[58.890657,1.804845],[58.2421,0.9368],[57.544015,-0.00002]],[[57.544015,-0.00002],[55.5186,-2.7181],[54.576753,-3.97228]],[[54.576753,-3.97228],[53.822013,-4.977305]],[[53.822013,-4.977305],[52.7787,-6.3666],[50,-10]]]},"properties":{}},{"type":"Feature","geometry":{"type":"MultiLineString","coordinates":[[[50,-10],[50.0003,-5.0004],[50.000121,-2.019417]],[[50.000121,-2.019417],[50,-0.00001]]]},"properties":{}},{"type":"Feature","geometry":{"type":"LineString","coordinates":[[51,-15],[50,-10]]},"properties":{}},{"type":"Feature","geometry":{"type":"MultiLineString","coordinates":[[[-90.7731,9.0182],[-90.892686,9.039541]],[[-90.892686,9.039541],[-97.481215,10.215292]],[[-97.481215,10.215292],[-98.102691,10.326197]],[[-98.102691,10.326197],[-99.989801,10.66296]],[[-99.989801,10.66296],[-100.690055,10.787923]],[[-100.690055,10.787923],[-110.000392,12.449393]],[[-110.000392,12.449393],[-110.165966,12.47894]],[[-110.165966,12.47894],[-111.133745,12.651644]],[[-111.133745,12.651644],[-112.549268,12.90425]],[[-112.549268,12.90425],[-114.9793,13.3379],[-116.62097,13.519668]],[[-116.62097,13.519668],[-120.000623,13.893867]],[[-120.000623,13.893867],[-124.127927,14.350848]],[[-124.127927,14.350848],[-125.642318,14.518523]],[[-125.642318,14.518523],[-130.0008,15.0011]],[[-130.0008,15.0011],[-134.931946,15.237311]],[[-134.931946,15.237311],[-135.074585,15.244144]],[[-135.074585,15.244144],[-135.404841,15.259964]],[[-135.404841,15.259964],[-140.000723,15.480115]],[[-140.000723,15.480115],[-142.3573,15.593],[-144.591827,15.57274]],[[-144.591827,15.57274],[-145.40033,15.56541]],[[-145.40033,15.56541],[-150.000716,15.5237]],[[-150.000716,15.5237],[-153.001462,15.496494]],[[-153.001462,15.496494],[-153.003761,15.496473]],[[-153.003761,15.496473],[-154.684631,15.481233]],[[-154.684631,15.481233],[-156.3758,15.4659]],[[-156.3758,15.4659],[-158.793791,15.929976]],[[-158.793791,15.929976],[-159.308651,16.028791]],[[-159.308651,16.028791],[-160.526743,16.262574]],[[-160.526743,16.262574],[-162.838629,16.706285]],[[-162.838629,16.706285],[-167.458138,17.59289]],[[-167.458138,17.59289],[-170.000307,18.080798]],[[-170.000307,18.080798],[-171.684914,18.404118]],[[-171.684914,18.404118],[-180,20]]]},"properties":{}},{"type":"Feature","geometry":{"type":"MultiLineString","coordinates":[[[50,-10],[53.773245,-15.071032]],[[53.773245,-15.071032],[54.886062,-16.566596]],[[54.886062,-16.566596],[57.5172,-20.1027],[58,-20.7]]]},"properties":{}},{"type":"Feature","geometry":{"type":"MultiLineString","coordinates":[[[50,-10],[54.286051,-10.031461]],[[54.286051,-10.031461],[54.9998,-10.0367],[60,-10]]]},"properties":{}},{"type":"Feature","geometry":{"type":"LineString","coordinates":[[50,-50],[60,-50]]},"properties":{}},{"type":"Feature","geometry":{"type":"MultiLineString","coordinates":[[[60,-40],[57.271435,-43.055897]],[[57.271435,-43.055897],[55.437,-45.1104],[55.110866,-45.403698]],[[55.110866,-45.403698],[50,-50]]]},"properties":{}},{"type":"Feature","geometry":{"type":"MultiLineString","coordinates":[[[-150,50],[-150.308055,51.267807]],[[-150.308055,51.267807],[-150.618484,52.545381]],[[-150.618484,52.545381],[-150.843613,53.471906]],[[-150.843613,53.471906],[-150.9124,53.755],[-151.580389,56.055127]],[[-151.580389,56.055127],[-151.878658,57.082174]],[[-151.878658,57.082174],[-152,57.5]]]},"properties":{}},{"type":"Feature","geometry":{"type":"MultiLineString","coordinates":[[[50,-40],[50.001156,-41.927736]],[[50.001156,-41.927736],[50.003,-45.0022],[50,-50]]]},"properties":{}},{"type":"Feature","geometry":{"type":"MultiLineString","coordinates":[[[50,-40],[52.453259,-37.736012]],[[52.453259,-37.736012],[55.000024,-35.385732]],[[55.000024,-35.385732],[55.3052,-35.1041],[60,-30]]]},"properties":{}},{"type":"Feature","geometry":{"type":"MultiLineString","coordinates":[[[50,-40],[50.000951,-37.735853]],[[50.000951,-37.735853],[50.0021,-35.0021],[50.000771,-31.837267]],[[50.000771,-31.837267],[50,-30]]]},"properties":{}},{"type":"Feature","geometry":{"type":"MultiLineString","coordinates":[[[50,-40],[52.143376,-42.287232]],[[52.143376,-42.287232],[54.7157,-45.0322],[55.110866,-45.403698]],[[55.110866,-45.403698],[60,-50]]]},"properties":{}},{"type":"Feature","geometry":{"type":"LineString","coordinates":[[60,-40],[54.9996,-40.1068],[50,-40]]},"properties":{}},{"type":"Feature","geometry":{"type":"MultiLineString","coordinates":[[[-151.9332,56.963],[-151.878658,57.082174]],[[-151.878658,57.082174],[-151.611,57.667],[-151.5337,58.0096],[-151.1934,58.331],[-150.7582,58.6791]]]},"properties":{}},{"type":"Feature","geometry":{"type":"MultiLineString","coordinates":[[[58,-20.7],[54.972884,-24.402685]],[[54.972884,-24.402685],[54.1532,-25.4053],[50,-30]]]},"properties":{}},{"type":"Feature","geometry":{"type":"MultiLineString","coordinates":[[[60,-40],[57.523387,-37.714438]],[[57.523387,-37.714438],[55.000024,-35.385732]],[[55.000024,-35.385732],[54.6929,-35.1023],[51.411778,-31.534939]],[[51.411778,-31.534939],[50,-30]]]},"properties":{}},{"type":"Feature","geometry":{"type":"MultiLineString","coordinates":[[[60,-30],[57.364335,-30.049282]],[[57.364335,-30.049282],[54.9995,-30.0935],[50,-30]]]},"properties":{}},{"type":"Feature","geometry":{"type":"MultiLineString","coordinates":[[[50,-18],[53.773245,-15.071032]],[[53.773245,-15.071032],[54.683851,-14.364177]],[[54.683851,-14.364177],[55.0864,-14.0517],[60,-10]]]},"properties":{}},{"type":"Feature","geometry":{"type":"LineString","coordinates":[[50,-18],[51,-15]]},"properties":{}},{"type":"Feature","geometry":{"type":"MultiLineString","coordinates":[[[50,-18],[52.0407,-21.109],[53.809889,-23.097384]],[[53.809889,-23.097384],[54.6445,-24.0354],[54.972884,-24.402685]],[[54.972884,-24.402685],[57.3686,-27.0822],[59.490784,-29.435362]],[[59.490784,-29.435362],[60,-30]]]},"properties":{}},{"type":"Feature","geometry":{"type":"MultiLineString","coordinates":[[[50,-18],[53.9674,-19.3903],[55.181518,-19.784619]],[[55.181518,-19.784619],[58,-20.7]]]},"properties":{}},{"type":"Feature","geometry":{"type":"MultiLineString","coordinates":[[[50,-0.00001],[52.4763,2.512],[53.07862,3.119506]],[[53.07862,3.119506],[54.9621,5.0192],[56.170128,6.2239]],[[56.170128,6.2239],[57.133366,7.184484]],[[57.133366,7.184484],[57.4667,7.5169],[60,10]]]},"properties":{}},{"type":"Feature","geometry":{"type":"MultiLineString","coordinates":[[[55.3,-4.6],[54.576753,-3.97228]],[[54.576753,-3.97228],[53.656399,-3.173488]],[[53.656399,-3.173488],[52.6486,-2.2988],[50.955236,-0.829084]],[[50.955236,-0.829084],[50,-0.00001]]]},"properties":{}},{"type":"Feature","geometry":{"type":"MultiLineString","coordinates":[[[60,-0.00002],[57.544015,-0.00002]],[[57.544015,-0.00002],[55,-0.00002],[53.365033,-0.000017]],[[53.365033,-0.000017],[51.620476,-0.000013]],[[51.620476,-0.000013],[50,-0.00001]]]},"properties":{}},{"type":"Feature","geometry":{"type":"LineString","coordinates":[[50.5,26.5],[51.6,26.3]]},"properties":{}},{"type":"Feature","geometry":{"type":"MultiLineString","coordinates":[[[51,13],[54.187058,14.030876]],[[54.187058,14.030876],[56.2313,14.6921],[59.44496,15.644932]],[[59.44496,15.644932],[61.54,16.2661],[62.6071,16.551398]],[[62.6071,16.551398],[64.766386,17.128701]],[[64.766386,17.128701],[66.257926,17.527476]],[[66.257926,17.527476],[66.9294,17.707],[67.795105,17.911613]],[[67.795105,17.911613],[69.999749,18.43269]],[[69.999749,18.43269],[72.4,19]]]},"properties":{}},{"type":"Feature","geometry":{"type":"LineString","coordinates":[[51,13],[54.2,16.2]]},"properties":{}},{"type":"Feature","geometry":{"type":"LineString","coordinates":[[52.3,11.6],[51,13]]},"properties":{}},{"type":"Feature","geometry":{"type":"MultiLineString","coordinates":[[[51,13],[53.059021,12.577758]],[[53.059021,12.577758],[54.7085,12.2395],[58.3951,11.4317],[59.894005,11.083455]],[[59.894005,11.083455],[60.825733,10.866984]],[[60.825733,10.866984],[62.0601,10.5802],[64.303249,10.031585]],[[64.303249,10.031585],[64.698862,9.934828]],[[64.698862,9.934828],[64.992809,9.862937]],[[64.992809,9.862937],[65.7044,9.6889],[68.858995,8.881605]],[[68.858995,8.881605],[69.3291,8.7613],[69.671733,8.6701]],[[69.671733,8.6701],[69.999915,8.582747]],[[69.999915,8.582747],[70.817426,8.365148]],[[70.817426,8.365148],[70.84994,8.356493]],[[70.84994,8.356493],[72.9354,7.8014],[75.966807,6.966807]],[[75.966807,6.966807],[76.5251,6.8131],[80.1,5.8]]]},"properties":{}},{"type":"Feature","geometry":{"type":"LineString","coordinates":[[-140,-50],[-150,-50]]},"properties":{}},{"type":"Feature","geometry":{"type":"LineString","coordinates":[[51.6,26.3],[52.1,24.7]]},"properties":{}},{"type":"Feature","geometry":{"type":"LineString","coordinates":[[52.1,24.7],[53.8,24.7]]},"properties":{}},{"type":"Feature","geometry":{"type":"MultiLineString","coordinates":[[[52.3,11.6],[53.059021,12.577758]],[[53.059021,12.577758],[54.187058,14.030876]],[[54.187058,14.030876],[55.5809,15.8264],[59,20]]]},"properties":{}},{"type":"Feature","geometry":{"type":"MultiLineString","coordinates":[[[52.3,11.6],[54.6647,8.8968],[56.170128,6.2239]],[[56.170128,6.2239],[56.3534,5.8985]],[[56.3534,5.8985],[58.1852,2.9526],[58.890657,1.804845]],[[58.890657,1.804845],[60,-0.00002]]]},"properties":{}},{"type":"Feature","geometry":{"type":"MultiLineString","coordinates":[[[52.3,11.6],[54.8791,9.267],[57.133366,7.184484]],[[57.133366,7.184484],[57.4241,6.9159],[59.9438,4.5513],[59.99973,4.498272]],[[59.99973,4.498272],[60.528485,3.996958]],[[60.528485,3.996958],[62.291959,2.325]],[[62.291959,2.325],[62.4469,2.1781],[64.732936,-0.000011]],[[64.732936,-0.000011],[64.901577,-0.16069]],[[64.901577,-0.16069],[64.9421,-0.1993],[66.998946,-2.158083]],[[66.998946,-2.158083],[67.4381,-2.5763],[67.449371,-2.586972]],[[67.449371,-2.586972],[69.9434,-4.9485],[70.0003,-5.001776]],[[70.0003,-5.001776],[71.143256,-6.071941]],[[71.143256,-6.071941],[72.4667,-7.3111]]]},"properties":{}},{"type":"Feature","geometry":{"type":"LineString","coordinates":[[52.3,11.6],[56.1603,10.8228],[60,10]]},"properties":{}},{"type":"Feature","geometry":{"type":"MultiLineString","coordinates":[[[-150,-50],[-144.887637,-45.402353]],[[-144.887637,-45.402353],[-144.563,-45.1104],[-142.554936,-42.861438]],[[-142.554936,-42.861438],[-140,-40]]]},"properties":{}},{"type":"Feature","geometry":{"type":"LineString","coordinates":[[59,20],[54.2,16.2]]},"properties":{}},{"type":"Feature","geometry":{"type":"LineString","coordinates":[[55.3,-4.6],[60,-0.00002]]},"properties":{}},{"type":"Feature","geometry":{"type":"LineString","coordinates":[[55.3,-4.6],[57.6398,-7.2981],[60,-10]]},"properties":{}},{"type":"Feature","geometry":{"type":"LineString","coordinates":[[57.1,25.5],[59,24]]},"properties":{}},{"type":"Feature","geometry":{"type":"LineString","coordinates":[[57.1,25.5],[63.3,24.6]]},"properties":{}},{"type":"Feature","geometry":{"type":"LineString","coordinates":[[58,-20.7],[64.013,-20.4515],[70,-20]]},"properties":{}},{"type":"Feature","geometry":{"type":"LineString","coordinates":[[-150,-50],[-149.997,-45.0022],[-150,-40]]},"properties":{}},{"type":"Feature","geometry":{"type":"MultiLineString","coordinates":[[[58,-20.7],[61.1223,-18.0902],[64.1532,-15.4312],[64.732651,-14.901745]],[[64.732651,-14.901745],[67.1075,-12.7318],[70,-10]]]},"properties":{}},{"type":"Feature","geometry":{"type":"MultiLineString","coordinates":[[[58,-20.7],[63.938262,-14.090889]],[[63.938262,-14.090889],[64.052413,-13.963841]],[[64.052413,-13.963841],[64.097147,-13.914054]],[[64.097147,-13.914054],[67.59807,-10.017629]],[[67.59807,-10.017629],[68.731224,-8.756462]],[[68.731224,-8.756462],[70.000159,-7.344174]],[[70.000159,-7.344174],[71.143256,-6.071941]],[[71.143256,-6.071941],[71.799355,-5.341722]],[[71.799355,-5.341722],[72.84758,-4.175078]],[[72.84758,-4.175078],[76.598856,-0.000018]],[[76.598856,-0.000018],[77.754316,1.285975]],[[77.754316,1.285975],[79.102865,2.786871]],[[79.102865,2.786871],[81.9,5.9]]]},"properties":{}},{"type":"Feature","geometry":{"type":"LineString","coordinates":[[58,-20.7],[59.0261,-15.3536],[60,-10]]},"properties":{}},{"type":"Feature","geometry":{"type":"MultiLineString","coordinates":[[[58,-20.7],[58.963,-25.3546],[59.850755,-29.331435]],[[59.850755,-29.331435],[60,-30]]]},"properties":{}},{"type":"Feature","geometry":{"type":"MultiLineString","coordinates":[[[58,-20.7],[60.921,-23.0068],[63.8882,-25.3268],[64.470897,-25.776417]],[[64.470897,-25.776417],[66.312924,-27.197748]],[[66.312924,-27.197748],[66.9107,-27.659],[70,-30]]]},"properties":{}},{"type":"Feature","geometry":{"type":"MultiLineString","coordinates":[[[-120,-50],[-97.63403,-52.466307]],[[-97.63403,-52.466307],[-89.997156,-53.308428]],[[-89.997156,-53.308428],[-86.45022,-53.699551]],[[-86.45022,-53.699551],[-83.454373,-54.029904]],[[-83.454373,-54.029904],[-79.996208,-54.411238]],[[-79.996208,-54.411238],[-76.31593,-54.817064]],[[-76.31593,-54.817064],[-74.567924,-55.009817]],[[-74.567924,-55.009817],[-71.385,-55.3608]],[[-71.385,-55.3608],[-74.911991,-55.120293]],[[-74.911991,-55.120293],[-76.42491,-55.017126]],[[-76.42491,-55.017126],[-79.995896,-54.773618]],[[-79.995896,-54.773618],[-83.865677,-54.509736]],[[-83.865677,-54.509736],[-85.799354,-54.377877]],[[-85.799354,-54.377877],[-89.996483,-54.091673]],[[-89.996483,-54.091673],[-96.500241,-53.648178]],[[-96.500241,-53.648178],[-150,-50]]]},"properties":{}},{"type":"Feature","geometry":{"type":"LineString","coordinates":[[60.4,22.7],[59,24]]},"properties":{}},{"type":"Feature","geometry":{"type":"MultiLineString","coordinates":[[[70,20],[65.005269,20.076108]],[[65.005269,20.076108],[64.5005,20.0838]],[[64.5005,20.0838],[59,20]]]},"properties":{}},{"type":"Feature","geometry":{"type":"LineString","coordinates":[[60.4,22.7],[59,20]]},"properties":{}},{"type":"Feature","geometry":{"type":"MultiLineString","coordinates":[[[59,20],[59.44496,15.644932]],[[59.44496,15.644932],[59.5107,15.0015],[59.894005,11.083455]],[[59.894005,11.083455],[60,10]]]},"properties":{}},{"type":"Feature","geometry":{"type":"MultiLineString","coordinates":[[[59,20],[61.6475,17.284],[62.6071,16.551398]],[[62.6071,16.551398],[64.5965,15.0326]],[[64.5965,15.0326],[67.182637,12.660039]],[[67.182637,12.660039],[67.3246,12.5298],[70,10]]]},"properties":{}},{"type":"Feature","geometry":{"type":"MultiLineString","coordinates":[[[70,-40],[66.650664,-43.751213]],[[66.650664,-43.751213],[65.437,-45.1105],[65.109179,-45.40531]],[[65.109179,-45.40531],[60,-50]]]},"properties":{}},{"type":"Feature","geometry":{"type":"MultiLineString","coordinates":[[[60,-40],[60.001982,-43.304302]],[[60.001982,-43.304302],[60.003,-45.0022],[60,-50]]]},"properties":{}},{"type":"Feature","geometry":{"type":"LineString","coordinates":[[70,-50],[60,-50]]},"properties":{}},{"type":"Feature","geometry":{"type":"MultiLineString","coordinates":[[[70,-0.00003],[67.531634,-0.00002]],[[67.531634,-0.00002],[65,-0.00001],[64.898351,-0.00001]],[[64.898351,-0.00001],[64.732936,-0.000011]],[[64.732936,-0.000011],[60,-0.00002]]]},"properties":{}},{"type":"Feature","geometry":{"type":"MultiLineString","coordinates":[[[-150,-40],[-149.080267,-39.151225]],[[-149.080267,-39.151225],[-144.999976,-35.385732]],[[-144.999976,-35.385732],[-144.6948,-35.1041],[-141.995491,-32.169461]],[[-141.995491,-32.169461],[-140,-30]]]},"properties":{}},{"type":"Feature","geometry":{"type":"MultiLineString","coordinates":[[[60,-0.00002],[62.291959,2.325]],[[62.291959,2.325],[62.4763,2.512],[64.800833,4.856544]],[[64.800833,4.856544],[64.9621,5.0192],[65.000148,5.057143]],[[65.000148,5.057143],[67.295615,7.346286]],[[67.295615,7.346286],[67.4667,7.5169],[68.858995,8.881605]],[[68.858995,8.881605],[70,10]]]},"properties":{}},{"type":"Feature","geometry":{"type":"MultiLineString","coordinates":[[[60,-0.00002],[59.999803,3.289356]],[[59.999803,3.289356],[59.99973,4.498272]],[[59.99973,4.498272],[59.9997,5.0004],[60,10]]]},"properties":{}},{"type":"Feature","geometry":{"type":"LineString","coordinates":[[60,-10],[60.0002,-5.0004],[60,-0.00002]]},"properties":{}},{"type":"Feature","geometry":{"type":"MultiLineString","coordinates":[[[70,-10],[68.731224,-8.756462]],[[68.731224,-8.756462],[67.4663,-7.5167],[66.029828,-6.084242]],[[66.029828,-6.084242],[64.9999,-5.057193]],[[64.9999,-5.057193],[64.999898,-5.057191]],[[64.999898,-5.057191],[64.9616,-5.019]],[[64.9616,-5.019],[62.4761,-2.5119],[60,-0.00002]]]},"properties":{}},{"type":"Feature","geometry":{"type":"MultiLineString","coordinates":[[[60,-40],[62.832174,-37.38633]],[[62.832174,-37.38633],[65.000024,-35.385732]],[[65.000024,-35.385732],[65.3052,-35.1041],[70,-30]]]},"properties":{}},{"type":"Feature","geometry":{"type":"MultiLineString","coordinates":[[[60,-40],[60.00101,-37.596776]],[[60.00101,-37.596776],[60.0021,-35.0021],[60,-30]]]},"properties":{}},{"type":"Feature","geometry":{"type":"MultiLineString","coordinates":[[[60,-40],[63.382107,-43.6118]],[[63.382107,-43.6118],[64.7133,-45.0334],[65.109179,-45.40531]],[[65.109179,-45.40531],[70,-50]]]},"properties":{}},{"type":"Feature","geometry":{"type":"LineString","coordinates":[[70,-40],[64.9996,-40.1068],[60,-40]]},"properties":{}},{"type":"Feature","geometry":{"type":"MultiLineString","coordinates":[[[60,-30],[61.107776,-28.953503]],[[61.107776,-28.953503],[64.470897,-25.776417]],[[64.470897,-25.776417],[65.2028,-25.085],[70,-20]]]},"properties":{}},{"type":"Feature","geometry":{"type":"MultiLineString","coordinates":[[[70,-40],[66.83654,-37.080576]],[[66.83654,-37.080576],[65.000024,-35.385732]],[[65.000024,-35.385732],[64.6929,-35.1023],[60,-30]]]},"properties":{}},{"type":"Feature","geometry":{"type":"MultiLineString","coordinates":[[[-150,-40],[-149.999369,-38.628637]],[[-149.999369,-38.628637],[-149.9977,-35.0021],[-149.998137,-34.050845]],[[-149.998137,-34.050845],[-150,-30]]]},"properties":{}},{"type":"Feature","geometry":{"type":"LineString","coordinates":[[70,-30],[64.9995,-30.0935],[60,-30]]},"properties":{}},{"type":"Feature","geometry":{"type":"MultiLineString","coordinates":[[[60,-10],[62.5333,-7.5169],[64.95296,-5.104003]],[[64.95296,-5.104003],[64.999898,-5.057196]],[[64.999898,-5.057196],[64.9999,-5.057193]],[[64.9999,-5.057193],[65.0379,-5.0193],[66.708666,-3.334083]],[[66.708666,-3.334083],[67.449371,-2.586972]],[[67.449371,-2.586972],[67.5237,-2.512],[70,-0.00003]]]},"properties":{}},{"type":"Feature","geometry":{"type":"MultiLineString","coordinates":[[[60,-10],[62.4173,-12.5384],[63.938262,-14.090889]],[[63.938262,-14.090889],[64.029983,-14.184512]],[[64.029983,-14.184512],[64.030307,-14.184842]],[[64.030307,-14.184842],[64.732651,-14.901745]],[[64.732651,-14.901745],[64.8825,-15.0547],[67.4063,-17.5438],[70,-20]]]},"properties":{}},{"type":"Feature","geometry":{"type":"MultiLineString","coordinates":[[[70,-10],[67.59807,-10.017629]],[[67.59807,-10.017629],[65.054317,-10.0363]],[[65.054317,-10.0363],[64.9998,-10.0367],[64.451991,-10.032679]],[[64.451991,-10.032679],[60,-10]]]},"properties":{}},{"type":"Feature","geometry":{"type":"MultiLineString","coordinates":[[[60,10],[64.303249,10.031585]],[[64.303249,10.031585],[64.696861,10.034474]],[[64.696861,10.034474],[65.0002,10.0367],[65.126773,10.035771]],[[65.126773,10.035771],[70,10]]]},"properties":{}},{"type":"Feature","geometry":{"type":"MultiLineString","coordinates":[[[70,-0.00003],[68.025949,2.002586]],[[68.025949,2.002586],[67.5239,2.5119],[65.0384,5.019],[65.000148,5.057143]],[[65.000148,5.057143],[64.79265,5.264054]],[[64.79265,5.264054],[62.906023,7.145333]],[[62.906023,7.145333],[62.5336,7.5167],[60,10]]]},"properties":{}},{"type":"Feature","geometry":{"type":"MultiLineString","coordinates":[[[60,10],[63.8144,8.6333],[63.989529,8.568554]],[[63.989529,8.568554],[64.731807,8.294133]],[[64.731807,8.294133],[67.295615,7.346286]],[[67.295615,7.346286],[67.6015,7.2332],[69.170182,6.638183]],[[69.170182,6.638183],[69.999779,6.323508]],[[69.999779,6.323508],[71.3657,5.8054],[72.272843,5.454313]],[[72.272843,5.454313],[73.845613,4.845613]],[[73.845613,4.845613],[74.822653,4.467475]],[[74.822653,4.467475],[75.1112,4.3558],[78.8426,2.8901],[79.102865,2.786871]],[[79.102865,2.786871],[79.547661,2.610451]],[[79.547661,2.610451],[80.694211,2.155694]],[[80.694211,2.155694],[82.5647,1.4138],[86.112347,-0.00001]],[[86.112347,-0.00001],[86.2822,-0.0677],[88.903739,-1.112071]],[[88.903739,-1.112071],[90,-1.5488],[90.000075,-1.54895]],[[90.000075,-1.54895],[90.000093,-1.548986]],[[90.000093,-1.548986],[90.0001,-1.549],[92.506882,-2.543049]],[[92.506882,-2.543049],[93.4837,-2.9304]],[[93.4837,-2.9304],[96.716021,-4.200465]],[[96.716021,-4.200465],[96.9757,-4.3025],[99.947042,-5.453999]],[[99.947042,-5.453999],[100.4799,-5.6605],[104,-7]]]},"properties":{}},{"type":"Feature","geometry":{"type":"MultiLineString","coordinates":[[[60.4,22.7],[61.55539,23.45698]],[[61.55539,23.45698],[63.3,24.6]]]},"properties":{}},{"type":"Feature","geometry":{"type":"MultiLineString","coordinates":[[[-140,-50],[-144.887637,-45.402353]],[[-144.887637,-45.402353],[-145.2822,-45.0312],[-150,-40]]]},"properties":{}},{"type":"Feature","geometry":{"type":"LineString","coordinates":[[66.6,24.3],[63.3,24.6]]},"properties":{}},{"type":"Feature","geometry":{"type":"MultiLineString","coordinates":[[[70,10],[69.671733,8.6701]],[[69.671733,8.6701],[69.170182,6.638183]],[[69.170182,6.638183],[68.025949,2.002586]],[[68.025949,2.002586],[67.531634,-0.00002]],[[67.531634,-0.00002],[66.998946,-2.158083]],[[66.998946,-2.158083],[66.708666,-3.334083]],[[66.708666,-3.334083],[66.029828,-6.084242]],[[66.029828,-6.084242],[65.054317,-10.0363]],[[65.054317,-10.0363],[64.097147,-13.914054]],[[64.097147,-13.914054],[64.030307,-14.184842]],[[64.030307,-14.184842],[64.0297,-14.1873],[64.029983,-14.184512]],[[64.029983,-14.184512],[64.052413,-13.963841]],[[64.052413,-13.963841],[64.451991,-10.032679]],[[64.451991,-10.032679],[64.95296,-5.104003]],[[64.95296,-5.104003],[64.9616,-5.019]]]},"properties":{}},{"type":"Feature","geometry":{"type":"LineString","coordinates":[[67,22.3],[66.6,24.3]]},"properties":{}},{"type":"Feature","geometry":{"type":"MultiLineString","coordinates":[[[70,-40],[74.343022,-35.992046]],[[74.343022,-35.992046],[75.000024,-35.385732]],[[75.000024,-35.385732],[75.3052,-35.1041],[80,-30]]]},"properties":{}},{"type":"Feature","geometry":{"type":"MultiLineString","coordinates":[[[70,-40],[70.00142,-36.62163]],[[70.00142,-36.62163],[70.0021,-35.0021],[70,-30]]]},"properties":{}},{"type":"Feature","geometry":{"type":"MultiLineString","coordinates":[[[70,-40],[70.002282,-43.805502]],[[70.002282,-43.805502],[70.003,-45.0022],[70,-50]]]},"properties":{}},{"type":"Feature","geometry":{"type":"MultiLineString","coordinates":[[[70,-40],[73.588875,-43.829508]],[[73.588875,-43.829508],[74.7159,-45.0321],[75.111062,-45.403616]],[[75.111062,-45.403616],[80,-50]]]},"properties":{}},{"type":"Feature","geometry":{"type":"LineString","coordinates":[[80,-40],[74.9996,-40.1067],[70,-40]]},"properties":{}},{"type":"Feature","geometry":{"type":"MultiLineString","coordinates":[[[-150,-40],[-147.49331,-40.053547]],[[-147.49331,-40.053547],[-145.0004,-40.1068],[-140,-40]]]},"properties":{}},{"type":"Feature","geometry":{"type":"LineString","coordinates":[[72.4667,-7.3111],[70,-10]]},"properties":{}},{"type":"Feature","geometry":{"type":"MultiLineString","coordinates":[[[70,-0.00003],[70.0003,-5.0004],[70.0003,-5.001776]],[[70.0003,-5.001776],[70.000159,-7.344174]],[[70.000159,-7.344174],[70,-10]]]},"properties":{}},{"type":"Feature","geometry":{"type":"LineString","coordinates":[[70,-10],[70.0008,-15.0011],[70,-20]]},"properties":{}},{"type":"Feature","geometry":{"type":"MultiLineString","coordinates":[[[70,-10],[72.4173,-12.5384],[74.8825,-15.0547],[74.999806,-15.170393]],[[74.999806,-15.170393],[76.997736,-17.140854]],[[76.997736,-17.140854],[77.4063,-17.5438],[80,-20]]]},"properties":{}},{"type":"Feature","geometry":{"type":"MultiLineString","coordinates":[[[80,-10],[76.167517,-10.028129]],[[76.167517,-10.028129],[74.9998,-10.0367],[70,-10]]]},"properties":{}},{"type":"Feature","geometry":{"type":"LineString","coordinates":[[-170,40],[-174.9996,40.1067],[-180,40]]},"properties":{}},{"type":"Feature","geometry":{"type":"MultiLineString","coordinates":[[[70,20],[69.999749,18.43269]],[[69.999749,18.43269],[69.999382,16.139592]],[[69.999382,16.139592],[69.9992,15.0011],[69.999398,13.765698]],[[69.999398,13.765698],[70,10]]]},"properties":{}},{"type":"Feature","geometry":{"type":"LineString","coordinates":[[70,20],[72.4,19]]},"properties":{}},{"type":"Feature","geometry":{"type":"MultiLineString","coordinates":[[[80,-40],[76.745487,-43.645012]],[[76.745487,-43.645012],[75.437,-45.1105],[75.111062,-45.403616]],[[75.111062,-45.403616],[70,-50]]]},"properties":{}},{"type":"Feature","geometry":{"type":"LineString","coordinates":[[80,-50],[70,-50]]},"properties":{}},{"type":"Feature","geometry":{"type":"MultiLineString","coordinates":[[[70,-30],[74.999895,-25.276681]],[[74.999895,-25.276681],[75.2028,-25.085],[77.600719,-22.543222]],[[77.600719,-22.543222],[80,-20]]]},"properties":{}},{"type":"Feature","geometry":{"type":"MultiLineString","coordinates":[[[70,-30],[70.001174,-25.809188]],[[70.001174,-25.809188],[70.0014,-25.0017],[70,-20]]]},"properties":{}},{"type":"Feature","geometry":{"type":"MultiLineString","coordinates":[[[-150,-30],[-144.7972,-25.085],[-144.58134,-24.85619]],[[-144.58134,-24.85619],[-140,-20]]]},"properties":{}},{"type":"Feature","geometry":{"type":"MultiLineString","coordinates":[[[80,-40],[75.434762,-35.786933]],[[75.434762,-35.786933],[75.000024,-35.385732]],[[75.000024,-35.385732],[74.6929,-35.1023],[70,-30]]]},"properties":{}},{"type":"Feature","geometry":{"type":"LineString","coordinates":[[80,-30],[74.9995,-30.0935],[70,-30]]},"properties":{}},{"type":"Feature","geometry":{"type":"MultiLineString","coordinates":[[[70,-20],[76.997736,-17.140854]],[[76.997736,-17.140854],[78.9074,-16.3606],[80.000649,-15.94523]],[[80.000649,-15.94523],[82.853149,-14.861447]],[[82.853149,-14.861447],[84.194053,-14.351982]],[[84.194053,-14.351982],[86.761136,-13.376641]],[[86.761136,-13.376641],[88.4215,-12.7458],[90.000346,-12.163476]],[[90.000346,-12.163476],[91.524818,-11.601207]],[[91.524818,-11.601207],[95.782212,-10.030957]],[[95.782212,-10.030957],[98.869746,-8.892185]],[[98.869746,-8.892185],[99.98231,-8.48184]],[[99.98231,-8.48184],[104,-7]]]},"properties":{}},{"type":"Feature","geometry":{"type":"MultiLineString","coordinates":[[[80,-10],[78.415232,-11.663869]],[[78.415232,-11.663869],[77.5818,-12.5389],[75.1163,-15.0555],[74.999806,-15.170393]],[[74.999806,-15.170393],[72.5927,-17.5444],[70,-20]]]},"properties":{}},{"type":"Feature","geometry":{"type":"MultiLineString","coordinates":[[[80,-30],[74.999895,-25.276681]],[[74.999895,-25.276681],[74.7955,-25.0836],[73.944701,-24.181688]],[[73.944701,-24.181688],[70,-20]]]},"properties":{}},{"type":"Feature","geometry":{"type":"LineString","coordinates":[[70,-20],[74.9996,-20.0692],[80,-20]]},"properties":{}},{"type":"Feature","geometry":{"type":"LineString","coordinates":[[73,4],[70,-0.00003]]},"properties":{}},{"type":"Feature","geometry":{"type":"MultiLineString","coordinates":[[[70,-0.00003],[69.9997,5.0004],[69.999779,6.323508]],[[69.999779,6.323508],[69.999915,8.582747]],[[69.999915,8.582747],[70,10]]]},"properties":{}},{"type":"Feature","geometry":{"type":"MultiLineString","coordinates":[[[72.4667,-7.3111],[71.799355,-5.341722]],[[71.799355,-5.341722],[71.2283,-3.6565],[70,-0.00003]]]},"properties":{}},{"type":"Feature","geometry":{"type":"LineString","coordinates":[[-149.7,-17.4],[-149.8408,-23.7027],[-150,-30]]},"properties":{}},{"type":"Feature","geometry":{"type":"MultiLineString","coordinates":[[[73,4],[72.272843,5.454313]],[[72.272843,5.454313],[70.817426,8.365148]],[[70.817426,8.365148],[70,10]]]},"properties":{}},{"type":"Feature","geometry":{"type":"LineString","coordinates":[[75.3,9.7],[70,10]]},"properties":{}},{"type":"Feature","geometry":{"type":"MultiLineString","coordinates":[[[72.2716,73.7425],[76.2267,73.7178]],[[76.2267,73.7178],[78.424,73.2304],[78.8634,72.5846],[82.4669,71.9829]]]},"properties":{}},{"type":"Feature","geometry":{"type":"LineString","coordinates":[[73,15.3],[72.4,19]]},"properties":{}},{"type":"Feature","geometry":{"type":"MultiLineString","coordinates":[[[80,-0.00002],[76.2485,-3.6636],[72.476984,-7.301181]],[[72.476984,-7.301181],[72.4667,-7.3111]]]},"properties":{}},{"type":"Feature","geometry":{"type":"MultiLineString","coordinates":[[[81.9,5.9],[79.547661,2.610451]],[[79.547661,2.610451],[79.5389,2.5982],[78.360173,0.93903]],[[78.360173,0.93903],[77.693043,-0.000019]],[[77.693043,-0.000019],[77.19,-0.7081],[74.8378,-4.0131],[72.477607,-7.29593]],[[72.477607,-7.29593],[72.4667,-7.3111]]]},"properties":{}},{"type":"Feature","geometry":{"type":"MultiLineString","coordinates":[[[72.4667,-7.3111],[72.475079,-7.317252]],[[72.475079,-7.317252],[76.167517,-10.028129]],[[76.167517,-10.028129],[76.7529,-10.4579],[78.415232,-11.663869]],[[78.415232,-11.663869],[80.00045,-12.813894]],[[80.00045,-12.813894],[81.0901,-13.6044],[82.853149,-14.861447]],[[82.853149,-14.861447],[84.280892,-15.879421]],[[84.280892,-15.879421],[85.4977,-16.747]],[[85.4977,-16.747],[86.98974,-17.784078]],[[86.98974,-17.784078],[86.989745,-17.784081]],[[86.989745,-17.784081],[89.509476,-19.53548]],[[89.509476,-19.53548],[90,-19.87643]],[[90,-19.87643],[90.00002,-19.876444]],[[90.00002,-19.876444],[90.0001,-19.8765],[90.074652,-19.926511]],[[90.074652,-19.926511],[90.076373,-19.927665]],[[90.076373,-19.927665],[90.188084,-20.002603]],[[90.188084,-20.002603],[95.7896,-23.7602]],[[95.7896,-23.7602],[96.206444,-24.021144]],[[96.206444,-24.021144],[100.001009,-26.396546]],[[100.001009,-26.396546],[101.751803,-27.492544]],[[101.751803,-27.492544],[101.8471,-27.5522],[103.394106,-28.425284]],[[103.394106,-28.425284],[107.357244,-30.661959]],[[107.357244,-30.661959],[108.2647,-31.1741],[115.133,-34.533]]]},"properties":{}},{"type":"Feature","geometry":{"type":"MultiLineString","coordinates":[[[115.133,-34.533],[108.2647,-31.1741],[107.357244,-30.661959]],[[107.357244,-30.661959],[103.394106,-28.425284]],[[103.394106,-28.425284],[101.8471,-27.5522],[101.751803,-27.492544]],[[101.751803,-27.492544],[100.001009,-26.396546]],[[100.001009,-26.396546],[96.206444,-24.021144]],[[96.206444,-24.021144],[95.7896,-23.7602]],[[95.7896,-23.7602],[90.187691,-20.002598]],[[90.187691,-20.002598],[90.07621,-19.92782]],[[90.07621,-19.92782],[90.074493,-19.926668]],[[90.074493,-19.926668],[90.00002,-19.876713]],[[90.00002,-19.876713],[90,-19.8767],[90,-19.87643]],[[90,-19.87643],[90,-19.8764],[89.509368,-19.535378]],[[89.509368,-19.535378],[86.989753,-17.784076]],[[86.989753,-17.784076],[86.989748,-17.784073]],[[86.989748,-17.784073],[85.4977,-16.747]],[[85.4977,-16.747],[84.280892,-15.879421]],[[84.280892,-15.879421],[82.853149,-14.861447]],[[82.853149,-14.861447],[81.0901,-13.6044],[80.00045,-12.813894]],[[80.00045,-12.813894],[78.415232,-11.663869]],[[78.415232,-11.663869],[76.7529,-10.4579],[76.167517,-10.028129]],[[76.167517,-10.028129],[72.475079,-7.317252]],[[72.475079,-7.317252],[72.4667,-7.3111]]]},"properties":{}},{"type":"Feature","geometry":{"type":"MultiLineString","coordinates":[[[72.4667,-7.3111],[72.475433,-7.314267]],[[72.475433,-7.314267],[76.2202,-8.6722],[80,-10]]]},"properties":{}},{"type":"Feature","geometry":{"type":"MultiLineString","coordinates":[[[80.1,5.8],[76.5453,4.9093],[74.822653,4.467475]],[[74.822653,4.467475],[73,4]]]},"properties":{}},{"type":"Feature","geometry":{"type":"MultiLineString","coordinates":[[[-150,-30],[-146.829843,-33.446715]],[[-146.829843,-33.446715],[-145.3071,-35.1023],[-144.999976,-35.385732]],[[-144.999976,-35.385732],[-140,-40]]]},"properties":{}},{"type":"Feature","geometry":{"type":"MultiLineString","coordinates":[[[80,-0.00002],[78.360173,0.93903]],[[78.360173,0.93903],[77.754316,1.285975]],[[77.754316,1.285975],[76.5036,2.0022],[73,4]]]},"properties":{}},{"type":"Feature","geometry":{"type":"LineString","coordinates":[[74.3,12.4],[73,15.3]]},"properties":{}},{"type":"Feature","geometry":{"type":"LineString","coordinates":[[75.3,9.7],[74.3,12.4]]},"properties":{}},{"type":"Feature","geometry":{"type":"LineString","coordinates":[[77,8],[75.3,9.7]]},"properties":{}},{"type":"Feature","geometry":{"type":"LineString","coordinates":[[80.1,5.8],[77,8]]},"properties":{}},{"type":"Feature","geometry":{"type":"LineString","coordinates":[[80,-50],[90,-50]]},"properties":{}},{"type":"Feature","geometry":{"type":"MultiLineString","coordinates":[[[90,-40],[87.728594,-42.543896]],[[87.728594,-42.543896],[87.72852,-42.543978]],[[87.72852,-42.543978],[85.437,-45.1104],[85.110624,-45.403916]],[[85.110624,-45.403916],[80,-50]]]},"properties":{}},{"type":"Feature","geometry":{"type":"MultiLineString","coordinates":[[[80,-40],[80.002072,-43.454672]],[[80.002072,-43.454672],[80.003,-45.0022],[80,-50]]]},"properties":{}},{"type":"Feature","geometry":{"type":"MultiLineString","coordinates":[[[80,-40],[85.000024,-35.385732]],[[85.000024,-35.385732],[85.3052,-35.1041],[87.383851,-32.844228]],[[87.383851,-32.844228],[87.383956,-32.844114]],[[87.383956,-32.844114],[90,-30]]]},"properties":{}},{"type":"Feature","geometry":{"type":"LineString","coordinates":[[-140,-30],[-145.0005,-30.0935],[-150,-30]]},"properties":{}},{"type":"Feature","geometry":{"type":"MultiLineString","coordinates":[[[80,-40],[80.0021,-35.0021],[80.002014,-34.796541]],[[80.002014,-34.796541],[80,-30]]]},"properties":{}},{"type":"Feature","geometry":{"type":"MultiLineString","coordinates":[[[80,-40],[82.981159,-43.181572]],[[82.981159,-43.181572],[82.981172,-43.181585]],[[82.981172,-43.181585],[84.7154,-45.0324],[85.110624,-45.403916]],[[85.110624,-45.403916],[90,-50]]]},"properties":{}},{"type":"Feature","geometry":{"type":"LineString","coordinates":[[90,-40],[84.9996,-40.1068],[80,-40]]},"properties":{}},{"type":"Feature","geometry":{"type":"MultiLineString","coordinates":[[[80,-30],[84.999895,-25.276681]],[[84.999895,-25.276681],[85.2028,-25.085],[90,-20]]]},"properties":{}},{"type":"Feature","geometry":{"type":"MultiLineString","coordinates":[[[80,-30],[80.0014,-25.0017],[80.000395,-21.409572]],[[80.000395,-21.409572],[80,-20]]]},"properties":{}},{"type":"Feature","geometry":{"type":"MultiLineString","coordinates":[[[90,-40],[85.000024,-35.385732]],[[85.000024,-35.385732],[84.6929,-35.1023],[83.619349,-33.935094]],[[83.619349,-33.935094],[83.619336,-33.93508]],[[83.619336,-33.93508],[80,-30]]]},"properties":{}},{"type":"Feature","geometry":{"type":"LineString","coordinates":[[90,-30],[84.9995,-30.0935],[80,-30]]},"properties":{}},{"type":"Feature","geometry":{"type":"MultiLineString","coordinates":[[[90,-10],[87.5819,-12.5389],[86.761136,-13.376641]],[[86.761136,-13.376641],[85.1163,-15.0555],[84.999806,-15.170393]],[[84.999806,-15.170393],[84.280892,-15.879421]],[[84.280892,-15.879421],[82.5927,-17.5444],[80,-20]]]},"properties":{}},{"type":"Feature","geometry":{"type":"MultiLineString","coordinates":[[[80,-10],[80.00045,-12.813894]],[[80.00045,-12.813894],[80.0008,-15.0011],[80.000649,-15.94523]],[[80.000649,-15.94523],[80,-20]]]},"properties":{}},{"type":"Feature","geometry":{"type":"MultiLineString","coordinates":[[[90,-30],[84.999895,-25.276681]],[[84.999895,-25.276681],[84.7955,-25.0836],[80.903432,-20.957707]],[[80.903432,-20.957707],[80,-20]]]},"properties":{}},{"type":"Feature","geometry":{"type":"MultiLineString","coordinates":[[[-150,-10],[-147.4667,-7.5169],[-146.259689,-6.313262]],[[-146.259689,-6.313262],[-145.000099,-5.057193]],[[-145.000099,-5.057193],[-144.9621,-5.0193],[-143.614346,-3.659889]],[[-143.614346,-3.659889],[-142.4763,-2.512],[-140.716633,-0.726972]],[[-140.716633,-0.726972],[-140,-0.00001]]]},"properties":{}},{"type":"Feature","geometry":{"type":"MultiLineString","coordinates":[[[90,-20],[84.9996,-20.0692],[82.741545,-20.037946]],[[82.741545,-20.037946],[80,-20]]]},"properties":{}},{"type":"Feature","geometry":{"type":"MultiLineString","coordinates":[[[90,-0.00001],[88.903739,-1.112071]],[[88.903739,-1.112071],[87.5237,-2.512],[85.0379,-5.0193],[84.9999,-5.057192]],[[84.9999,-5.057192],[82.5332,-7.5169],[80,-10]]]},"properties":{}},{"type":"Feature","geometry":{"type":"LineString","coordinates":[[80,-0.00002],[80.0003,-5.0004],[80,-10]]},"properties":{}},{"type":"Feature","geometry":{"type":"MultiLineString","coordinates":[[[80,-10],[82.4173,-12.5384],[84.194053,-14.351982]],[[84.194053,-14.351982],[84.8825,-15.0547],[84.999806,-15.170393]],[[84.999806,-15.170393],[87.4063,-17.5438],[87.410917,-17.548172]],[[87.410917,-17.548172],[87.410925,-17.54818]],[[87.410925,-17.54818],[89.509368,-19.535378]],[[89.509368,-19.535378],[89.509476,-19.53548]],[[89.509476,-19.53548],[90,-20]]]},"properties":{}},{"type":"Feature","geometry":{"type":"LineString","coordinates":[[90,-10],[84.9998,-10.0367],[80,-10]]},"properties":{}},{"type":"Feature","geometry":{"type":"MultiLineString","coordinates":[[[90,-0.00001],[86.112347,-0.00001]],[[86.112347,-0.00001],[85,-0.00001],[80,-0.00002]]]},"properties":{}},{"type":"Feature","geometry":{"type":"MultiLineString","coordinates":[[[80,-0.00002],[80.694211,2.155694]],[[80.694211,2.155694],[81.9,5.9]]]},"properties":{}},{"type":"Feature","geometry":{"type":"MultiLineString","coordinates":[[[80,-0.00002],[82.4761,-2.5119],[84.9616,-5.019],[84.9999,-5.057192]],[[84.9999,-5.057192],[87.4664,-7.5167],[90,-10]]]},"properties":{}},{"type":"Feature","geometry":{"type":"LineString","coordinates":[[80.1,5.8],[81.9,5.9]]},"properties":{}},{"type":"Feature","geometry":{"type":"MultiLineString","coordinates":[[[-150,-10],[-149.999879,-6.982332]],[[-149.999879,-6.982332],[-149.9998,-5.0004],[-150,-0.00003]]]},"properties":{}},{"type":"Feature","geometry":{"type":"LineString","coordinates":[[82,16],[81,13]]},"properties":{}},{"type":"Feature","geometry":{"type":"LineString","coordinates":[[81,13],[82.25,7.25]]},"properties":{}},{"type":"Feature","geometry":{"type":"MultiLineString","coordinates":[[[81,13],[83.978619,11.556515]],[[83.978619,11.556515],[84.776876,11.169668]],[[84.776876,11.169668],[85.694628,10.724911]],[[85.694628,10.724911],[94,6.7]]]},"properties":{}},{"type":"Feature","geometry":{"type":"LineString","coordinates":[[81.9,5.9],[85.9479,6.1983],[90,6.4664],[94,6.7]]},"properties":{}},{"type":"Feature","geometry":{"type":"LineString","coordinates":[[81.9,5.9],[82.25,7.25]]},"properties":{}},{"type":"Feature","geometry":{"type":"LineString","coordinates":[[82.25,7.25],[81.9556,6.1175],[81.9,5.9]]},"properties":{}},{"type":"Feature","geometry":{"type":"LineString","coordinates":[[90,-0.00001],[85.9563,2.95],[81.9,5.9]]},"properties":{}},{"type":"Feature","geometry":{"type":"MultiLineString","coordinates":[[[88,21],[84.9566,18.5238],[83.656463,17.413983]],[[83.656463,17.413983],[82,16]]]},"properties":{}},{"type":"Feature","geometry":{"type":"MultiLineString","coordinates":[[[88,13],[86.454873,13.772563]],[[86.454873,13.772563],[85.155655,14.422172]],[[85.155655,14.422172],[82,16]]]},"properties":{}},{"type":"Feature","geometry":{"type":"MultiLineString","coordinates":[[[88,13],[85.694628,10.724911]],[[85.694628,10.724911],[85.0995,10.1376],[82.25,7.25]]]},"properties":{}},{"type":"Feature","geometry":{"type":"MultiLineString","coordinates":[[[91.6295,21.7994],[89.727407,18.84889]],[[89.727407,18.84889],[87.079924,14.742137]],[[87.079924,14.742137],[86.454873,13.772563]],[[86.454873,13.772563],[84.776876,11.169668]],[[84.776876,11.169668],[82.25,7.25]]]},"properties":{}},{"type":"Feature","geometry":{"type":"MultiLineString","coordinates":[[[88,21],[86.491,17.5782],[85.735114,15.791697]],[[85.735114,15.791697],[85.155655,14.422172]],[[85.155655,14.422172],[85.038,14.1441],[83.978619,11.556515]],[[83.978619,11.556515],[83.6282,10.7006],[82.25,7.25]]]},"properties":{}},{"type":"Feature","geometry":{"type":"LineString","coordinates":[[-149.7,-17.4],[-149.8519,-13.7006],[-150,-10]]},"properties":{}},{"type":"Feature","geometry":{"type":"MultiLineString","coordinates":[[[83.3898,17.6221],[83.656463,17.413983]],[[83.656463,17.413983],[85.735114,15.791697]],[[85.735114,15.791697],[87.079924,14.742137]],[[87.079924,14.742137],[88.973316,13.264437]],[[88.973316,13.264437],[97,7]]]},"properties":{}},{"type":"Feature","geometry":{"type":"MultiLineString","coordinates":[[[93.3,14.4],[90,13.5432],[90.0001,13.5434],[88.973316,13.264437]],[[88.973316,13.264437],[88,13]]]},"properties":{}},{"type":"Feature","geometry":{"type":"LineString","coordinates":[[94,6.7],[90.0001,10.9397],[88,13]]},"properties":{}},{"type":"Feature","geometry":{"type":"LineString","coordinates":[[88,21],[90,21.674]]},"properties":{}},{"type":"Feature","geometry":{"type":"MultiLineString","coordinates":[[[93.3,14.4],[89.727407,18.84889]],[[89.727407,18.84889],[88,21]]]},"properties":{}},{"type":"Feature","geometry":{"type":"MultiLineString","coordinates":[[[90,-40],[90.001387,-42.238844]],[[90.001387,-42.238844],[90.001388,-42.238924]],[[90.001388,-42.238924],[90.0031,-45.0022],[90,-50]]]},"properties":{}},{"type":"Feature","geometry":{"type":"MultiLineString","coordinates":[[[90,-40],[90.0021,-35.0021],[90.000876,-32.086084]],[[90.000876,-32.086084],[90.000876,-32.08602]],[[90.000876,-32.08602],[90,-30]]]},"properties":{}},{"type":"Feature","geometry":{"type":"LineString","coordinates":[[90,-30],[90.0014,-25.0017],[90,-20]]},"properties":{}},{"type":"Feature","geometry":{"type":"MultiLineString","coordinates":[[[90,-10],[90.000346,-12.163476]],[[90.000346,-12.163476],[90.0008,-15.0011],[90.000624,-16.09783]],[[90.000624,-16.09783],[90.000624,-16.097879]],[[90.000624,-16.097879],[90.000624,-16.097889]],[[90.000624,-16.097889],[90.00002,-19.876444]],[[90.00002,-19.876444],[90.00002,-19.876713]],[[90.00002,-19.876713],[90,-20]]]},"properties":{}},{"type":"Feature","geometry":{"type":"MultiLineString","coordinates":[[[-150,-10],[-147.5827,-12.5384],[-147.51119,-12.611392]],[[-147.51119,-12.611392],[-145.714788,-14.445031]],[[-145.714788,-14.445031],[-145.1175,-15.0547],[-144.147271,-16.011589]],[[-144.147271,-16.011589],[-142.5937,-17.5438],[-140,-20]]]},"properties":{}},{"type":"Feature","geometry":{"type":"MultiLineString","coordinates":[[[90,-0.00001],[90,-0.00003]],[[90,-0.00003],[90,-0.00003]],[[90,-0.00003],[90,-0.00003]],[[90,-0.00003],[90.000093,-1.548914]],[[90.000093,-1.548914],[90.000093,-1.548986]],[[90.000093,-1.548986],[90.000093,-1.549137]],[[90.000093,-1.549137],[90.0003,-5.0004],[90,-10]]]},"properties":{}},{"type":"Feature","geometry":{"type":"LineString","coordinates":[[90,-0.00001],[90,-0.00003]]},"properties":{}},{"type":"Feature","geometry":{"type":"LineString","coordinates":[[100,-50],[90,-50]]},"properties":{}},{"type":"Feature","geometry":{"type":"MultiLineString","coordinates":[[[100,-40],[95.437,-45.1104],[95.112073,-45.402613]],[[95.112073,-45.402613],[90,-50]]]},"properties":{}},{"type":"Feature","geometry":{"type":"MultiLineString","coordinates":[[[90,-40],[95.000024,-35.385732]],[[95.000024,-35.385732],[95.3052,-35.1041],[100,-30]]]},"properties":{}},{"type":"Feature","geometry":{"type":"MultiLineString","coordinates":[[[90,-40],[91.769284,-41.887052]],[[91.769284,-41.887052],[91.769326,-41.887096]],[[91.769326,-41.887096],[94.7174,-45.0314],[95.112073,-45.402613]],[[95.112073,-45.402613],[100,-50]]]},"properties":{}},{"type":"Feature","geometry":{"type":"LineString","coordinates":[[90,-40],[94.9996,-40.1068],[100,-40]]},"properties":{}},{"type":"Feature","geometry":{"type":"MultiLineString","coordinates":[[[90,-30],[94.999895,-25.276681]],[[94.999895,-25.276681],[95.2028,-25.085],[96.206444,-24.021144]],[[96.206444,-24.021144],[100,-20]]]},"properties":{}},{"type":"Feature","geometry":{"type":"MultiLineString","coordinates":[[[90,-30],[91.440502,-31.566168]],[[91.440502,-31.566168],[91.440536,-31.566206]],[[91.440536,-31.566206],[94.6929,-35.1023],[95.000024,-35.385732]],[[95.000024,-35.385732],[100,-40]]]},"properties":{}},{"type":"Feature","geometry":{"type":"MultiLineString","coordinates":[[[100,-30],[95.547151,-30.08326]],[[95.547151,-30.08326],[95.547121,-30.083261]],[[95.547121,-30.083261],[94.9995,-30.0935],[90,-30]]]},"properties":{}},{"type":"Feature","geometry":{"type":"MultiLineString","coordinates":[[[-140,-10],[-145.0002,-10.0367],[-146.362614,-10.026699]],[[-146.362614,-10.026699],[-150,-10]]]},"properties":{}},{"type":"Feature","geometry":{"type":"MultiLineString","coordinates":[[[100,-10],[97.5819,-12.5389],[95.1163,-15.0555],[94.999806,-15.170393]],[[94.999806,-15.170393],[92.5927,-17.5444],[90.076373,-19.927665]],[[90.076373,-19.927665],[90.07621,-19.92782]],[[90.07621,-19.92782],[90,-20]]]},"properties":{}},{"type":"Feature","geometry":{"type":"MultiLineString","coordinates":[[[100,-10],[97.1196,-12.9913],[94.95296,-15.124191]],[[94.95296,-15.124191],[90.074652,-19.926511]],[[90.074652,-19.926511],[90.074493,-19.926668]],[[90.074493,-19.926668],[90,-20]]]},"properties":{}},{"type":"Feature","geometry":{"type":"MultiLineString","coordinates":[[[100,-30],[98.721447,-28.792222]],[[98.721447,-28.792222],[94.999895,-25.276681]],[[94.999895,-25.276681],[94.7955,-25.0836],[90,-20]]]},"properties":{}},{"type":"Feature","geometry":{"type":"MultiLineString","coordinates":[[[90,-20],[90.187691,-20.002598]],[[90.187691,-20.002598],[90.188084,-20.002603]],[[90.188084,-20.002603],[94.9996,-20.0692],[100,-20]]]},"properties":{}},{"type":"Feature","geometry":{"type":"MultiLineString","coordinates":[[[99.9,-1.4],[96.716021,-4.200465]],[[96.716021,-4.200465],[95.347681,-5.403987]],[[95.347681,-5.403987],[94.9868,-5.7214],[90,-10]]]},"properties":{}},{"type":"Feature","geometry":{"type":"MultiLineString","coordinates":[[[90,-10],[91.524818,-11.601207]],[[91.524818,-11.601207],[92.4173,-12.5384],[93.689762,-13.837238]],[[93.689762,-13.837238],[93.735063,-13.883479]],[[93.735063,-13.883479],[93.735073,-13.883489]],[[93.735073,-13.883489],[94.8825,-15.0547],[94.95296,-15.124191]],[[94.95296,-15.124191],[94.999806,-15.170393]],[[94.999806,-15.170393],[97.4063,-17.5438],[100,-20]]]},"properties":{}},{"type":"Feature","geometry":{"type":"MultiLineString","coordinates":[[[100,-10],[95.782212,-10.030957]],[[95.782212,-10.030957],[94.9998,-10.0367],[90,-10]]]},"properties":{}},{"type":"Feature","geometry":{"type":"MultiLineString","coordinates":[[[90,-0.00003],[90,-0.00003]],[[90,-0.00003],[91.9932,3.3521],[94,6.7]]]},"properties":{}},{"type":"Feature","geometry":{"type":"MultiLineString","coordinates":[[[90,-0.00003],[90,-0.00003]],[[90,-0.00003],[92.476,-2.5119],[92.506882,-2.543049]],[[92.506882,-2.543049],[92.506946,-2.543113]],[[92.506946,-2.543113],[94.9616,-5.019],[95.347681,-5.403987]],[[95.347681,-5.403987],[97.4664,-7.5167],[98.869746,-8.892185]],[[98.869746,-8.892185],[100,-10]]]},"properties":{}},{"type":"Feature","geometry":{"type":"MultiLineString","coordinates":[[[90,-0.00003],[90,-0.00003]],[[90,-0.00003],[94.9492,-0.7025],[99.9,-1.4]]]},"properties":{}},{"type":"Feature","geometry":{"type":"LineString","coordinates":[[90,21.674],[91,22]]},"properties":{}},{"type":"Feature","geometry":{"type":"MultiLineString","coordinates":[[[-140,-0.00001],[-141.32923,-0.000015]],[[-141.32923,-0.000015],[-142.059079,-0.000018]],[[-142.059079,-0.000018],[-145,-0.00003],[-150,-0.00003]]]},"properties":{}},{"type":"Feature","geometry":{"type":"MultiLineString","coordinates":[[[100,-10],[95.0611,-13.0972]],[[95.0611,-13.0972],[93.735073,-13.883489]],[[93.735073,-13.883489],[90.000624,-16.097889]],[[90.000624,-16.097889],[90.0001,-16.0982]]]},"properties":{}},{"type":"Feature","geometry":{"type":"MultiLineString","coordinates":[[[100,-10],[96.7826,-11.942],[93.689762,-13.837238]],[[93.689762,-13.837238],[90.00309,-16.096368]],[[90.00309,-16.096368],[90.000624,-16.097879]],[[90.000624,-16.097879],[90.0001,-16.0982]]]},"properties":{}},{"type":"Feature","geometry":{"type":"MultiLineString","coordinates":[[[104,-7],[100.4799,-5.6605],[99.947042,-5.453999]],[[99.947042,-5.453999],[96.9757,-4.3025],[96.716021,-4.200465]],[[96.716021,-4.200465],[93.4837,-2.9304]],[[93.4837,-2.9304],[92.506946,-2.543113]],[[92.506946,-2.543113],[90.000093,-1.549137]],[[90.000093,-1.549137],[90,-1.5491],[90.000075,-1.54895]],[[90.000075,-1.54895],[90.000093,-1.548914]],[[90.000093,-1.548914],[90.0001,-1.5489]]]},"properties":{}},{"type":"Feature","geometry":{"type":"LineString","coordinates":[[93.3,14.4],[92,20]]},"properties":{}},{"type":"Feature","geometry":{"type":"MultiLineString","coordinates":[[[-140,40],[-144.8826,40.7555],[-148.927788,41.20084]],[[-148.927788,41.20084],[-149.8621,41.3037],[-150.000787,41.312849]],[[-150.000787,41.312849],[-151.3126,41.399388]],[[-151.3126,41.399388],[-154.850126,41.632757]],[[-154.850126,41.632757],[-154.9099,41.6367],[-158.468421,41.715315]],[[-158.468421,41.715315],[-159.9932,41.749],[-160.001049,41.748829]],[[-160.001049,41.748829],[-160.413881,41.739849]],[[-160.413881,41.739849],[-165.0775,41.6384],[-168.752681,41.396954]],[[-168.752681,41.396954],[-169.524375,41.346256]],[[-169.524375,41.346256],[-170.128,41.3066],[-175.1119,40.758],[-180,40]]]},"properties":{}},{"type":"Feature","geometry":{"type":"LineString","coordinates":[[97,16],[93.3,14.4]]},"properties":{}},{"type":"Feature","geometry":{"type":"LineString","coordinates":[[97,7],[95.1751,10.7066],[93.3,14.4]]},"properties":{}},{"type":"Feature","geometry":{"type":"LineString","coordinates":[[94,6.7],[97,7]]},"properties":{}},{"type":"Feature","geometry":{"type":"LineString","coordinates":[[94,6.7],[96.5411,2.462],[99.9,-1.4]]},"properties":{}},{"type":"Feature","geometry":{"type":"LineString","coordinates":[[97,7],[97,12]]},"properties":{}},{"type":"Feature","geometry":{"type":"MultiLineString","coordinates":[[[-150,-0.00003],[-147.5237,2.512],[-145.371451,4.682778]],[[-145.371451,4.682778],[-145.0379,5.0192],[-144.999852,5.057143]],[[-144.999852,5.057143],[-142.5333,7.5169],[-141.064933,8.95617]],[[-141.064933,8.95617],[-140,10]]]},"properties":{}},{"type":"Feature","geometry":{"type":"MultiLineString","coordinates":[[[99.9,-1.4],[99.947042,-5.453999]],[[99.947042,-5.453999],[99.9499,-5.7003],[99.98231,-8.48184]],[[99.98231,-8.48184],[100,-10]]]},"properties":{}},{"type":"Feature","geometry":{"type":"LineString","coordinates":[[104,-7],[101.6981,-4.3157],[99.9,-1.4]]},"properties":{}},{"type":"Feature","geometry":{"type":"LineString","coordinates":[[110,-50],[100,-50]]},"properties":{}},{"type":"Feature","geometry":{"type":"MultiLineString","coordinates":[[[100,-50],[105.11217,-45.402526]],[[105.11217,-45.402526],[105.437,-45.1104],[110,-40]]]},"properties":{}},{"type":"Feature","geometry":{"type":"LineString","coordinates":[[100,-50],[100.003,-45.0022],[100,-40]]},"properties":{}},{"type":"Feature","geometry":{"type":"MultiLineString","coordinates":[[[115.133,-34.533],[107.8407,-37.5074],[107.437825,-37.635476]],[[107.437825,-37.635476],[100,-40]]]},"properties":{}},{"type":"Feature","geometry":{"type":"MultiLineString","coordinates":[[[100,-40],[104.243638,-34.613845]],[[104.243638,-34.613845],[106.215226,-32.111444]],[[106.215226,-32.111444],[107.357244,-30.661959]],[[107.357244,-30.661959],[108.88501,-28.722871]],[[108.88501,-28.722871],[111.507366,-25.394497]],[[111.507366,-25.394497],[113,-23.5]]]},"properties":{}},{"type":"Feature","geometry":{"type":"LineString","coordinates":[[100,-30],[100.0025,-35.0021],[100,-40]]},"properties":{}},{"type":"Feature","geometry":{"type":"LineString","coordinates":[[-150,-0.00003],[-150.0003,5.0004],[-150,10]]},"properties":{}},{"type":"Feature","geometry":{"type":"MultiLineString","coordinates":[[[110,-50],[105.11217,-45.402526]],[[105.11217,-45.402526],[104.7175,-45.0313],[100,-40]]]},"properties":{}},{"type":"Feature","geometry":{"type":"LineString","coordinates":[[110,-40],[104.9996,-40.1068],[100,-40]]},"properties":{}},{"type":"Feature","geometry":{"type":"MultiLineString","coordinates":[[[110.25,-8.7],[107.7771,-11.564],[106.67445,-12.806005]],[[106.67445,-12.806005],[105.2538,-14.4062],[104.62424,-15.090918]],[[104.62424,-15.090918],[102.6663,-17.2204],[100,-20]]]},"properties":{}},{"type":"Feature","geometry":{"type":"MultiLineString","coordinates":[[[110.25,-8.7],[106.662803,-12.780719]],[[106.662803,-12.780719],[106.607,-12.8442],[104.578175,-15.041547]],[[104.578175,-15.041547],[100,-20]]]},"properties":{}},{"type":"Feature","geometry":{"type":"LineString","coordinates":[[100,-10],[100.0008,-15.0011],[100,-20]]},"properties":{}},{"type":"Feature","geometry":{"type":"MultiLineString","coordinates":[[[100,-30],[100.000492,-28.243657]],[[100.000492,-28.243657],[100.001009,-26.396546]],[[100.001009,-26.396546],[100.0014,-25.0017],[100,-20]]]},"properties":{}},{"type":"Feature","geometry":{"type":"MultiLineString","coordinates":[[[115.133,-34.533],[111.2953,-30.6963],[108.88501,-28.722871]],[[108.88501,-28.722871],[107.2114,-27.3526],[106.725761,-26.87651]],[[106.725761,-26.87651],[105.523929,-25.69831]],[[105.523929,-25.69831],[103.504,-23.7181],[100,-20]]]},"properties":{}},{"type":"Feature","geometry":{"type":"MultiLineString","coordinates":[[[113,-23.5],[110.809354,-22.957591]],[[110.809354,-22.957591],[110.632363,-22.913768]],[[110.632363,-22.913768],[106.4209,-21.871],[100,-20]]]},"properties":{}},{"type":"Feature","geometry":{"type":"MultiLineString","coordinates":[[[110.25,-8.7],[105.1343,-9.3864],[105.101088,-9.390369]],[[105.101088,-9.390369],[100,-10]]]},"properties":{}},{"type":"Feature","geometry":{"type":"MultiLineString","coordinates":[[[100,-10],[105.091177,-9.368852]],[[105.091177,-9.368852],[105.5772,-9.3086],[110.25,-8.7]]]},"properties":{}},{"type":"Feature","geometry":{"type":"LineString","coordinates":[[104,-7],[100,-10]]},"properties":{}},{"type":"Feature","geometry":{"type":"MultiLineString","coordinates":[[[-140,-10],[-142.5336,-7.5167],[-144.137246,-5.917599]],[[-144.137246,-5.917599],[-144.44838,-5.607347]],[[-144.44838,-5.607347],[-145.000099,-5.057193]],[[-145.000099,-5.057193],[-145.0384,-5.019],[-147.524,-2.5119],[-150,-0.00003]]]},"properties":{}},{"type":"Feature","geometry":{"type":"MultiLineString","coordinates":[[[113,-23.5],[111.835796,-22.385334]],[[111.835796,-22.385334],[109.737283,-20.376116]],[[109.737283,-20.376116],[109.5618,-20.2081],[106.2675,-16.8521],[104.62424,-15.090918]],[[104.62424,-15.090918],[104.578175,-15.041547]],[[104.578175,-15.041547],[103.0889,-13.4454],[100,-10]]]},"properties":{}},{"type":"Feature","geometry":{"type":"MultiLineString","coordinates":[[[113,-23.5],[111.183872,-24.477358]],[[111.183872,-24.477358],[106.725761,-26.87651]],[[106.725761,-26.87651],[106.6849,-26.8985],[103.394106,-28.425284]],[[103.394106,-28.425284],[100,-30]]]},"properties":{}},{"type":"Feature","geometry":{"type":"MultiLineString","coordinates":[[[100,-30],[104.243638,-34.613845]],[[104.243638,-34.613845],[104.6929,-35.1023],[107.437825,-37.635476]],[[107.437825,-37.635476],[110,-40]]]},"properties":{}},{"type":"Feature","geometry":{"type":"MultiLineString","coordinates":[[[115.133,-34.533],[111.2097,-33.5658],[107.3779,-32.4822],[106.215226,-32.111444]],[[106.215226,-32.111444],[103.6411,-31.2906],[100,-30]]]},"properties":{}},{"type":"Feature","geometry":{"type":"LineString","coordinates":[[100.4,13],[100.6823,7.3179]]},"properties":{}},{"type":"Feature","geometry":{"type":"LineString","coordinates":[[102,2],[100.6,3.2]]},"properties":{}},{"type":"Feature","geometry":{"type":"MultiLineString","coordinates":[[[-140,10],[-143.581857,10.026292]],[[-143.581857,10.026292],[-144.9998,10.0367],[-150,10]]]},"properties":{}},{"type":"Feature","geometry":{"type":"LineString","coordinates":[[103.6,1.1],[102,2]]},"properties":{}},{"type":"Feature","geometry":{"type":"LineString","coordinates":[[104.482294,1.341312],[109.8,3.7]]},"properties":{}},{"type":"Feature","geometry":{"type":"LineString","coordinates":[[107.3,-1.5],[103.6,1.1]]},"properties":{}},{"type":"Feature","geometry":{"type":"MultiLineString","coordinates":[[[104,-7],[105.091177,-9.368852]],[[105.091177,-9.368852],[105.101088,-9.390369]],[[105.101088,-9.390369],[106.662803,-12.780719]],[[106.662803,-12.780719],[106.67445,-12.806005]],[[106.67445,-12.806005],[108.3507,-16.445],[109.737283,-20.376116]],[[109.737283,-20.376116],[110.632363,-22.913768]],[[110.632363,-22.913768],[110.674365,-23.032849]],[[110.674365,-23.032849],[111.183872,-24.477358]],[[111.183872,-24.477358],[111.507366,-25.394497]],[[111.507366,-25.394497],[112.6354,-28.5926],[114.812752,-33.771308]],[[114.812752,-33.771308],[115.133,-34.533]]]},"properties":{}},{"type":"Feature","geometry":{"type":"LineString","coordinates":[[114.5842,6.2596],[116.844743,7.122733],[117.046811,7.03918],[117.362542,7.143619],[120.05,8.4]]},"properties":{}},{"type":"Feature","geometry":{"type":"LineString","coordinates":[[104,-7],[106.6704,-7.6374],[110.25,-8.7]]},"properties":{}},{"type":"Feature","geometry":{"type":"MultiLineString","coordinates":[[[104.482294,1.341312],[109.934071,7.545272]],[[109.934071,7.545272],[111.913427,9.797721]],[[111.913427,9.797721],[115.044525,13.360816]],[[115.044525,13.360816],[118.161859,16.908251]],[[118.161859,16.908251],[120,19]]]},"properties":{}},{"type":"Feature","geometry":{"type":"MultiLineString","coordinates":[[[114.1,21.7],[113.262192,17.29158]],[[113.262192,17.29158],[113.113147,16.507327]],[[113.113147,16.507327],[112.965,15.7278],[111.478346,12.523981]],[[111.478346,12.523981],[111.0534,11.6082],[110.80697,11.263464]],[[110.80697,11.263464],[110.027598,10.173186]],[[110.027598,10.173186],[108.7023,8.3192],[104.482294,1.341312]]]},"properties":{}},{"type":"Feature","geometry":{"type":"MultiLineString","coordinates":[[[-140,20],[-142.5927,17.5443],[-144.591827,15.57274]],[[-144.591827,15.57274],[-144.999803,15.17039]],[[-144.999803,15.17039],[-145.1163,15.0555],[-145.851034,14.305568]],[[-145.851034,14.305568],[-147.5819,12.5389],[-148.132298,11.961006]],[[-148.132298,11.961006],[-150,10]]]},"properties":{}},{"type":"Feature","geometry":{"type":"LineString","coordinates":[[110.1,12.2],[107.3207,7.6091],[104.482294,1.341312]]},"properties":{}},{"type":"Feature","geometry":{"type":"LineString","coordinates":[[104.482294,1.341312],[104.9,8.4]]},"properties":{}},{"type":"Feature","geometry":{"type":"LineString","coordinates":[[104.9,8.4],[107.3,10]]},"properties":{}},{"type":"Feature","geometry":{"type":"LineString","coordinates":[[106.8,-5.2],[106.1,-3]]},"properties":{}},{"type":"Feature","geometry":{"type":"LineString","coordinates":[[106.8,-5.2],[107.3,-1.5]]},"properties":{}},{"type":"Feature","geometry":{"type":"LineString","coordinates":[[106.8,-5.2],[111.9,-5.9]]},"properties":{}},{"type":"Feature","geometry":{"type":"MultiLineString","coordinates":[[[107.1,20.25],[108.606609,20.303174]],[[108.606609,20.303174],[111.35,20.4]]]},"properties":{}},{"type":"Feature","geometry":{"type":"LineString","coordinates":[[108.606,20.3032],[106.8731,20.6858],[107.1,20.25]]},"properties":{}},{"type":"Feature","geometry":{"type":"LineString","coordinates":[[107.3,-1.5],[109.8,3.7]]},"properties":{}},{"type":"Feature","geometry":{"type":"MultiLineString","coordinates":[[[-150,20],[-150.000716,15.5237]],[[-150.000716,15.5237],[-150.0008,15.0011],[-150.000799,14.996724]],[[-150.000799,14.996724],[-150.000441,12.755285]],[[-150.000441,12.755285],[-150,10]]]},"properties":{}},{"type":"Feature","geometry":{"type":"LineString","coordinates":[[110.7,-3.6],[107.3,-1.5]]},"properties":{}},{"type":"Feature","geometry":{"type":"LineString","coordinates":[[107.3,10],[110.1,12.2]]},"properties":{}},{"type":"Feature","geometry":{"type":"LineString","coordinates":[[108.4606,18.4135],[109,16.1]]},"properties":{}},{"type":"Feature","geometry":{"type":"MultiLineString","coordinates":[[[111.35,20.4],[111.1522,19.3491],[110.3832,18.3614],[109.2187,18.017],[108.4606,18.4135]],[[108.4606,18.4135],[108.4606,19.4527],[108.606609,20.303174]],[[108.606609,20.303174],[108.8122,21.5007]]]},"properties":{}},{"type":"Feature","geometry":{"type":"MultiLineString","coordinates":[[[109,16.1],[111.810965,16.378371]],[[111.810965,16.378371],[113.113147,16.507327]],[[113.113147,16.507327],[114.1883,16.6138],[118.161859,16.908251]],[[118.161859,16.908251],[119.4,17]]]},"properties":{}},{"type":"Feature","geometry":{"type":"MultiLineString","coordinates":[[[109,16.1],[112.045638,16.951468]],[[112.045638,16.951468],[113.262192,17.29158]],[[113.262192,17.29158],[114.4566,17.6255],[120,19]]]},"properties":{}},{"type":"Feature","geometry":{"type":"LineString","coordinates":[[110.1,12.2],[109,16.1]]},"properties":{}},{"type":"Feature","geometry":{"type":"LineString","coordinates":[[114,6],[109.8,3.7]]},"properties":{}},{"type":"Feature","geometry":{"type":"MultiLineString","coordinates":[[[110.1,12.2],[110.027598,10.173186]],[[110.027598,10.173186],[109.9482,7.9505],[109.934071,7.545272]],[[109.934071,7.545272],[109.8,3.7]]]},"properties":{}},{"type":"Feature","geometry":{"type":"MultiLineString","coordinates":[[[110,-50],[115.112222,-45.402574]],[[115.112222,-45.402574],[115.437,-45.1105],[120,-40]]]},"properties":{}},{"type":"Feature","geometry":{"type":"LineString","coordinates":[[110,-50],[110.003,-45.0022],[110,-40]]},"properties":{}},{"type":"Feature","geometry":{"type":"LineString","coordinates":[[120,-50],[110,-50]]},"properties":{}},{"type":"Feature","geometry":{"type":"LineString","coordinates":[[115.133,-34.533],[112.6593,-37.2948],[110,-40]]},"properties":{}},{"type":"Feature","geometry":{"type":"MultiLineString","coordinates":[[[120,-50],[115.112222,-45.402574]],[[115.112222,-45.402574],[114.7175,-45.0313],[110,-40]]]},"properties":{}},{"type":"Feature","geometry":{"type":"LineString","coordinates":[[120,-40],[114.9996,-40.1068],[110,-40]]},"properties":{}},{"type":"Feature","geometry":{"type":"MultiLineString","coordinates":[[[110.1,12.2],[111.478346,12.523981]],[[111.478346,12.523981],[114.9781,13.3466],[115.044525,13.360816]],[[115.044525,13.360816],[119.9,14.4]]]},"properties":{}},{"type":"Feature","geometry":{"type":"MultiLineString","coordinates":[[[110.1,12.2],[111.810965,16.378371]],[[111.810965,16.378371],[112.045638,16.951468]],[[112.045638,16.951468],[112.0495,16.9609],[114.1,21.7]]]},"properties":{}},{"type":"Feature","geometry":{"type":"MultiLineString","coordinates":[[[114.5842,6.2597],[114.372861,6.539664]],[[114.372861,6.539664],[111.913427,9.797721]],[[111.913427,9.797721],[110.80697,11.263464]],[[110.80697,11.263464],[110.1,12.2]]]},"properties":{}},{"type":"Feature","geometry":{"type":"MultiLineString","coordinates":[[[110.25,-8.7],[110.9041,-12.4045],[111.576,-16.1065],[112.2722,-19.8053],[112.686952,-21.910802]],[[112.686952,-21.910802],[113,-23.5]]]},"properties":{}},{"type":"Feature","geometry":{"type":"LineString","coordinates":[[115.6,-9.1],[110.25,-8.7]]},"properties":{}},{"type":"Feature","geometry":{"type":"LineString","coordinates":[[111.9,-5.9],[110.7,-3.6]]},"properties":{}},{"type":"Feature","geometry":{"type":"MultiLineString","coordinates":[[[-140,-0.00001],[-141.438979,1.459781]],[[-141.438979,1.459781],[-142.476,2.5118],[-144.9616,5.019],[-144.999852,5.057143]],[[-144.999852,5.057143],[-147.4664,7.5167],[-150,10]]]},"properties":{}},{"type":"Feature","geometry":{"type":"LineString","coordinates":[[111.35,20.4],[110.8721,21.2142]]},"properties":{}},{"type":"Feature","geometry":{"type":"LineString","coordinates":[[111.35,20.4],[114.1,21.7]]},"properties":{}},{"type":"Feature","geometry":{"type":"MultiLineString","coordinates":[[[116.95,-5.4],[113.174172,-5.773844]],[[113.174172,-5.773844],[111.9,-5.9]]]},"properties":{}},{"type":"Feature","geometry":{"type":"MultiLineString","coordinates":[[[116.2,-7.25],[112.966712,-6.234898]],[[112.966712,-6.234898],[111.9,-5.9]]]},"properties":{}},{"type":"Feature","geometry":{"type":"LineString","coordinates":[[112.7,-26],[114,-29]]},"properties":{}},{"type":"Feature","geometry":{"type":"MultiLineString","coordinates":[[[115.6,-9.1],[114.9835,-12.7045],[114.3489,-16.3066],[113.69,-19.9054],[113.379129,-21.524903]],[[113.379129,-21.524903],[113,-23.5]]]},"properties":{}},{"type":"Feature","geometry":{"type":"MultiLineString","coordinates":[[[113.3803,-21.5299],[113.389369,-21.519193]],[[113.389369,-21.519193],[116.445875,-17.910922]],[[116.445875,-17.910922],[117.695812,-16.435344]],[[117.695812,-16.435344],[117.70237,-16.427602]],[[117.70237,-16.427602],[122.3,-11]]]},"properties":{}},{"type":"Feature","geometry":{"type":"LineString","coordinates":[[-140,20],[-144.9996,20.0692],[-150,20]]},"properties":{}},{"type":"Feature","geometry":{"type":"LineString","coordinates":[[114,-29],[115.6,-32]]},"properties":{}},{"type":"Feature","geometry":{"type":"LineString","coordinates":[[109.8,3.7],[110.90479,1.642995]]},"properties":{}},{"type":"Feature","geometry":{"type":"LineString","coordinates":[[114,6],[114.5842,6.2596]]},"properties":{}},{"type":"Feature","geometry":{"type":"MultiLineString","coordinates":[[[114,6],[114.372861,6.539664]],[[114.372861,6.539664],[116.9113,10.2137],[119.9,14.4]]]},"properties":{}},{"type":"Feature","geometry":{"type":"LineString","coordinates":[[114.1,21.7],[120,22.1]]},"properties":{}},{"type":"Feature","geometry":{"type":"LineString","coordinates":[[114.1,21.7],[117,23]]},"properties":{}},{"type":"Feature","geometry":{"type":"LineString","coordinates":[[120,19],[114.1,21.7]]},"properties":{}},{"type":"Feature","geometry":{"type":"MultiLineString","coordinates":[[[115.6,-32],[114.812752,-33.771308]],[[114.812752,-33.771308],[114.8,-33.8]]]},"properties":{}},{"type":"Feature","geometry":{"type":"LineString","coordinates":[[114.8,-33.8],[115.133,-34.533]]},"properties":{}},{"type":"Feature","geometry":{"type":"MultiLineString","coordinates":[[[-150,20],[-148.81917,21.251621]],[[-148.81917,21.251621],[-145.2027,25.0849],[-144.999895,25.276494]],[[-144.999895,25.276494],[-142.527255,27.612449]],[[-142.527255,27.612449],[-141.797094,28.302247]],[[-141.797094,28.302247],[-140,30]]]},"properties":{}},{"type":"Feature","geometry":{"type":"LineString","coordinates":[[115.133,-34.533],[118,-35.5]]},"properties":{}},{"type":"Feature","geometry":{"type":"LineString","coordinates":[[115.6,-9.1],[116.2,-7.25]]},"properties":{}},{"type":"Feature","geometry":{"type":"MultiLineString","coordinates":[[[118.6,-19.6],[118.099519,-17.848318]],[[118.099519,-17.848318],[117.710827,-16.487893]],[[117.710827,-16.487893],[117.695812,-16.435344]],[[117.695812,-16.435344],[115.6,-9.1]]]},"properties":{}},{"type":"Feature","geometry":{"type":"MultiLineString","coordinates":[[[122.3,-11],[118.9402,-10.0658],[116.72006,-9.423859]],[[116.72006,-9.423859],[115.6,-9.1]]]},"properties":{}},{"type":"Feature","geometry":{"type":"MultiLineString","coordinates":[[[121.5,-9.1],[116.674637,-9.1]],[[116.674637,-9.1],[115.6,-9.1]]]},"properties":{}},{"type":"Feature","geometry":{"type":"MultiLineString","coordinates":[[[-122.9,37.7],[-123.740866,37.930065]],[[-123.740866,37.930065],[-129.449511,39.491976]],[[-129.449511,39.491976],[-129.5004,39.5059],[-130.000164,39.608888]],[[-130.000164,39.608888],[-130.346478,39.680253]],[[-130.346478,39.680253],[-132.117384,40.045189]],[[-132.117384,40.045189],[-132.363652,40.095938]],[[-132.363652,40.095938],[-135.451074,40.73217]],[[-135.451074,40.73217],[-136.4135,40.9305],[-138.265558,41.189346]],[[-138.265558,41.189346],[-138.86344,41.272907]],[[-138.86344,41.272907],[-140.000859,41.431875]],[[-140.000859,41.431875],[-141.545168,41.64771]],[[-141.545168,41.64771],[-143.585,41.9328],[-145.447627,42.072031]],[[-145.447627,42.072031],[-147.98084,42.261389]],[[-147.98084,42.261389],[-150.001447,42.412429]],[[-150.001447,42.412429],[-150.9335,42.4821],[-152.34181,42.496651]],[[-152.34181,42.496651],[-154.696968,42.520984]],[[-154.696968,42.520984],[-157.721152,42.552229]],[[-157.721152,42.552229],[-158.3571,42.5588],[-160.001481,42.470207]],[[-160.001481,42.470207],[-160.580205,42.439027]],[[-160.580205,42.439027],[-165.7444,42.1608],[-168.346898,41.851416]],[[-168.346898,41.851416],[-169.389702,41.727448]],[[-169.389702,41.727448],[-172.9887,41.2996],[-180,40]]]},"properties":{}},{"type":"Feature","geometry":{"type":"LineString","coordinates":[[116.95,-5.4],[116.2,-7.25]]},"properties":{}},{"type":"Feature","geometry":{"type":"MultiLineString","coordinates":[[[116.2,-7.25],[116.69392,-7.291662]],[[116.69392,-7.291662],[119.505342,-7.528806]],[[119.505342,-7.528806],[120.9457,-7.6503],[125.7,-8]]]},"properties":{}},{"type":"Feature","geometry":{"type":"MultiLineString","coordinates":[[[119.2,-5.9],[119.105494,-5.878999]],[[119.105494,-5.878999],[116.95,-5.4]]]},"properties":{}},{"type":"Feature","geometry":{"type":"MultiLineString","coordinates":[[[-150,20],[-150.000361,21.289172]],[[-150.000361,21.289172],[-150.001314,24.692986]],[[-150.001314,24.692986],[-150.0014,25.0017],[-150.001091,26.106302]],[[-150.001091,26.106302],[-150.000493,28.238409]],[[-150.000493,28.238409],[-150.000221,29.209607]],[[-150.000221,29.209607],[-150.000209,29.252315]],[[-150.000209,29.252315],[-150,30]]]},"properties":{}},{"type":"Feature","geometry":{"type":"LineString","coordinates":[[118,-35.5],[121.8,-34.5]]},"properties":{}},{"type":"Feature","geometry":{"type":"LineString","coordinates":[[118,-35.5],[120,-40]]},"properties":{}},{"type":"Feature","geometry":{"type":"LineString","coordinates":[[118,-35.5],[123.5477,-36.7051],[129.2527,-37.651],[135.0835,-38.3203],[141,-38.7]]},"properties":{}},{"type":"Feature","geometry":{"type":"LineString","coordinates":[[123,-16],[118.6,-19.6]]},"properties":{}},{"type":"Feature","geometry":{"type":"LineString","coordinates":[[170,30],[180,30]]},"properties":{}},{"type":"Feature","geometry":{"type":"LineString","coordinates":[[119.2,-5.9],[121,-5.5]]},"properties":{}},{"type":"Feature","geometry":{"type":"MultiLineString","coordinates":[[[123.2,37.1],[122.1825,37.8155]],[[122.1825,37.8155],[120.4796,38.1013]],[[120.4796,38.1013],[119.392,37.4501]]]},"properties":{}},{"type":"Feature","geometry":{"type":"LineString","coordinates":[[120,19],[119.4,17]]},"properties":{}},{"type":"Feature","geometry":{"type":"LineString","coordinates":[[119.4,17],[119.9,14.4]]},"properties":{}},{"type":"Feature","geometry":{"type":"MultiLineString","coordinates":[[[120.05,8.4],[119.7734,4.7502],[119.723203,4.080017]],[[119.723203,4.080017],[119.702634,3.805392]],[[119.702634,3.805392],[119.5,1.100005]],[[119.5,1.100005],[119.5,1.1]]]},"properties":{}},{"type":"Feature","geometry":{"type":"MultiLineString","coordinates":[[[-150,20],[-147.4063,17.5438],[-145.40033,15.56541]],[[-145.40033,15.56541],[-144.999803,15.17039]],[[-144.999803,15.17039],[-144.8825,15.0547],[-143.69669,13.946756]],[[-143.69669,13.946756],[-142.3682,12.7055],[-140,10]]]},"properties":{}},{"type":"Feature","geometry":{"type":"MultiLineString","coordinates":[[[120.05,8.4],[119.7529,4.4875],[119.722465,4.079829]],[[119.722465,4.079829],[119.701972,3.805335]],[[119.701972,3.805335],[119.5,1.100005]],[[119.5,1.100005],[119.5,1.1]]]},"properties":{}},{"type":"Feature","geometry":{"type":"LineString","coordinates":[[120.8861,38.6268],[119.7875,39.8014]]},"properties":{}},{"type":"Feature","geometry":{"type":"LineString","coordinates":[[119.9,14.4],[120.05,8.4]]},"properties":{}},{"type":"Feature","geometry":{"type":"LineString","coordinates":[[119.9,14.4],[122.1,13]]},"properties":{}},{"type":"Feature","geometry":{"type":"LineString","coordinates":[[130,-50],[120,-50]]},"properties":{}},{"type":"Feature","geometry":{"type":"MultiLineString","coordinates":[[[-150,30],[-149.194215,30.015067]],[[-149.194215,30.015067],[-147.822549,30.040714]],[[-147.822549,30.040714],[-144.9995,30.0935],[-142.772484,30.051851]],[[-142.772484,30.051851],[-140,30]]]},"properties":{}},{"type":"Feature","geometry":{"type":"MultiLineString","coordinates":[[[120,-50],[125.109708,-45.40474]],[[125.109708,-45.40474],[125.437,-45.1104],[130,-40]]]},"properties":{}},{"type":"Feature","geometry":{"type":"LineString","coordinates":[[120,-50],[120.003,-45.0022],[120,-40]]},"properties":{}},{"type":"Feature","geometry":{"type":"MultiLineString","coordinates":[[[130,-50],[125.109708,-45.40474]],[[125.109708,-45.40474],[124.7141,-45.033],[120,-40]]]},"properties":{}},{"type":"Feature","geometry":{"type":"LineString","coordinates":[[130,-40],[124.9996,-40.1068],[120,-40]]},"properties":{}},{"type":"Feature","geometry":{"type":"LineString","coordinates":[[123,19],[120,19]]},"properties":{}},{"type":"Feature","geometry":{"type":"LineString","coordinates":[[120,19],[120,22.1]]},"properties":{}},{"type":"Feature","geometry":{"type":"MultiLineString","coordinates":[[[-150,30],[-145.3052,35.1041],[-145.000024,35.385732]],[[-145.000024,35.385732],[-140,40]]]},"properties":{}},{"type":"Feature","geometry":{"type":"MultiLineString","coordinates":[[[120,25.7],[123.355033,27.331346]],[[123.355033,27.331346],[125.528589,28.388213]],[[125.528589,28.388213],[130.9,31]]]},"properties":{}},{"type":"Feature","geometry":{"type":"LineString","coordinates":[[121.3,27.8],[120,25.7]]},"properties":{}},{"type":"Feature","geometry":{"type":"MultiLineString","coordinates":[[[123.8,9.1],[121.762382,8.719645]],[[121.762382,8.719645],[120.05,8.4]]]},"properties":{}},{"type":"Feature","geometry":{"type":"MultiLineString","coordinates":[[[122.1,13],[121.445806,11.532052]],[[121.445806,11.532052],[120.05,8.4]]]},"properties":{}},{"type":"Feature","geometry":{"type":"MultiLineString","coordinates":[[[120.8861,38.6268],[118.1725,38.7726],[120.4796,38.1013]],[[120.4796,38.1013],[120.8861,38.6268]]]},"properties":{}},{"type":"Feature","geometry":{"type":"LineString","coordinates":[[122.1825,37.8155],[120.8861,38.6268]]},"properties":{}},{"type":"Feature","geometry":{"type":"LineString","coordinates":[[120.9411,39.5054],[121.8859,40.4232]]},"properties":{}},{"type":"Feature","geometry":{"type":"LineString","coordinates":[[120.9411,39.5054],[121.0949,40.6153]]},"properties":{}},{"type":"Feature","geometry":{"type":"MultiLineString","coordinates":[[[122,38.7],[120.8861,38.6268]],[[120.8861,38.6268],[120.9411,39.5054]]]},"properties":{}},{"type":"Feature","geometry":{"type":"LineString","coordinates":[[122.6,-6.3],[121,-5.5]]},"properties":{}},{"type":"Feature","geometry":{"type":"LineString","coordinates":[[121,35.9],[123.2,37.1]]},"properties":{}},{"type":"Feature","geometry":{"type":"LineString","coordinates":[[-150,30],[-150.0021,35.002],[-150,40]]},"properties":{}},{"type":"Feature","geometry":{"type":"MultiLineString","coordinates":[[[121.3,27.8],[123.164197,28.4651]],[[123.164197,28.4651],[124.891693,29.081428]],[[124.891693,29.081428],[126.0251,29.4858],[130.9,31]]]},"properties":{}},{"type":"Feature","geometry":{"type":"LineString","coordinates":[[121.5,-9.1],[125.7,-8]]},"properties":{}},{"type":"Feature","geometry":{"type":"LineString","coordinates":[[122.3,-11],[121.5,-9.1]]},"properties":{}},{"type":"Feature","geometry":{"type":"LineString","coordinates":[[121.8,-34.5],[124,-34.1]]},"properties":{}},{"type":"Feature","geometry":{"type":"LineString","coordinates":[[122,38.7],[124.3,39.4]]},"properties":{}},{"type":"Feature","geometry":{"type":"MultiLineString","coordinates":[[[123.2,37.1],[122.622974,37.869368]],[[122.622974,37.869368],[122,38.7]]]},"properties":{}},{"type":"Feature","geometry":{"type":"LineString","coordinates":[[124,12.6],[122.1,13]]},"properties":{}},{"type":"Feature","geometry":{"type":"MultiLineString","coordinates":[[[-140,20],[-140.730414,20.774263]],[[-140.730414,20.774263],[-144.7956,25.0835],[-144.999895,25.276494]],[[-144.999895,25.276494],[-146.07208,26.289367]],[[-146.07208,26.289367],[-147.428529,27.570779]],[[-147.428529,27.570779],[-149.006221,29.061195]],[[-149.006221,29.061195],[-149.0819,29.132688]],[[-149.0819,29.132688],[-149.60472,29.626586]],[[-149.60472,29.626586],[-150,30]]]},"properties":{}},{"type":"Feature","geometry":{"type":"MultiLineString","coordinates":[[[122.3,-11],[124.051531,-10.919753]],[[124.051531,-10.919753],[126.1524,-10.8235],[130,-10.6]]]},"properties":{}},{"type":"Feature","geometry":{"type":"LineString","coordinates":[[122.3,-11],[123,-16]]},"properties":{}},{"type":"Feature","geometry":{"type":"LineString","coordinates":[[122.3,15.1],[123,19]]},"properties":{}},{"type":"Feature","geometry":{"type":"LineString","coordinates":[[125.7,13.4],[122.3,15.1]]},"properties":{}},{"type":"Feature","geometry":{"type":"MultiLineString","coordinates":[[[122.6,-6.3],[123.780514,-5.072266]],[[123.780514,-5.072266],[123.780514,-5.072265]],[[123.780514,-5.072265],[123.781743,-5.070987]],[[123.781743,-5.070987],[123.781943,-5.070779]],[[123.781943,-5.070779],[125.1,-3.7]]]},"properties":{}},{"type":"Feature","geometry":{"type":"LineString","coordinates":[[122.6,-6.3],[125.7,-8]]},"properties":{}},{"type":"Feature","geometry":{"type":"LineString","coordinates":[[122.6776,30.8345],[122.9,31.3]]},"properties":{}},{"type":"Feature","geometry":{"type":"LineString","coordinates":[[122.9,31.3],[128.9,31.4]]},"properties":{}},{"type":"Feature","geometry":{"type":"MultiLineString","coordinates":[[[122.9,31.3],[126.53967,33.545754]],[[126.53967,33.545754],[127.6,34.2]]]},"properties":{}},{"type":"Feature","geometry":{"type":"LineString","coordinates":[[122.9,31.3],[125.6,34.4]]},"properties":{}},{"type":"Feature","geometry":{"type":"LineString","coordinates":[[-140,40],[-144.9996,40.1067],[-150,40]]},"properties":{}},{"type":"Feature","geometry":{"type":"MultiLineString","coordinates":[[[122.9,31.3],[124.883097,29.091003]],[[124.883097,29.091003],[124.891693,29.081428]],[[124.891693,29.081428],[125.4186,28.4945],[125.528589,28.388213]],[[125.528589,28.388213],[128,26]]]},"properties":{}},{"type":"Feature","geometry":{"type":"LineString","coordinates":[[127,-13.2],[123,-16]]},"properties":{}},{"type":"Feature","geometry":{"type":"MultiLineString","coordinates":[[[130,20],[126.821886,19.545984]],[[126.821886,19.545984],[124.716125,19.245161]],[[124.716125,19.245161],[123,19]]]},"properties":{}},{"type":"Feature","geometry":{"type":"MultiLineString","coordinates":[[[128,26],[125.4371,22.52],[124.53553,21.217826]],[[124.53553,21.217826],[124.413699,21.041861]],[[124.413699,21.041861],[123,19]]]},"properties":{}},{"type":"Feature","geometry":{"type":"LineString","coordinates":[[123.2,37.1],[125.6,34.4]]},"properties":{}},{"type":"Feature","geometry":{"type":"LineString","coordinates":[[124,-34.1],[126.1,-32.6]]},"properties":{}},{"type":"Feature","geometry":{"type":"LineString","coordinates":[[125.7,13.4],[124,12.6]]},"properties":{}},{"type":"Feature","geometry":{"type":"LineString","coordinates":[[124.3,39.4],[124.1,38.05]]},"properties":{}},{"type":"Feature","geometry":{"type":"MultiLineString","coordinates":[[[-140,50],[-140.167264,49.849577]],[[-140.167264,49.849577],[-142.607675,47.654867]],[[-142.607675,47.654867],[-143.74132,46.635358]],[[-143.74132,46.635358],[-145.112508,45.402222]],[[-145.112508,45.402222],[-145.437,45.1104],[-147.515898,42.782108]],[[-147.515898,42.782108],[-147.98084,42.261389]],[[-147.98084,42.261389],[-148.927788,41.20084]],[[-148.927788,41.20084],[-150,40]]]},"properties":{}},{"type":"Feature","geometry":{"type":"LineString","coordinates":[[124.1,38.05],[125.5,37.4]]},"properties":{}},{"type":"Feature","geometry":{"type":"MultiLineString","coordinates":[[[125.1,-3.7],[127.002345,-2.263543]],[[127.002345,-2.263543],[128.236105,-1.331934]],[[128.236105,-1.331934],[130,-0.00002]]]},"properties":{}},{"type":"Feature","geometry":{"type":"MultiLineString","coordinates":[[[125.1,-3.7],[125.362105,-0.489209]],[[125.362105,-0.489209],[125.5,1.2]]]},"properties":{}},{"type":"Feature","geometry":{"type":"MultiLineString","coordinates":[[[125.7,-8],[125.289069,-5.054992]],[[125.289069,-5.054992],[125.1,-3.7]]]},"properties":{}},{"type":"Feature","geometry":{"type":"MultiLineString","coordinates":[[[127.45,-8.3167],[125.786819,-5.049292]],[[125.786819,-5.049292],[125.1,-3.7]]]},"properties":{}},{"type":"Feature","geometry":{"type":"LineString","coordinates":[[125.5,37.4],[125.5,36]]},"properties":{}},{"type":"Feature","geometry":{"type":"LineString","coordinates":[[125.5,36],[125.6,34.4]]},"properties":{}},{"type":"Feature","geometry":{"type":"MultiLineString","coordinates":[[[125.6,34.4],[126.53967,33.545754]],[[126.53967,33.545754],[128.9,31.4]]]},"properties":{}},{"type":"Feature","geometry":{"type":"LineString","coordinates":[[125.6,34.4],[127.6,34.2]]},"properties":{}},{"type":"Feature","geometry":{"type":"MultiLineString","coordinates":[[[-150,50],[-150.001053,48.245182]],[[-150.001053,48.245182],[-150.003,45.0022],[-150.00218,43.635695]],[[-150.00218,43.635695],[-150.001447,42.412429]],[[-150.001447,42.412429],[-150.000787,41.312849]],[[-150.000787,41.312849],[-150,40]]]},"properties":{}},{"type":"Feature","geometry":{"type":"LineString","coordinates":[[127.45,-8.3167],[125.7,-8]]},"properties":{}},{"type":"Feature","geometry":{"type":"MultiLineString","coordinates":[[[150,20],[146.436962,19.216148]],[[146.436962,19.216148],[143.7676,18.6289],[141.468561,18.039385]],[[141.468561,18.039385],[140.043023,17.673852]],[[140.043023,17.673852],[139.999626,17.662724]],[[139.999626,17.662724],[137.6401,17.0577],[136.610435,16.758392]],[[136.610435,16.758392],[134.123152,16.035377]],[[134.123152,16.035377],[131.6188,15.3074],[131.329222,15.21408]],[[131.329222,15.21408],[129.999234,14.785477]],[[129.999234,14.785477],[125.7,13.4]]]},"properties":{}},{"type":"Feature","geometry":{"type":"MultiLineString","coordinates":[[[150,30],[146.6199,28.149],[143.754336,26.453489]],[[143.754336,26.453489],[143.564772,26.341327]],[[143.564772,26.341327],[143.356,26.2178],[140.1995,24.2153],[139.998858,24.079767]],[[139.998858,24.079767],[137.819493,22.607616]],[[137.819493,22.607616],[137.1413,22.1495],[135.643913,21.079859]],[[135.643913,21.079859],[134.213858,20.058315]],[[134.213858,20.058315],[134.1717,20.0282],[131.82805,18.268861]],[[131.82805,18.268861],[131.2814,17.8585],[129.999496,16.853491]],[[129.999496,16.853491],[128.4606,15.647],[125.7,13.4]]]},"properties":{}},{"type":"Feature","geometry":{"type":"LineString","coordinates":[[130,20],[127.8131,16.7116],[125.7,13.4]]},"properties":{}},{"type":"Feature","geometry":{"type":"MultiLineString","coordinates":[[[125.7,13.4],[126.821886,19.545984]],[[126.821886,19.545984],[127.027247,20.671004]],[[127.027247,20.671004],[128,26]]]},"properties":{}},{"type":"Feature","geometry":{"type":"LineString","coordinates":[[126.4,10.5],[125.7,13.4]]},"properties":{}},{"type":"Feature","geometry":{"type":"LineString","coordinates":[[125.8,5.7],[127,8]]},"properties":{}},{"type":"Feature","geometry":{"type":"LineString","coordinates":[[125.8,5.7],[128.15,2]]},"properties":{}},{"type":"Feature","geometry":{"type":"LineString","coordinates":[[126.1,-32.6],[129.1,-32.1]]},"properties":{}},{"type":"Feature","geometry":{"type":"MultiLineString","coordinates":[[[150,30],[146.6741,27.7683],[144.23225,26.00203]],[[144.23225,26.00203],[143.832004,25.712518]],[[143.832004,25.712518],[143.4829,25.46],[140.4124,23.085],[139.999231,22.745844]],[[139.999231,22.745844],[138.638163,21.628589]],[[138.638163,21.628589],[137.4487,20.6522],[136.862045,20.14485]],[[136.862045,20.14485],[136.746622,20.04503]],[[136.746622,20.04503],[134.5785,18.17],[133.212165,16.933839]],[[133.212165,16.933839],[131.7886,15.6459],[131.329222,15.21408]],[[131.329222,15.21408],[129.999366,13.964003]],[[129.999366,13.964003],[129.0665,13.0871],[126.4,10.5]]]},"properties":{}},{"type":"Feature","geometry":{"type":"LineString","coordinates":[[127,8],[126.4,10.5]]},"properties":{}},{"type":"Feature","geometry":{"type":"MultiLineString","coordinates":[[[-140,30],[-140.896429,30.974632]],[[-140.896429,30.974632],[-143.234777,33.516973]],[[-143.234777,33.516973],[-144.132769,34.493304]],[[-144.132769,34.493304],[-144.6929,35.1023],[-145.000024,35.385732]],[[-145.000024,35.385732],[-150,40]]]},"properties":{}},{"type":"Feature","geometry":{"type":"LineString","coordinates":[[126.4,10.5],[130,10]]},"properties":{}},{"type":"Feature","geometry":{"type":"LineString","coordinates":[[130,-10.6],[127,-13.2]]},"properties":{}},{"type":"Feature","geometry":{"type":"LineString","coordinates":[[128.4,-14.5],[127,-13.2]]},"properties":{}},{"type":"Feature","geometry":{"type":"LineString","coordinates":[[127,8],[130,10]]},"properties":{}},{"type":"Feature","geometry":{"type":"MultiLineString","coordinates":[[[127.45,-8.3167],[129.830852,-5.112073]],[[129.830852,-5.112073],[129.912593,-5.00205]],[[129.912593,-5.00205],[131.4,-3]]]},"properties":{}},{"type":"Feature","geometry":{"type":"LineString","coordinates":[[127.45,-8.3167],[130,-10.6]]},"properties":{}},{"type":"Feature","geometry":{"type":"LineString","coordinates":[[132,-8.9],[127.45,-8.3167]]},"properties":{}},{"type":"Feature","geometry":{"type":"LineString","coordinates":[[127.6,34.2],[129.2,35]]},"properties":{}},{"type":"Feature","geometry":{"type":"LineString","coordinates":[[127.6,34.2],[128.9,31.4]]},"properties":{}},{"type":"Feature","geometry":{"type":"MultiLineString","coordinates":[[[140,30],[135.371219,28.583451]],[[135.371219,28.583451],[133.8895,28.13],[133.395352,27.951286]],[[133.395352,27.951286],[128.781876,26.282774]],[[128.781876,26.282774],[128,26]]]},"properties":{}},{"type":"Feature","geometry":{"type":"MultiLineString","coordinates":[[[-150,50],[-140.851649,50]],[[-140.851649,50],[-140,50]]]},"properties":{}},{"type":"Feature","geometry":{"type":"LineString","coordinates":[[128,26],[130.9,31]]},"properties":{}},{"type":"Feature","geometry":{"type":"LineString","coordinates":[[130,20],[128,26]]},"properties":{}},{"type":"Feature","geometry":{"type":"LineString","coordinates":[[128.15,2],[130,-0.00002]]},"properties":{}},{"type":"Feature","geometry":{"type":"LineString","coordinates":[[130.8,-12.2],[128.4,-14.5]]},"properties":{}},{"type":"Feature","geometry":{"type":"LineString","coordinates":[[128.5,39.5],[132,42.3]]},"properties":{}},{"type":"Feature","geometry":{"type":"LineString","coordinates":[[129.3,37.9],[128.5,39.5]]},"properties":{}},{"type":"Feature","geometry":{"type":"LineString","coordinates":[[130.9,31],[128.9,31.4]]},"properties":{}},{"type":"Feature","geometry":{"type":"LineString","coordinates":[[129.2,35],[134.0843,38.2106],[139.4,41.2]]},"properties":{}},{"type":"Feature","geometry":{"type":"LineString","coordinates":[[129.2,35],[130,36.4]]},"properties":{}},{"type":"Feature","geometry":{"type":"LineString","coordinates":[[129.2,35],[130.1,34.3]]},"properties":{}},{"type":"Feature","geometry":{"type":"MultiLineString","coordinates":[[[129.3,37.9],[133.018934,39.226838]],[[133.018934,39.226838],[134.2305,39.6591],[139.4,41.2]]]},"properties":{}},{"type":"Feature","geometry":{"type":"MultiLineString","coordinates":[[[-140,40],[-140.27904,40.297558]],[[-140.27904,40.297558],[-141.545168,41.64771]],[[-141.545168,41.64771],[-144.718,45.0311],[-145.112508,45.402222]],[[-145.112508,45.402222],[-147.484025,47.633164]],[[-147.484025,47.633164],[-150,50]]]},"properties":{}},{"type":"Feature","geometry":{"type":"MultiLineString","coordinates":[[[129.3,37.9],[134.4474,41.6292],[135.456186,42.237846]],[[135.456186,42.237846],[140.2,45.1]]]},"properties":{}},{"type":"Feature","geometry":{"type":"LineString","coordinates":[[130,36.4],[129.3,37.9]]},"properties":{}},{"type":"Feature","geometry":{"type":"LineString","coordinates":[[140,-50],[130,-50]]},"properties":{}},{"type":"Feature","geometry":{"type":"MultiLineString","coordinates":[[[141,-38.7],[138.6269,-41.6192],[136.0317,-44.4836],[135.102249,-45.393286]],[[135.102249,-45.393286],[133.1726,-47.2819],[130,-50]]]},"properties":{}},{"type":"Feature","geometry":{"type":"LineString","coordinates":[[130,-50],[130.003,-45.0022],[130,-40]]},"properties":{}},{"type":"Feature","geometry":{"type":"LineString","coordinates":[[141,-38.7],[135.5506,-39.4789],[130,-40]]},"properties":{}},{"type":"Feature","geometry":{"type":"MultiLineString","coordinates":[[[140,-50],[135.102249,-45.393286]],[[135.102249,-45.393286],[134.7175,-45.0314],[130,-40]]]},"properties":{}},{"type":"Feature","geometry":{"type":"LineString","coordinates":[[131.8,-10.5],[130,-10.6]]},"properties":{}},{"type":"Feature","geometry":{"type":"LineString","coordinates":[[132,-8.9],[130,-10.6]]},"properties":{}},{"type":"Feature","geometry":{"type":"LineString","coordinates":[[130.8,-12.2],[130,-10.6]]},"properties":{}},{"type":"Feature","geometry":{"type":"MultiLineString","coordinates":[[[-150,50],[-142.607675,47.654867]],[[-142.607675,47.654867],[-142.1567,47.5118],[-140.002033,46.613862]],[[-140.002033,46.613862],[-135.696629,44.819625]],[[-135.696629,44.819625],[-135.0758,44.5609],[-133.920346,43.961052]],[[-133.920346,43.961052],[-133.521718,43.754106]],[[-133.521718,43.754106],[-131.784839,42.852414]],[[-131.784839,42.852414],[-130.001155,41.926423]],[[-130.001155,41.926423],[-129.346307,41.586462]],[[-129.346307,41.586462],[-128.6982,41.25],[-128.686691,41.242953]],[[-128.686691,41.242953],[-124.152441,38.466818]],[[-124.152441,38.466818],[-122.9,37.7]]]},"properties":{}},{"type":"Feature","geometry":{"type":"LineString","coordinates":[[136,-0.00002],[130,-0.00002]]},"properties":{}},{"type":"Feature","geometry":{"type":"MultiLineString","coordinates":[[[130,-0.00002],[132.4763,2.512],[134.9621,5.0192],[135.000148,5.057143]],[[135.000148,5.057143],[137.4667,7.5169],[140,10]]]},"properties":{}},{"type":"Feature","geometry":{"type":"LineString","coordinates":[[130,-0.00002],[129.9997,5.0004],[130,10]]},"properties":{}},{"type":"Feature","geometry":{"type":"LineString","coordinates":[[130,-0.00002],[131.4,-3]]},"properties":{}},{"type":"Feature","geometry":{"type":"LineString","coordinates":[[140,10],[135.0002,10.0367],[130,10]]},"properties":{}},{"type":"Feature","geometry":{"type":"MultiLineString","coordinates":[[[140,20],[138.671098,18.741318]],[[138.671098,18.741318],[137.4073,17.5443],[136.610435,16.758392]],[[136.610435,16.758392],[135.000245,15.170343]],[[135.000245,15.170343],[134.8837,15.0554],[132.4181,12.5389],[130,10]]]},"properties":{}},{"type":"Feature","geometry":{"type":"MultiLineString","coordinates":[[[130,20],[129.999496,16.853491]],[[129.999496,16.853491],[129.9992,15.0011],[129.999234,14.785477]],[[129.999234,14.785477],[129.999366,13.964003]],[[129.999366,13.964003],[130,10]]]},"properties":{}},{"type":"Feature","geometry":{"type":"MultiLineString","coordinates":[[[140,-0.00002],[137.524,2.5118],[135.0384,5.019],[135.000148,5.057143]],[[135.000148,5.057143],[132.5336,7.5167],[130,10]]]},"properties":{}},{"type":"Feature","geometry":{"type":"MultiLineString","coordinates":[[[140,20],[136.996598,20.04157]],[[136.996598,20.04157],[136.746622,20.04503]],[[136.746622,20.04503],[135.0004,20.0692],[134.213858,20.058315]],[[134.213858,20.058315],[130,20]]]},"properties":{}},{"type":"Feature","geometry":{"type":"MultiLineString","coordinates":[[[130,20],[132.959759,23.137263]],[[132.959759,23.137263],[134.7972,25.0849],[135.329713,25.587966]],[[135.329713,25.587966],[140,30]]]},"properties":{}},{"type":"Feature","geometry":{"type":"MultiLineString","coordinates":[[[130,20],[132.207017,23.703454]],[[132.207017,23.703454],[132.2428,23.7635],[134.247623,26.910017]],[[134.247623,26.910017],[134.6178,27.491],[135.371219,28.583451]],[[135.371219,28.583451],[136.643593,30.428384]],[[136.643593,30.428384],[137.1574,31.1734],[137.503152,31.630595]],[[137.503152,31.630595],[139.417351,34.161782]],[[139.417351,34.161782],[139.616699,34.425385]],[[139.616699,34.425385],[139.9,34.8]]]},"properties":{}},{"type":"Feature","geometry":{"type":"MultiLineString","coordinates":[[[130,20],[131.82805,18.268861]],[[131.82805,18.268861],[132.5937,17.5438],[133.212165,16.933839]],[[133.212165,16.933839],[134.123152,16.035377]],[[134.123152,16.035377],[135.000245,15.170343]],[[135.000245,15.170343],[135.1175,15.0547],[137.668,12.7221],[140,10]]]},"properties":{}},{"type":"Feature","geometry":{"type":"LineString","coordinates":[[130,36.4],[139.4,41.2]]},"properties":{}},{"type":"Feature","geometry":{"type":"MultiLineString","coordinates":[[[130,36.4],[133.018934,39.226838]],[[133.018934,39.226838],[134.7666,40.8633],[136.258596,42.026685]],[[136.258596,42.026685],[140.2,45.1]]]},"properties":{}},{"type":"Feature","geometry":{"type":"LineString","coordinates":[[131.7,35.3],[130.1,34.3]]},"properties":{}},{"type":"Feature","geometry":{"type":"LineString","coordinates":[[131.8,-11.9],[130.8,-12.2]]},"properties":{}},{"type":"Feature","geometry":{"type":"LineString","coordinates":[[130.9,31],[132.4,32.4]]},"properties":{}},{"type":"Feature","geometry":{"type":"MultiLineString","coordinates":[[[140,20],[138.638163,21.628589]],[[138.638163,21.628589],[137.819493,22.607616]],[[137.819493,22.607616],[135.441,25.452],[135.329713,25.587966]],[[135.329713,25.587966],[134.247623,26.910017]],[[134.247623,26.910017],[133.395352,27.951286]],[[133.395352,27.951286],[130.9,31]]]},"properties":{}},{"type":"Feature","geometry":{"type":"MultiLineString","coordinates":[[[-149.7,-17.4],[-145.714788,-14.445031]],[[-145.714788,-14.445031],[-144.7742,-13.7476],[-140,-10]]]},"properties":{}},{"type":"Feature","geometry":{"type":"MultiLineString","coordinates":[[[140,30],[136.643593,30.428384]],[[136.643593,30.428384],[135.4737,30.5777],[130.9,31]]]},"properties":{}},{"type":"Feature","geometry":{"type":"MultiLineString","coordinates":[[[131.4,-3],[134.423123,-4.950402]],[[134.423123,-4.950402],[134.5,-5]]]},"properties":{}},{"type":"Feature","geometry":{"type":"LineString","coordinates":[[131.8,-10.5],[131.8,-11.9]]},"properties":{}},{"type":"Feature","geometry":{"type":"LineString","coordinates":[[132,-8.9],[131.8,-10.5]]},"properties":{}},{"type":"Feature","geometry":{"type":"MultiLineString","coordinates":[[[-176.7,51.6],[-176.996223,50.558732]],[[-176.996223,50.558732],[-177.754498,47.893281]],[[-177.754498,47.893281],[-180,40]]]},"properties":{}},{"type":"Feature","geometry":{"type":"LineString","coordinates":[[132.4,32.4],[131.9,33.75]]},"properties":{}},{"type":"Feature","geometry":{"type":"MultiLineString","coordinates":[[[132,-8.9],[136.883394,-9.695184]],[[136.883394,-9.695184],[137.147643,-9.738213]],[[137.147643,-9.738213],[142.133,-10.55]]]},"properties":{}},{"type":"Feature","geometry":{"type":"MultiLineString","coordinates":[[[137,-9],[135.775966,-8.975519]],[[135.775966,-8.975519],[132,-8.9]]]},"properties":{}},{"type":"Feature","geometry":{"type":"MultiLineString","coordinates":[[[-149.7,-17.4],[-148.1031,-13.9379],[-147.51119,-12.611392]],[[-147.51119,-12.611392],[-146.5533,-10.4647],[-146.362614,-10.026699]],[[-146.362614,-10.026699],[-145.0377,-6.9834],[-144.619775,-6.007552]],[[-144.619775,-6.007552],[-144.44838,-5.607347]],[[-144.44838,-5.607347],[-143.614346,-3.659889]],[[-143.614346,-3.659889],[-143.5445,-3.4968],[-142.0623,-0.0076],[-142.059079,-0.000018]],[[-142.059079,-0.000018],[-141.814474,0.575815]],[[-141.814474,0.575815],[-141.438979,1.459781]],[[-141.438979,1.459781],[-140.5801,3.4817],[-140.00029,4.835586]],[[-140.00029,4.835586],[-139.0869,6.9684],[-138.665674,7.936075]],[[-138.665674,7.936075],[-138.434978,8.466049]],[[-138.434978,8.466049],[-137.760097,10.01644]],[[-137.760097,10.01644],[-137.5715,10.4497],[-136.542646,12.755228]],[[-136.542646,12.755228],[-136.0217,13.9226],[-135.839738,14.317098]],[[-135.839738,14.317098],[-135.404841,15.259964]],[[-135.404841,15.259964],[-135.306595,15.472964]],[[-135.306595,15.472964],[-134.4249,17.3845],[-133.170208,19.993165]],[[-133.170208,19.993165],[-133.145977,20.043544]],[[-133.145977,20.043544],[-132.7668,20.8319],[-132.074794,22.199442]],[[-132.074794,22.199442],[-131.0315,24.2612],[-130.032241,26.120545]],[[-130.032241,26.120545],[-130.00107,26.178545]],[[-130.00107,26.178545],[-129.2006,27.668],[-128.612144,28.68897]],[[-128.612144,28.68897],[-127.833153,30.040516]],[[-127.833153,30.040516],[-127.348981,30.880553]],[[-127.348981,30.880553],[-127.2527,31.0476],[-126.597773,32.096154]],[[-126.597773,32.096154],[-125.79442,33.38234]],[[-125.79442,33.38234],[-125.1626,34.3939],[-124.684237,35.092881]],[[-124.684237,35.092881],[-124.335754,35.602083]],[[-124.335754,35.602083],[-123.259905,37.174108]],[[-123.259905,37.174108],[-122.9,37.7]]]},"properties":{}},{"type":"Feature","geometry":{"type":"LineString","coordinates":[[132,42.3],[133.7,42.7]]},"properties":{}},{"type":"Feature","geometry":{"type":"LineString","coordinates":[[132.4,32.4],[135.1,33.2]]},"properties":{}},{"type":"Feature","geometry":{"type":"LineString","coordinates":[[140.2,45.1],[133.7,42.7]]},"properties":{}},{"type":"Feature","geometry":{"type":"MultiLineString","coordinates":[[[139.4,41.2],[136.258596,42.026685]],[[136.258596,42.026685],[135.456186,42.237846]],[[135.456186,42.237846],[133.7,42.7]]]},"properties":{}},{"type":"Feature","geometry":{"type":"LineString","coordinates":[[134.5,-34],[136,-35.5]]},"properties":{}},{"type":"Feature","geometry":{"type":"LineString","coordinates":[[134.5,-5],[137,-9]]},"properties":{}},{"type":"Feature","geometry":{"type":"MultiLineString","coordinates":[[[140,30],[137.503152,31.630595]],[[137.503152,31.630595],[135.1,33.2]]]},"properties":{}},{"type":"Feature","geometry":{"type":"MultiLineString","coordinates":[[[-149.7,-17.4],[-147.9606,-20.7955],[-145.4507,-23.8627],[-144.58134,-24.85619]],[[-144.58134,-24.85619],[-142.7074,-26.9977],[-140,-30]]]},"properties":{}},{"type":"Feature","geometry":{"type":"LineString","coordinates":[[136,-35.5],[138,-35.7]]},"properties":{}},{"type":"Feature","geometry":{"type":"LineString","coordinates":[[140,-0.00002],[136,-0.00002]]},"properties":{}},{"type":"Feature","geometry":{"type":"LineString","coordinates":[[141,-2],[136,-0.00002]]},"properties":{}},{"type":"Feature","geometry":{"type":"LineString","coordinates":[[137,-15],[137.6,-12]]},"properties":{}},{"type":"Feature","geometry":{"type":"MultiLineString","coordinates":[[[140.6,-16.7],[139.309287,-16.090497]],[[139.309287,-16.090497],[137,-15]]]},"properties":{}},{"type":"Feature","geometry":{"type":"MultiLineString","coordinates":[[[137.6,-12],[137.177226,-9.886132]],[[137.177226,-9.886132],[137.147643,-9.738213]],[[137.147643,-9.738213],[137,-9]]]},"properties":{}},{"type":"Feature","geometry":{"type":"LineString","coordinates":[[142.133,-10.55],[137,-9]]},"properties":{}},{"type":"Feature","geometry":{"type":"LineString","coordinates":[[141.2,-13],[137.6,-12]]},"properties":{}},{"type":"Feature","geometry":{"type":"LineString","coordinates":[[139.7,56.2],[137.9671,56.119]]},"properties":{}},{"type":"Feature","geometry":{"type":"LineString","coordinates":[[138,-35.7],[141,-38.7]]},"properties":{}},{"type":"Feature","geometry":{"type":"LineString","coordinates":[[-149.7,-17.4],[-144.8871,-18.7592],[-140,-20]]},"properties":{}},{"type":"Feature","geometry":{"type":"MultiLineString","coordinates":[[[140,30],[139.417351,34.161782]],[[139.417351,34.161782],[139.3,35]]]},"properties":{}},{"type":"Feature","geometry":{"type":"LineString","coordinates":[[139.3,35],[139.9,34.8]]},"properties":{}},{"type":"Feature","geometry":{"type":"LineString","coordinates":[[140.2,45.1],[139.4,41.2]]},"properties":{}},{"type":"Feature","geometry":{"type":"LineString","coordinates":[[139.7,56.2],[150.9,58.7]]},"properties":{}},{"type":"Feature","geometry":{"type":"LineString","coordinates":[[145.9478,50.9395],[143.432,54.574],[139.7,56.2]]},"properties":{}},{"type":"Feature","geometry":{"type":"MultiLineString","coordinates":[[[139.7,56.2],[147.90436,54.005589]],[[147.90436,54.005589],[148.8577,53.7506],[156.9,50.7]]]},"properties":{}},{"type":"Feature","geometry":{"type":"LineString","coordinates":[[139.9,34.8],[141.3,35.9]]},"properties":{}},{"type":"Feature","geometry":{"type":"LineString","coordinates":[[141.3,35.9],[140.4029,35.2011],[139.9,34.8]]},"properties":{}},{"type":"Feature","geometry":{"type":"MultiLineString","coordinates":[[[150,30],[145.078,32.4854],[143.099554,33.369778]],[[143.099554,33.369778],[139.9,34.8]]]},"properties":{}},{"type":"Feature","geometry":{"type":"LineString","coordinates":[[-148.6736,60.7802],[-148.6348,60.8011],[-148.5658,60.8137],[-148.4809,60.8193],[-148.3107,60.7786],[-146.9495,60.7495]]},"properties":{}},{"type":"Feature","geometry":{"type":"LineString","coordinates":[[140,-50],[150,-50]]},"properties":{}},{"type":"Feature","geometry":{"type":"LineString","coordinates":[[146,-44],[143.1682,-47.0398],[140,-50]]},"properties":{}},{"type":"Feature","geometry":{"type":"LineString","coordinates":[[141,-38.7],[140.5515,-44.354],[140,-50]]},"properties":{}},{"type":"Feature","geometry":{"type":"MultiLineString","coordinates":[[[150,-0.00001],[145,-0.00002],[144.729739,-0.00002]],[[144.729739,-0.00002],[140,-0.00002]]]},"properties":{}},{"type":"Feature","geometry":{"type":"MultiLineString","coordinates":[[[140,-0.00002],[142.4763,2.512],[143.197543,3.239481]],[[143.197543,3.239481],[144.9621,5.0193],[145.000099,5.057193]],[[145.000099,5.057193],[147.4667,7.5169],[150,10]]]},"properties":{}},{"type":"Feature","geometry":{"type":"LineString","coordinates":[[-146.3467,61.1246],[-146.376,61.1024],[-146.6178,61.1032],[-146.71,61.0365],[-146.8544,60.9099],[-146.9495,60.7495]]},"properties":{}},{"type":"Feature","geometry":{"type":"LineString","coordinates":[[140,-0.00002],[139.9997,5.0003],[140,10]]},"properties":{}},{"type":"Feature","geometry":{"type":"LineString","coordinates":[[140,-0.00002],[141,-2]]},"properties":{}},{"type":"Feature","geometry":{"type":"MultiLineString","coordinates":[[[150,20],[146.113119,20.053799]],[[146.113119,20.053799],[145.0004,20.0692],[140,20]]]},"properties":{}},{"type":"Feature","geometry":{"type":"MultiLineString","coordinates":[[[140,20],[144.315652,24.574472]],[[144.315652,24.574472],[144.7972,25.0849],[145.000156,25.276633]],[[145.000156,25.276633],[150,30]]]},"properties":{}},{"type":"Feature","geometry":{"type":"MultiLineString","coordinates":[[[140,20],[139.999231,22.745844]],[[139.999231,22.745844],[139.998858,24.079767]],[[139.998858,24.079767],[139.9986,25.0017],[140,30]]]},"properties":{}},{"type":"Feature","geometry":{"type":"LineString","coordinates":[[-146.9495,60.7495],[-146.924,60.4082],[-146.7694,60.1439]]},"properties":{}},{"type":"Feature","geometry":{"type":"MultiLineString","coordinates":[[[140,20],[139.999633,17.707612]],[[139.999633,17.707612],[139.999626,17.662724]],[[139.999626,17.662724],[139.9992,15.0011],[140,10]]]},"properties":{}},{"type":"Feature","geometry":{"type":"MultiLineString","coordinates":[[[140,30],[141.99406,30.037285]],[[141.99406,30.037285],[145.0005,30.0935],[150,30]]]},"properties":{}},{"type":"Feature","geometry":{"type":"MultiLineString","coordinates":[[[140,30],[141.285489,31.39756]],[[141.285489,31.39756],[143.099554,33.369778]],[[143.099554,33.369778],[144.6948,35.1041],[147.866132,38.030762]],[[147.866132,38.030762],[150,40]]]},"properties":{}},{"type":"Feature","geometry":{"type":"LineString","coordinates":[[-145.7645,60.5413],[-145.8157,60.5422],[-146.108,60.4543],[-146.2295,60.438],[-146.3389,60.4465],[-146.3389,60.4766],[-146.3736,60.5127],[-146.9495,60.7495]]},"properties":{}},{"type":"Feature","geometry":{"type":"MultiLineString","coordinates":[[[150,20],[145.2045,25.0836],[145.000156,25.276633]],[[145.000156,25.276633],[144.23225,26.00203]],[[144.23225,26.00203],[143.754336,26.453489]],[[143.754336,26.453489],[143.35799,26.827895]],[[143.35799,26.827895],[140,30]]]},"properties":{}},{"type":"Feature","geometry":{"type":"LineString","coordinates":[[150,10],[145.0002,10.0367],[140,10]]},"properties":{}},{"type":"Feature","geometry":{"type":"MultiLineString","coordinates":[[[147,-4.8],[144.729739,-0.00002]],[[144.729739,-0.00002],[143.197543,3.239481]],[[143.197543,3.239481],[140,10]]]},"properties":{}},{"type":"Feature","geometry":{"type":"MultiLineString","coordinates":[[[150,-0.00001],[147.524,2.5119],[145.0384,5.019],[145.000099,5.057193]],[[145.000099,5.057193],[142.5336,7.5167],[140,10]]]},"properties":{}},{"type":"Feature","geometry":{"type":"MultiLineString","coordinates":[[[-146.7694,60.1439],[-146.030856,59.510972]],[[-146.030856,59.510972],[-140.4172,54.7001],[-138.899944,53.369746]],[[-138.899944,53.369746],[-136.903273,51.619032]],[[-136.903273,51.619032],[-135.056783,50]],[[-135.056783,50],[-134.4497,49.4677],[-133.975899,48.958813]],[[-133.975899,48.958813],[-132.691592,47.579399]],[[-132.691592,47.579399],[-132.411326,47.278378]],[[-132.411326,47.278378],[-130.892007,45.64655]],[[-130.892007,45.64655],[-130.002814,44.691509]],[[-130.002814,44.691509],[-129.455153,44.103293]],[[-129.455153,44.103293],[-129.2291,43.8605],[-127.752866,42.292469]],[[-127.752866,42.292469],[-127.670363,42.204835]],[[-127.670363,42.204835],[-124.3291,38.6558]]]},"properties":{}},{"type":"Feature","geometry":{"type":"LineString","coordinates":[[142,45.8],[140.2,45.1]]},"properties":{}},{"type":"Feature","geometry":{"type":"LineString","coordinates":[[140.2,45.1],[141,49]]},"properties":{}},{"type":"Feature","geometry":{"type":"LineString","coordinates":[[141.2,-13],[140.6,-16.7]]},"properties":{}},{"type":"Feature","geometry":{"type":"LineString","coordinates":[[141,-38.7],[144,-42]]},"properties":{}},{"type":"Feature","geometry":{"type":"LineString","coordinates":[[142.3,-38.9],[141,-38.7]]},"properties":{}},{"type":"Feature","geometry":{"type":"LineString","coordinates":[[-146.1,59.6],[-146.7694,60.1439]]},"properties":{}},{"type":"Feature","geometry":{"type":"LineString","coordinates":[[144,-3],[141,-2]]},"properties":{}},{"type":"Feature","geometry":{"type":"LineString","coordinates":[[141.3,35.9],[145.5292,38.0301],[150,40]]},"properties":{}},{"type":"Feature","geometry":{"type":"LineString","coordinates":[[-146.7694,60.1439],[-144.6242,59.7622],[-143.1109,59.664],[-140.3786,59.3055],[-137.5127,57.8778]]},"properties":{}},{"type":"Feature","geometry":{"type":"MultiLineString","coordinates":[[[172.9,52.6],[167.8712,51.0606],[163.1846,49.32],[160.925037,48.324829]],[[160.925037,48.324829],[160.281349,48.041332]],[[160.281349,48.041332],[158.832,47.403],[158.070555,47.012516]],[[158.070555,47.012516],[154.7951,45.3328],[152.199387,43.806106]],[[152.199387,43.806106],[151.0502,43.1302],[148.341509,41.326793]],[[148.341509,41.326793],[147.5707,40.8136],[146.810089,40.246961]],[[146.810089,40.246961],[144.3294,38.3989],[141.3,35.9]]]},"properties":{}},{"type":"Feature","geometry":{"type":"LineString","coordinates":[[141.3,35.9],[142,38]]},"properties":{}},{"type":"Feature","geometry":{"type":"LineString","coordinates":[[142,38],[142.25,40.6]]},"properties":{}},{"type":"Feature","geometry":{"type":"MultiLineString","coordinates":[[[156.9,50.7],[149.0927,48.4904],[145.972301,47.306772]],[[145.972301,47.306772],[142,45.8]]]},"properties":{}},{"type":"Feature","geometry":{"type":"LineString","coordinates":[[147,-10],[142.133,-10.55]]},"properties":{}},{"type":"Feature","geometry":{"type":"LineString","coordinates":[[144.5,-8.5],[142.133,-10.55]]},"properties":{}},{"type":"Feature","geometry":{"type":"LineString","coordinates":[[145.4,-14.7],[142.133,-10.55]]},"properties":{}},{"type":"Feature","geometry":{"type":"LineString","coordinates":[[142.25,40.6],[143.3,41.9]]},"properties":{}},{"type":"Feature","geometry":{"type":"MultiLineString","coordinates":[[[142.25,40.6],[146.810089,40.246961]],[[146.810089,40.246961],[147.882113,40.163965]],[[147.882113,40.163965],[150,40]]]},"properties":{}},{"type":"Feature","geometry":{"type":"MultiLineString","coordinates":[[[-140,50],[-140.368581,50.738887]],[[-140.368581,50.738887],[-141.171396,52.348277]],[[-141.171396,52.348277],[-142.4345,54.8804],[-146.030856,59.510972]],[[-146.030856,59.510972],[-146.1,59.6]]]},"properties":{}},{"type":"Feature","geometry":{"type":"LineString","coordinates":[[142.3,-38.9],[144.3,-39]]},"properties":{}},{"type":"Feature","geometry":{"type":"LineString","coordinates":[[143.3,41.9],[146,43.2]]},"properties":{}},{"type":"Feature","geometry":{"type":"LineString","coordinates":[[144.3,-39],[144,-42]]},"properties":{}},{"type":"Feature","geometry":{"type":"LineString","coordinates":[[144,-42],[146,-44]]},"properties":{}},{"type":"Feature","geometry":{"type":"LineString","coordinates":[[147,-4.8],[144,-3]]},"properties":{}},{"type":"Feature","geometry":{"type":"LineString","coordinates":[[144.3,-39],[146.433,-39.167]]},"properties":{}},{"type":"Feature","geometry":{"type":"LineString","coordinates":[[147,-10],[144.5,-8.5]]},"properties":{}},{"type":"Feature","geometry":{"type":"MultiLineString","coordinates":[[[-140,-50],[-136.1265,-46.516557]],[[-136.1265,-46.516557],[-134.888408,-45.40314]],[[-134.888408,-45.40314],[-134.563,-45.1105],[-130,-40]]]},"properties":{}},{"type":"Feature","geometry":{"type":"LineString","coordinates":[[146,-16.7],[145.4,-14.7]]},"properties":{}},{"type":"Feature","geometry":{"type":"MultiLineString","coordinates":[[[145.9478,50.9395],[147.90436,54.005589]],[[147.90436,54.005589],[150.9,58.7]]]},"properties":{}},{"type":"Feature","geometry":{"type":"MultiLineString","coordinates":[[[146,43.2],[145.972301,47.306772]],[[145.972301,47.306772],[145.9478,50.9395]]]},"properties":{}},{"type":"Feature","geometry":{"type":"LineString","coordinates":[[147.7,-43.6],[146,-44]]},"properties":{}},{"type":"Feature","geometry":{"type":"LineString","coordinates":[[146,-44],[150,-50]]},"properties":{}},{"type":"Feature","geometry":{"type":"MultiLineString","coordinates":[[[146,-16.7],[149.575,-15.1007],[150.19416,-14.809811]],[[150.19416,-14.809811],[152.720317,-13.622989]],[[152.720317,-13.622989],[153.0964,-13.4463],[153.74758,-13.127094]],[[153.74758,-13.127094],[156.5695,-11.7438],[160,-10]]]},"properties":{}},{"type":"Feature","geometry":{"type":"MultiLineString","coordinates":[[[146,-16.7],[148.411635,-13.866328]],[[148.411635,-13.866328],[150,-12]]]},"properties":{}},{"type":"Feature","geometry":{"type":"LineString","coordinates":[[147.1,-18.7],[146,-16.7]]},"properties":{}},{"type":"Feature","geometry":{"type":"MultiLineString","coordinates":[[[146,-16.7],[149.4495,-17.615],[152.9329,-18.4726],[153.016375,-18.491499]],[[153.016375,-18.491499],[153.584019,-18.620019]],[[153.584019,-18.620019],[156.042408,-19.176618]],[[156.042408,-19.176618],[156.45,-19.2689],[160,-20]]]},"properties":{}},{"type":"Feature","geometry":{"type":"MultiLineString","coordinates":[[[-140,-50],[-139.997,-45.0022],[-139.997412,-44.315611]],[[-139.997412,-44.315611],[-140,-40]]]},"properties":{}},{"type":"Feature","geometry":{"type":"MultiLineString","coordinates":[[[172.9,52.6],[165.2486,50.8727],[159.108295,48.963674]],[[159.108295,48.963674],[158.2097,48.6843],[157.615778,48.445155]],[[157.615778,48.445155],[154.355461,47.132377]],[[154.355461,47.132377],[151.8032,46.1047],[146,43.2]]]},"properties":{}},{"type":"Feature","geometry":{"type":"LineString","coordinates":[[156.9,50.7],[151.0681,47.0797],[146,43.2]]},"properties":{}},{"type":"Feature","geometry":{"type":"MultiLineString","coordinates":[[[146,43.2],[148.341509,41.326793]],[[148.341509,41.326793],[148.971707,40.822634]],[[148.971707,40.822634],[150,40]]]},"properties":{}},{"type":"Feature","geometry":{"type":"LineString","coordinates":[[146.433,-39.167],[148.3,-38.4]]},"properties":{}},{"type":"Feature","geometry":{"type":"MultiLineString","coordinates":[[[-178.5,28.5],[-178.682929,30]],[[-178.682929,30],[-179.2018,34.2547],[-180,40]]]},"properties":{}},{"type":"Feature","geometry":{"type":"MultiLineString","coordinates":[[[172,-40.5],[165.5451,-40.6963],[160.519747,-40.570919]],[[160.519747,-40.570919],[160.000335,-40.55796]],[[160.000335,-40.55796],[159.512679,-40.545793]],[[159.512679,-40.545793],[159.0881,-40.5352],[152.6969,-40.0212],[151.264773,-39.825903]],[[151.264773,-39.825903],[149.702978,-39.612923]],[[149.702978,-39.612923],[146.433,-39.167]]]},"properties":{}},{"type":"Feature","geometry":{"type":"LineString","coordinates":[[147,-10],[150,-12]]},"properties":{}},{"type":"Feature","geometry":{"type":"LineString","coordinates":[[147,-10],[147.0514,-10.0322],[150,-12]]},"properties":{}},{"type":"Feature","geometry":{"type":"LineString","coordinates":[[152.05,-3.8],[147,-4.8]]},"properties":{}},{"type":"Feature","geometry":{"type":"LineString","coordinates":[[150,-0.00001],[147,-4.8]]},"properties":{}},{"type":"Feature","geometry":{"type":"LineString","coordinates":[[149,-7],[147,-4.8]]},"properties":{}},{"type":"Feature","geometry":{"type":"LineString","coordinates":[[-130,-50],[-140,-50]]},"properties":{}},{"type":"Feature","geometry":{"type":"LineString","coordinates":[[147,-4.8],[148.5615,-6.5022],[149,-7]]},"properties":{}},{"type":"Feature","geometry":{"type":"LineString","coordinates":[[150,-21],[147.1,-18.7]]},"properties":{}},{"type":"Feature","geometry":{"type":"LineString","coordinates":[[149,-43],[147.7,-43.6]]},"properties":{}},{"type":"Feature","geometry":{"type":"LineString","coordinates":[[148.3,-38.4],[150.1,-37.7]]},"properties":{}},{"type":"Feature","geometry":{"type":"LineString","coordinates":[[148.3,-38.4],[149.189,-38.0408],[150.1,-37.7]]},"properties":{}},{"type":"Feature","geometry":{"type":"MultiLineString","coordinates":[[[150.1,-37.7],[149.702978,-39.612923]],[[149.702978,-39.612923],[149.445725,-40.852416]],[[149.445725,-40.852416],[149,-43]]]},"properties":{}},{"type":"Feature","geometry":{"type":"LineString","coordinates":[[149,-43],[149.4695,-46.502],[150,-50]]},"properties":{}},{"type":"Feature","geometry":{"type":"LineString","coordinates":[[152.6,-5.2],[149,-7]]},"properties":{}},{"type":"Feature","geometry":{"type":"LineString","coordinates":[[152.5,-10],[149,-7]]},"properties":{}},{"type":"Feature","geometry":{"type":"LineString","coordinates":[[160,-50],[150,-50]]},"properties":{}},{"type":"Feature","geometry":{"type":"MultiLineString","coordinates":[[[150,-50],[155.437,-45.1105],[155.463805,-45.080478]],[[155.463805,-45.080478],[156.902831,-43.468789]],[[156.902831,-43.468789],[159.512679,-40.545793]],[[159.512679,-40.545793],[160,-40]]]},"properties":{}},{"type":"Feature","geometry":{"type":"MultiLineString","coordinates":[[[-130,-30],[-134.6948,-35.1041],[-134.999976,-35.385732]],[[-134.999976,-35.385732],[-140,-40]]]},"properties":{}},{"type":"Feature","geometry":{"type":"LineString","coordinates":[[153.4,-24.8],[150,-21]]},"properties":{}},{"type":"Feature","geometry":{"type":"MultiLineString","coordinates":[[[160,-10],[155.0166,-11.0406],[153.802797,-11.272734]],[[153.802797,-11.272734],[152.591483,-11.504392]],[[152.591483,-11.504392],[150,-12]]]},"properties":{}},{"type":"Feature","geometry":{"type":"LineString","coordinates":[[152.5,-10],[150,-12]]},"properties":{}},{"type":"Feature","geometry":{"type":"MultiLineString","coordinates":[[[150,-0.00001],[152.580392,-0.00001]],[[152.580392,-0.00001],[155,-0.00001],[160,-0.00002]]]},"properties":{}},{"type":"Feature","geometry":{"type":"MultiLineString","coordinates":[[[150,-0.00001],[152.138048,2.15341]],[[152.138048,2.15341],[155.010652,5.046669]],[[155.010652,5.046669],[157.117204,7.168367]],[[157.117204,7.168367],[157.6787,7.7339],[159.112119,9.133233]],[[159.112119,9.133233],[160,10]]]},"properties":{}},{"type":"Feature","geometry":{"type":"MultiLineString","coordinates":[[[150,-0.00001],[152.13542,2.166204]],[[152.13542,2.166204],[152.4763,2.512],[154.9621,5.0192],[155.000148,5.057143]],[[155.000148,5.057143],[157.117204,7.168367]],[[157.117204,7.168367],[157.4667,7.5169],[159.113739,9.131301]],[[159.113739,9.131301],[160,10]]]},"properties":{}},{"type":"Feature","geometry":{"type":"LineString","coordinates":[[150,-0.00001],[149.9997,5.0004],[150,10]]},"properties":{}},{"type":"Feature","geometry":{"type":"MultiLineString","coordinates":[[[150,-0.00001],[152.8981,-2.4985],[153.135688,-2.703306]],[[153.135688,-2.703306],[155.8,-5]]]},"properties":{}},{"type":"Feature","geometry":{"type":"MultiLineString","coordinates":[[[160,10],[158.375308,10.011926]],[[158.375308,10.011926],[155.0002,10.0367],[150,10]]]},"properties":{}},{"type":"Feature","geometry":{"type":"MultiLineString","coordinates":[[[160,20],[157.4073,17.5443],[156.824552,16.969565]],[[156.824552,16.969565],[155.000245,15.170343]],[[155.000245,15.170343],[154.8837,15.0554],[154.486306,14.649802]],[[154.486306,14.649802],[152.4181,12.5389],[150,10]]]},"properties":{}},{"type":"Feature","geometry":{"type":"MultiLineString","coordinates":[[[-140,-30],[-139.999275,-31.577027]],[[-139.999275,-31.577027],[-139.9977,-35.0021],[-140,-40]]]},"properties":{}},{"type":"Feature","geometry":{"type":"MultiLineString","coordinates":[[[150,20],[149.999467,16.668824]],[[149.999467,16.668824],[149.999214,15.090712]],[[149.999214,15.090712],[149.9992,15.0011],[150,10]]]},"properties":{}},{"type":"Feature","geometry":{"type":"MultiLineString","coordinates":[[[153.4,-24.8],[153.584019,-18.620019]],[[153.584019,-18.620019],[153.643117,-16.635329]],[[153.643117,-16.635329],[153.74758,-13.127094]],[[153.74758,-13.127094],[153.802797,-11.272734]],[[153.802797,-11.272734],[153.840476,-10.007364]],[[153.840476,-10.007364],[153.877272,-8.771622]],[[153.877272,-8.771622],[153.9412,-6.6247],[153.635255,-5.135297]],[[153.635255,-5.135297],[153.135688,-2.703306]],[[153.135688,-2.703306],[152.580392,-0.00001]],[[152.580392,-0.00001],[152.138048,2.15341]],[[152.138048,2.15341],[152.13542,2.166204]],[[152.13542,2.166204],[151.8099,3.7509],[150,10]]]},"properties":{}},{"type":"Feature","geometry":{"type":"MultiLineString","coordinates":[[[160,-0.00002],[157.524,2.5119],[155.0384,5.019],[155.010652,5.046669]],[[155.010652,5.046669],[155.000148,5.057143]],[[155.000148,5.057143],[152.5336,7.5167],[150,10]]]},"properties":{}},{"type":"Feature","geometry":{"type":"MultiLineString","coordinates":[[[150,20],[155.0004,20.0692],[155.707322,20.059415]],[[155.707322,20.059415],[160,20]]]},"properties":{}},{"type":"Feature","geometry":{"type":"MultiLineString","coordinates":[[[150,20],[154.7972,25.0849],[155.000156,25.276633]],[[155.000156,25.276633],[160,30]]]},"properties":{}},{"type":"Feature","geometry":{"type":"LineString","coordinates":[[150,20],[149.9986,25.0017],[150,30]]},"properties":{}},{"type":"Feature","geometry":{"type":"MultiLineString","coordinates":[[[150,20],[151.853844,17.789176]],[[151.853844,17.789176],[153.339105,16.017911]],[[153.339105,16.017911],[154.486306,14.649802]],[[154.486306,14.649802],[158.375308,10.011926]],[[158.375308,10.011926],[159.112119,9.133233]],[[159.112119,9.133233],[159.113739,9.131301]],[[159.113739,9.131301],[159.999876,8.074528]],[[159.999876,8.074528],[159.999923,8.074471]],[[159.999923,8.074471],[163.075111,4.407119]],[[163.075111,4.407119],[166.322489,0.534419]],[[166.322489,0.534419],[167.0719,-0.3593],[168.457366,-2.888399]],[[168.457366,-2.888399],[170.798781,-7.162533]],[[170.798781,-7.162533],[171.531063,-8.499277]],[[171.531063,-8.499277],[172.217611,-9.752535]],[[172.217611,-9.752535],[174.130133,-13.243748]],[[174.130133,-13.243748],[174.827354,-14.516489]],[[174.827354,-14.516489],[174.862126,-14.579963]],[[174.862126,-14.579963],[176.9,-18.3]]]},"properties":{}},{"type":"Feature","geometry":{"type":"MultiLineString","coordinates":[[[150,20],[152.147341,17.966496]],[[152.147341,17.966496],[152.5937,17.5438],[153.964489,16.191858]],[[153.964489,16.191858],[155.000245,15.170343]],[[155.000245,15.170343],[155.1175,15.0547],[157.6649,12.7205],[160,10]]]},"properties":{}},{"type":"Feature","geometry":{"type":"LineString","coordinates":[[160,30],[155.0005,30.0935],[150,30]]},"properties":{}},{"type":"Feature","geometry":{"type":"MultiLineString","coordinates":[[[150,30],[156.7987,33.1634],[157.014745,33.245683]],[[157.014745,33.245683],[159.99816,34.381947]],[[159.99816,34.381947],[164.0683,35.9321],[164.325193,36.008461]],[[164.325193,36.008461],[166.316005,36.600227]],[[166.316005,36.600227],[169.999032,37.695003]],[[169.999032,37.695003],[171.814,38.2345],[180,40]]]},"properties":{}},{"type":"Feature","geometry":{"type":"MultiLineString","coordinates":[[[-130,-50],[-134.888408,-45.40314]],[[-134.888408,-45.40314],[-135.2833,-45.0318],[-140,-40]]]},"properties":{}},{"type":"Feature","geometry":{"type":"MultiLineString","coordinates":[[[150,30],[154.6948,35.1041],[154.999976,35.385732]],[[154.999976,35.385732],[160,40]]]},"properties":{}},{"type":"Feature","geometry":{"type":"MultiLineString","coordinates":[[[150,30],[149.9979,35.002],[149.999536,38.89599]],[[149.999536,38.89599],[150,40]]]},"properties":{}},{"type":"Feature","geometry":{"type":"MultiLineString","coordinates":[[[150,30],[155.000156,25.276633]],[[155.000156,25.276633],[155.2045,25.0836],[158.481471,21.609758]],[[158.481471,21.609758],[160,20]]]},"properties":{}},{"type":"Feature","geometry":{"type":"MultiLineString","coordinates":[[[156.9,50.7],[154.355461,47.132377]],[[154.355461,47.132377],[153.687693,46.196119]],[[153.687693,46.196119],[153.1228,45.4041],[152.199387,43.806106]],[[152.199387,43.806106],[151.139742,41.972358]],[[151.139742,41.972358],[150,40]]]},"properties":{}},{"type":"Feature","geometry":{"type":"MultiLineString","coordinates":[[[160,30],[157.014745,33.245683]],[[157.014745,33.245683],[155.3071,35.1023],[154.999976,35.385732]],[[154.999976,35.385732],[150.830929,39.233171]],[[150.830929,39.233171],[150,40]]]},"properties":{}},{"type":"Feature","geometry":{"type":"LineString","coordinates":[[150.1,-37.7],[151.5,-34.0001]]},"properties":{}},{"type":"Feature","geometry":{"type":"MultiLineString","coordinates":[[[150.1,-37.7],[151.264773,-39.825903]],[[151.264773,-39.825903],[151.8588,-40.9101],[152.868287,-42.084508]],[[152.868287,-42.084508],[154.4327,-43.9045],[155.463805,-45.080478]],[[155.463805,-45.080478],[157.1451,-46.998],[160,-50]]]},"properties":{}},{"type":"Feature","geometry":{"type":"LineString","coordinates":[[150.1,-37.7],[154.97,-38.952],[160,-40]]},"properties":{}},{"type":"Feature","geometry":{"type":"MultiLineString","coordinates":[[[150.9,58.7],[154.4898,54.7695]],[[154.4898,54.7695],[156.9,50.7]]]},"properties":{}},{"type":"Feature","geometry":{"type":"LineString","coordinates":[[-130,-40],[-135.0004,-40.1068],[-140,-40]]},"properties":{}},{"type":"Feature","geometry":{"type":"MultiLineString","coordinates":[[[151.5,-34.0001],[158.8303,-33.6136],[160.00181,-33.482419]],[[160.00181,-33.482419],[163.503777,-33.090282]],[[163.503777,-33.090282],[166.0622,-32.8038],[167.675796,-32.526832]],[[167.675796,-32.526832],[171.020723,-31.952688]],[[171.020723,-31.952688],[171.816155,-31.816155]],[[171.816155,-31.816155],[173.1343,-31.5899],[180,-30]]]},"properties":{}},{"type":"Feature","geometry":{"type":"LineString","coordinates":[[152.25,-33],[151.5,-34.0001]]},"properties":{}},{"type":"Feature","geometry":{"type":"MultiLineString","coordinates":[[[151.5,-34.0001],[155.200959,-36.699076]],[[155.200959,-36.699076],[155.6365,-37.0167],[160,-40]]]},"properties":{}},{"type":"Feature","geometry":{"type":"MultiLineString","coordinates":[[[173.9,-40.3],[172.546197,-40.031831]],[[172.546197,-40.031831],[171.138719,-39.75303]],[[171.138719,-39.75303],[167.9561,-39.1226],[166.669006,-38.794089]],[[166.669006,-38.794089],[162.468477,-37.721968]],[[162.468477,-37.721968],[162.23,-37.6611],[160.00158,-36.963571]],[[160.00158,-36.963571],[157.632378,-36.221976]],[[157.632378,-36.221976],[156.7424,-35.9434],[151.5,-34.0001]]]},"properties":{}},{"type":"Feature","geometry":{"type":"MultiLineString","coordinates":[[[174,-37],[168.2311,-36.6445],[167.460387,-36.559703]],[[167.460387,-36.559703],[164.125501,-36.192784]],[[164.125501,-36.192784],[162.536,-36.0179],[160.400011,-35.678904]],[[160.400011,-35.678904],[160.002281,-35.615781]],[[160.002281,-35.615781],[156.9496,-35.1313],[151.5,-34.0001]]]},"properties":{}},{"type":"Feature","geometry":{"type":"MultiLineString","coordinates":[[[151.5,-34.0001],[156.6664,-34.4269],[160.002371,-34.561894]],[[160.002371,-34.561894],[161.8732,-34.6376],[165.251846,-34.63184]],[[165.251846,-34.63184],[165.740356,-34.631007]],[[165.740356,-34.631007],[167.0935,-34.6287],[172.3,-34.4]]]},"properties":{}},{"type":"Feature","geometry":{"type":"LineString","coordinates":[[152.6,-5.2],[152.05,-3.8]]},"properties":{}},{"type":"Feature","geometry":{"type":"LineString","coordinates":[[152.25,-33],[156.1867,-31.5583],[160,-30]]},"properties":{}},{"type":"Feature","geometry":{"type":"LineString","coordinates":[[152.25,-33],[153.5,-31]]},"properties":{}},{"type":"Feature","geometry":{"type":"MultiLineString","coordinates":[[[152.5,-10],[153.877272,-8.771622]],[[153.877272,-8.771622],[156.2,-6.7]]]},"properties":{}},{"type":"Feature","geometry":{"type":"MultiLineString","coordinates":[[[-140,-30],[-135.000105,-25.276681]],[[-135.000105,-25.276681],[-134.7972,-25.085],[-130,-20]]]},"properties":{}},{"type":"Feature","geometry":{"type":"LineString","coordinates":[[152.5,-10],[152.6,-5.2]]},"properties":{}},{"type":"Feature","geometry":{"type":"MultiLineString","coordinates":[[[152.5,-10],[152.591483,-11.504392]],[[152.591483,-11.504392],[152.720317,-13.622989]],[[152.720317,-13.622989],[152.878902,-16.230833]],[[152.878902,-16.230833],[153.016375,-18.491499]],[[153.016375,-18.491499],[153.4,-24.8]]]},"properties":{}},{"type":"Feature","geometry":{"type":"MultiLineString","coordinates":[[[152.5,-10],[153.840476,-10.007364]],[[153.840476,-10.007364],[156.2499,-10.0206],[160,-10]]]},"properties":{}},{"type":"Feature","geometry":{"type":"MultiLineString","coordinates":[[[152.6,-5.2],[153.635255,-5.135297]],[[153.635255,-5.135297],[155.8,-5]]]},"properties":{}},{"type":"Feature","geometry":{"type":"LineString","coordinates":[[153.4,-24.8],[156.7565,-22.4337],[160,-20]]},"properties":{}},{"type":"Feature","geometry":{"type":"MultiLineString","coordinates":[[[-140,-30],[-135.031943,-25.246605]],[[-135.031943,-25.246605],[-134.5057,-24.7431],[-130,-20]]]},"properties":{}},{"type":"Feature","geometry":{"type":"MultiLineString","coordinates":[[[153.4,-24.8],[155.1596,-21.1245],[156.042408,-19.176618]],[[156.042408,-19.176618],[156.507125,-18.151236]],[[156.507125,-18.151236],[156.834,-17.43],[158.442,-13.7206],[160,-10]]]},"properties":{}},{"type":"Feature","geometry":{"type":"LineString","coordinates":[[153.7,-26.2],[153.4,-24.8]]},"properties":{}},{"type":"Feature","geometry":{"type":"LineString","coordinates":[[153.5,-31],[153.8,-27.15]]},"properties":{}},{"type":"Feature","geometry":{"type":"LineString","coordinates":[[153.8,-27.15],[153.7,-26.2]]},"properties":{}},{"type":"Feature","geometry":{"type":"MultiLineString","coordinates":[[[153.8,-27.15],[160.001269,-25.47095]],[[160.001269,-25.47095],[160.8668,-25.2366],[163.978919,-24.217961]],[[163.978919,-24.217961],[165.163426,-23.830256]],[[165.163426,-23.830256],[167.587376,-23.036863]],[[167.587376,-23.036863],[167.7,-23]]]},"properties":{}},{"type":"Feature","geometry":{"type":"MultiLineString","coordinates":[[[153.8,-27.15],[160.001389,-24.963588]],[[160.001389,-24.963588],[160.1687,-24.9046],[163.386634,-23.590093]],[[163.386634,-23.590093],[166.3,-22.4]]]},"properties":{}},{"type":"Feature","geometry":{"type":"LineString","coordinates":[[153.8,-27.15],[160,-30]]},"properties":{}},{"type":"Feature","geometry":{"type":"MultiLineString","coordinates":[[[154.4898,54.7695],[155.5219,58.1331]],[[155.5219,58.1331],[163.4886,61.4359],[164.4002,62.3784]]]},"properties":{}},{"type":"Feature","geometry":{"type":"LineString","coordinates":[[155.8,-5],[160,-0.00002]]},"properties":{}},{"type":"Feature","geometry":{"type":"LineString","coordinates":[[156.2,-6.7],[155.8,-5]]},"properties":{}},{"type":"Feature","geometry":{"type":"LineString","coordinates":[[160,-10],[156.2,-6.7]]},"properties":{}},{"type":"Feature","geometry":{"type":"LineString","coordinates":[[-140,-30],[-139.9986,-25.0017],[-140,-20]]},"properties":{}},{"type":"Feature","geometry":{"type":"LineString","coordinates":[[172.9,52.6],[164.7323,51.9214],[156.9,50.7]]},"properties":{}},{"type":"Feature","geometry":{"type":"LineString","coordinates":[[156.9,50.7],[163.1,54.7]]},"properties":{}},{"type":"Feature","geometry":{"type":"MultiLineString","coordinates":[[[156.9,50.7],[157.615778,48.445155]],[[157.615778,48.445155],[157.933307,47.444876]],[[157.933307,47.444876],[158.070555,47.012516]],[[158.070555,47.012516],[158.562494,45.46281]],[[158.562494,45.46281],[158.5944,45.3623],[159.596537,41.539193]],[[159.596537,41.539193],[160,40]]]},"properties":{}},{"type":"Feature","geometry":{"type":"MultiLineString","coordinates":[[[156.9,50.7],[159.108295,48.963674]],[[159.108295,48.963674],[160.194187,48.109865]],[[160.194187,48.109865],[160.281349,48.041332]],[[160.281349,48.041332],[160.368,47.9732],[161.88175,46.741]],[[161.88175,46.741],[163.6826,45.2751],[164.183239,44.859607]],[[164.183239,44.859607],[166.696465,42.773817]],[[166.696465,42.773817],[166.8859,42.6166],[170,40]]]},"properties":{}},{"type":"Feature","geometry":{"type":"MultiLineString","coordinates":[[[167.7,-23],[167.68683,-23.012531]],[[167.68683,-23.012531],[165.154128,-25.422376]],[[165.154128,-25.422376],[163.9666,-26.5523],[160,-30]]]},"properties":{}},{"type":"Feature","geometry":{"type":"MultiLineString","coordinates":[[[166.3,-22.4],[165.163426,-23.830256]],[[165.163426,-23.830256],[164.454607,-24.722227]],[[164.454607,-24.722227],[163.2523,-26.2352],[160,-30]]]},"properties":{}},{"type":"Feature","geometry":{"type":"MultiLineString","coordinates":[[[160,-30],[160.001269,-25.47095]],[[160.001269,-25.47095],[160.0014,-25.0017],[160.001389,-24.963588]],[[160.001389,-24.963588],[160,-20]]]},"properties":{}},{"type":"Feature","geometry":{"type":"MultiLineString","coordinates":[[[160,-30],[160.00181,-33.482419]],[[160.00181,-33.482419],[160.002371,-34.561894]],[[160.002371,-34.561894],[160.0026,-35.002],[160.002281,-35.615781]],[[160.002281,-35.615781],[160.002207,-35.756962]],[[160.002207,-35.756962],[160.00158,-36.963571]],[[160.00158,-36.963571],[160,-40]]]},"properties":{}},{"type":"Feature","geometry":{"type":"MultiLineString","coordinates":[[[172,-40.5],[171.138719,-39.75303]],[[171.138719,-39.75303],[169.311397,-38.168235]],[[169.311397,-38.168235],[168.9003,-37.8117],[167.460387,-36.559703]],[[167.460387,-36.559703],[165.8621,-35.17],[165.521147,-34.869326]],[[165.521147,-34.869326],[165.339988,-34.709568]],[[165.339988,-34.709568],[165.251846,-34.63184]],[[165.251846,-34.63184],[163.503777,-33.090282]],[[163.503777,-33.090282],[162.9079,-32.5648],[160,-30]]]},"properties":{}},{"type":"Feature","geometry":{"type":"MultiLineString","coordinates":[[[-140,-30],[-138.860387,-31.23903]],[[-138.860387,-31.23903],[-135.3071,-35.1023],[-134.999976,-35.385732]],[[-134.999976,-35.385732],[-130,-40]]]},"properties":{}},{"type":"Feature","geometry":{"type":"LineString","coordinates":[[170,-30],[164.9995,-30.0935],[160,-30]]},"properties":{}},{"type":"Feature","geometry":{"type":"LineString","coordinates":[[170,-50],[160,-50]]},"properties":{}},{"type":"Feature","geometry":{"type":"LineString","coordinates":[[165.6,-46.0001],[160,-50]]},"properties":{}},{"type":"Feature","geometry":{"type":"MultiLineString","coordinates":[[[160,-50],[160.003,-45.0022],[160.002621,-44.37098]],[[160.002621,-44.37098],[160.000335,-40.55796]],[[160.000335,-40.55796],[160,-40]]]},"properties":{}},{"type":"Feature","geometry":{"type":"MultiLineString","coordinates":[[[174,-37],[169.311397,-38.168235]],[[169.311397,-38.168235],[167.1451,-38.708],[166.669006,-38.794089]],[[166.669006,-38.794089],[160,-40]]]},"properties":{}},{"type":"Feature","geometry":{"type":"MultiLineString","coordinates":[[[170,-30],[167.675796,-32.526832]],[[167.675796,-32.526832],[165.740356,-34.631007]],[[165.740356,-34.631007],[165.740355,-34.631007]],[[165.740355,-34.631007],[165.521147,-34.869326]],[[165.521147,-34.869326],[165.3052,-35.1041],[164.125501,-36.192784]],[[164.125501,-36.192784],[162.468477,-37.721968]],[[162.468477,-37.721968],[160,-40]]]},"properties":{}},{"type":"Feature","geometry":{"type":"MultiLineString","coordinates":[[[165.6,-46.0001],[165.59999,-46.000089]],[[165.59999,-46.000089],[162.785,-43.0592],[160.519747,-40.570919]],[[160.519747,-40.570919],[160,-40]]]},"properties":{}},{"type":"Feature","geometry":{"type":"LineString","coordinates":[[172,-40.5],[165.9772,-40.4038],[160,-40]]},"properties":{}},{"type":"Feature","geometry":{"type":"MultiLineString","coordinates":[[[170,-10],[167.5818,-12.5389],[165.1163,-15.0555],[162.872724,-17.268227]],[[162.872724,-17.268227],[162.5927,-17.5444],[160,-20]]]},"properties":{}},{"type":"Feature","geometry":{"type":"LineString","coordinates":[[160,-10],[160.0008,-15.0011],[160,-20]]},"properties":{}},{"type":"Feature","geometry":{"type":"MultiLineString","coordinates":[[[-130,-30],[-135.0005,-30.0935]],[[-135.0005,-30.0935],[-140,-30]]]},"properties":{}},{"type":"Feature","geometry":{"type":"MultiLineString","coordinates":[[[170,-30],[165.154128,-25.422376]],[[165.154128,-25.422376],[164.7955,-25.0836],[164.454607,-24.722227]],[[164.454607,-24.722227],[163.978919,-24.217961]],[[163.978919,-24.217961],[163.386634,-23.590093]],[[163.386634,-23.590093],[160,-20]]]},"properties":{}},{"type":"Feature","geometry":{"type":"LineString","coordinates":[[163.5,-20.9],[160,-20]]},"properties":{}},{"type":"Feature","geometry":{"type":"MultiLineString","coordinates":[[[160,-10],[161.81,-14.6582],[162.872724,-17.268227]],[[162.872724,-17.268227],[163.7,-19.3]]]},"properties":{}},{"type":"Feature","geometry":{"type":"LineString","coordinates":[[160,-10],[164.9998,-10.0367],[170,-10]]},"properties":{}},{"type":"Feature","geometry":{"type":"MultiLineString","coordinates":[[[173.1,1.1],[166.5494,0.5536],[166.322489,0.534419]],[[166.322489,0.534419],[160,-0.00002]]]},"properties":{}},{"type":"Feature","geometry":{"type":"MultiLineString","coordinates":[[[166.4,9.1],[164.764209,6.792336]],[[164.764209,6.792336],[163.1799,4.5573],[163.075111,4.407119]],[[163.075111,4.407119],[160,-0.00002]]]},"properties":{}},{"type":"Feature","geometry":{"type":"MultiLineString","coordinates":[[[160,10],[159.999876,8.074528]],[[159.999876,8.074528],[159.9998,6.9028],[159.999832,5.799501]],[[159.999832,5.799501],[160,-0.00002]]]},"properties":{}},{"type":"Feature","geometry":{"type":"MultiLineString","coordinates":[[[160,-0.00002],[159.9998,5.0004],[159.999832,5.799501]],[[159.999832,5.799501],[159.999923,8.074471]],[[159.999923,8.074471],[160,10]]]},"properties":{}},{"type":"Feature","geometry":{"type":"MultiLineString","coordinates":[[[-170,30],[-174.279139,34.652443]],[[-174.279139,34.652443],[-174.6929,35.1023],[-180,40]]]},"properties":{}},{"type":"Feature","geometry":{"type":"MultiLineString","coordinates":[[[-130,-10],[-131.404837,-11.475017]],[[-131.404837,-11.475017],[-132.4181,-12.5389],[-132.478029,-12.600069]],[[-132.478029,-12.600069],[-134.8837,-15.0555],[-135.000194,-15.170393]],[[-135.000194,-15.170393],[-137.4073,-17.5444],[-140,-20]]]},"properties":{}},{"type":"Feature","geometry":{"type":"MultiLineString","coordinates":[[[170,-10],[167.4664,-7.5167],[165.645395,-5.700857]],[[165.645395,-5.700857],[164.9616,-5.019],[162.476,-2.5119],[160,-0.00002]]]},"properties":{}},{"type":"Feature","geometry":{"type":"MultiLineString","coordinates":[[[167.5,19.5],[163.6686,14.7811],[163.398871,14.429576]],[[163.398871,14.429576],[160,10]]]},"properties":{}},{"type":"Feature","geometry":{"type":"MultiLineString","coordinates":[[[160,20],[159.999641,17.754827]],[[159.999641,17.754827],[159.9992,15.0011],[160,10]]]},"properties":{}},{"type":"Feature","geometry":{"type":"MultiLineString","coordinates":[[[173.1,1.1],[169.8471,3.3302],[166.5842,5.5582],[164.764209,6.792336]],[[164.764209,6.792336],[163.3043,7.7823],[160,10]]]},"properties":{}},{"type":"Feature","geometry":{"type":"LineString","coordinates":[[166.4,9.1],[160,10]]},"properties":{}},{"type":"Feature","geometry":{"type":"MultiLineString","coordinates":[[[160,30],[159.9986,25.0017],[159.999308,22.471521]],[[159.999308,22.471521],[160,20]]]},"properties":{}},{"type":"Feature","geometry":{"type":"MultiLineString","coordinates":[[[160,20],[161.192554,18.049858]],[[161.192554,18.049858],[163.3109,14.5858],[163.398871,14.429576]],[[163.398871,14.429576],[166.4,9.1]]]},"properties":{}},{"type":"Feature","geometry":{"type":"LineString","coordinates":[[160,20],[163.7561,19.7883],[167.5,19.5]]},"properties":{}},{"type":"Feature","geometry":{"type":"LineString","coordinates":[[170,30],[165.0005,30.0935],[160,30]]},"properties":{}},{"type":"Feature","geometry":{"type":"MultiLineString","coordinates":[[[-140,-10],[-139.99922,-14.877634]],[[-139.99922,-14.877634],[-139.9992,-15.0011],[-140,-20]]]},"properties":{}},{"type":"Feature","geometry":{"type":"MultiLineString","coordinates":[[[160,30],[164.6948,35.1041],[164.999976,35.385732]],[[164.999976,35.385732],[166.316005,36.600227]],[[166.316005,36.600227],[170,40]]]},"properties":{}},{"type":"Feature","geometry":{"type":"MultiLineString","coordinates":[[[160,30],[159.99816,34.381947]],[[159.99816,34.381947],[159.9979,35.002],[160,40]]]},"properties":{}},{"type":"Feature","geometry":{"type":"MultiLineString","coordinates":[[[160,30],[164.2645,24.9325]],[[164.2645,24.9325],[167.5,19.5]]]},"properties":{}},{"type":"Feature","geometry":{"type":"LineString","coordinates":[[170,40],[165.0004,40.1067],[160,40]]},"properties":{}},{"type":"Feature","geometry":{"type":"MultiLineString","coordinates":[[[172.9,52.6],[169.78575,50.154218]],[[169.78575,50.154218],[169.077,49.5976],[168.213801,48.800377]],[[168.213801,48.800377],[165.7041,46.4825],[164.183239,44.859607]],[[164.183239,44.859607],[162.7006,43.2775],[161.638004,41.987913]],[[161.638004,41.987913],[160,40]]]},"properties":{}},{"type":"Feature","geometry":{"type":"MultiLineString","coordinates":[[[170,30],[165.3071,35.1023],[164.999976,35.385732]],[[164.999976,35.385732],[164.325193,36.008461]],[[164.325193,36.008461],[160,40]]]},"properties":{}},{"type":"Feature","geometry":{"type":"LineString","coordinates":[[163.1,54.7],[167.9,59.6]]},"properties":{}},{"type":"Feature","geometry":{"type":"LineString","coordinates":[[172.9,52.6],[163.1,54.7]]},"properties":{}},{"type":"Feature","geometry":{"type":"LineString","coordinates":[[163.5,-20.9],[163.7,-19.3]]},"properties":{}},{"type":"Feature","geometry":{"type":"LineString","coordinates":[[166.3,-22.4],[163.5,-20.9]]},"properties":{}},{"type":"Feature","geometry":{"type":"MultiLineString","coordinates":[[[-130,-30],[-131.540538,-28.54474]],[[-131.540538,-28.54474],[-135.000105,-25.276681]],[[-135.000105,-25.276681],[-135.031943,-25.246605]],[[-135.031943,-25.246605],[-135.2045,-25.0836],[-140,-20]]]},"properties":{}},{"type":"Feature","geometry":{"type":"LineString","coordinates":[[168.1,-18],[163.7,-19.3]]},"properties":{}},{"type":"Feature","geometry":{"type":"LineString","coordinates":[[163.7,-19.3],[166,-21]]},"properties":{}},{"type":"Feature","geometry":{"type":"MultiLineString","coordinates":[[[165.6,-46.0001],[165.600008,-46.000094]],[[165.600008,-46.000094],[171,-42]]]},"properties":{}},{"type":"Feature","geometry":{"type":"LineString","coordinates":[[165.6,-46.0001],[170,-50]]},"properties":{}},{"type":"Feature","geometry":{"type":"MultiLineString","coordinates":[[[168.2,-46.6],[165.600128,-46.00013]],[[165.600128,-46.00013],[165.6,-46.0001]]]},"properties":{}},{"type":"Feature","geometry":{"type":"LineString","coordinates":[[167.7,-23],[166,-21]]},"properties":{}},{"type":"Feature","geometry":{"type":"LineString","coordinates":[[167.7,-23],[166.3,-22.4]]},"properties":{}},{"type":"Feature","geometry":{"type":"LineString","coordinates":[[166.4,9.1],[171.2914,9.5318],[180,10]]},"properties":{}},{"type":"Feature","geometry":{"type":"MultiLineString","coordinates":[[[180,20],[176.4661,17.3549],[173.476738,14.999126]],[[173.476738,14.999126],[173.0327,14.6492],[169.6829,11.8941],[166.4,9.1]]]},"properties":{}},{"type":"Feature","geometry":{"type":"LineString","coordinates":[[166.4,9.1],[166.9367,14.3018],[167.5,19.5]]},"properties":{}},{"type":"Feature","geometry":{"type":"MultiLineString","coordinates":[[[166.4,9.1],[169.8269,6.8328],[173.2306,4.5586],[174.89565,3.43905]],[[174.89565,3.43905],[176.619,2.2803],[180,-0.00002]]]},"properties":{}},{"type":"Feature","geometry":{"type":"LineString","coordinates":[[180,20],[173.7409,19.8573],[167.5,19.5]]},"properties":{}},{"type":"Feature","geometry":{"type":"LineString","coordinates":[[-140,-20],[-135.0004,-20.0692],[-130,-20]]},"properties":{}},{"type":"Feature","geometry":{"type":"LineString","coordinates":[[170,30],[168.6965,24.7572],[167.5,19.5]]},"properties":{}},{"type":"Feature","geometry":{"type":"MultiLineString","coordinates":[[[167.5,19.5],[170.6817,17.117],[173.476738,14.999126]],[[173.476738,14.999126],[173.8203,14.7388],[176.9241,12.3665],[180,10]]]},"properties":{}},{"type":"Feature","geometry":{"type":"MultiLineString","coordinates":[[[178.7,-18.4],[177.803081,-18.795238]],[[177.803081,-18.795238],[173.2827,-20.7872],[167.7,-23]]]},"properties":{}},{"type":"Feature","geometry":{"type":"LineString","coordinates":[[168.1,-18],[167.7,-23]]},"properties":{}},{"type":"Feature","geometry":{"type":"MultiLineString","coordinates":[[[167.7,-23],[167.702748,-23.008637]],[[167.702748,-23.008637],[168.8153,-26.5053],[170,-30]]]},"properties":{}},{"type":"Feature","geometry":{"type":"MultiLineString","coordinates":[[[167.7,-23],[167.711027,-23.006611]],[[167.711027,-23.006611],[173.053995,-26.209731]],[[173.053995,-26.209731],[173.6848,-26.5879],[180,-30]]]},"properties":{}},{"type":"Feature","geometry":{"type":"LineString","coordinates":[[167.9,59.6],[180,62.1]]},"properties":{}},{"type":"Feature","geometry":{"type":"MultiLineString","coordinates":[[[-140,-10],[-137.4667,-7.5169],[-136.076376,-6.130462]],[[-136.076376,-6.130462],[-135.000099,-5.057193]],[[-135.000099,-5.057193],[-134.9621,-5.0193],[-133.851372,-3.898966]],[[-133.851372,-3.898966],[-132.4763,-2.512],[-130,-0.00001]]]},"properties":{}},{"type":"Feature","geometry":{"type":"LineString","coordinates":[[168.1,-18],[169.0667,-14.0025],[170,-10]]},"properties":{}},{"type":"Feature","geometry":{"type":"LineString","coordinates":[[168.1,-18],[168.1849,-17.6331],[170,-10]]},"properties":{}},{"type":"Feature","geometry":{"type":"MultiLineString","coordinates":[[[168.1,-18],[171.76132,-18.165913]],[[171.76132,-18.165913],[171.910582,-18.172676]],[[171.910582,-18.172676],[172.4959,-18.1992],[176.9,-18.3]]]},"properties":{}},{"type":"Feature","geometry":{"type":"LineString","coordinates":[[169.5,-47],[168.2,-46.6]]},"properties":{}},{"type":"Feature","geometry":{"type":"LineString","coordinates":[[171,-46],[169.5,-47]]},"properties":{}},{"type":"Feature","geometry":{"type":"LineString","coordinates":[[169.5,-47],[170,-50]]},"properties":{}},{"type":"Feature","geometry":{"type":"LineString","coordinates":[[180,-50],[170,-50]]},"properties":{}},{"type":"Feature","geometry":{"type":"MultiLineString","coordinates":[[[178.7,-18.4],[178.255476,-19.043326]],[[178.255476,-19.043326],[177.105028,-20.708282]],[[177.105028,-20.708282],[176.665,-21.3451],[174.5475,-24.2638],[173.053995,-26.209731]],[[173.053995,-26.209731],[172.3318,-27.1507],[170,-30]]]},"properties":{}},{"type":"Feature","geometry":{"type":"MultiLineString","coordinates":[[[172.3,-34.4],[171.020723,-31.952688]],[[171.020723,-31.952688],[170,-30]]]},"properties":{}},{"type":"Feature","geometry":{"type":"MultiLineString","coordinates":[[[174,-34],[171.816155,-31.816155]],[[171.816155,-31.816155],[170,-30]]]},"properties":{}},{"type":"Feature","geometry":{"type":"LineString","coordinates":[[180,-30],[174.9995,-30.0935],[170,-30]]},"properties":{}},{"type":"Feature","geometry":{"type":"MultiLineString","coordinates":[[[-140,-10],[-139.999708,-5.126436]],[[-139.999708,-5.126436],[-139.9997,-5.0004],[-139.999905,-1.577499]],[[-139.999905,-1.577499],[-140,-0.00001]]]},"properties":{}},{"type":"Feature","geometry":{"type":"MultiLineString","coordinates":[[[170,-10],[171.531063,-8.499277]],[[171.531063,-8.499277],[172.5333,-7.5169],[175.0379,-5.0193],[176.154494,-3.893048]],[[176.154494,-3.893048],[177.5237,-2.512],[180,-0.00002]]]},"properties":{}},{"type":"Feature","geometry":{"type":"MultiLineString","coordinates":[[[173.1,1.1],[171.5618,-4.4521],[170.798781,-7.162533]],[[170.798781,-7.162533],[170,-10]]]},"properties":{}},{"type":"Feature","geometry":{"type":"MultiLineString","coordinates":[[[176.9,-18.3],[174.276428,-15.313061]],[[174.276428,-15.313061],[174.215959,-15.244217]],[[174.215959,-15.244217],[173.2827,-14.1817],[173.162329,-14.028364]],[[173.162329,-14.028364],[170,-10]]]},"properties":{}},{"type":"Feature","geometry":{"type":"LineString","coordinates":[[170,30],[174.6948,35.1041],[180,40]]},"properties":{}},{"type":"Feature","geometry":{"type":"MultiLineString","coordinates":[[[170,30],[169.9979,35.002],[169.999032,37.695003]],[[169.999032,37.695003],[170,40]]]},"properties":{}},{"type":"Feature","geometry":{"type":"LineString","coordinates":[[170,30],[175.2045,25.0836],[180,20]]},"properties":{}},{"type":"Feature","geometry":{"type":"LineString","coordinates":[[170,40],[175.0004,40.1067],[180,40]]},"properties":{}},{"type":"Feature","geometry":{"type":"MultiLineString","coordinates":[[[172.9,52.6],[172.354557,50.483925]],[[172.354557,50.483925],[172.17951,49.804821]],[[172.17951,49.804821],[171.2794,46.3128],[170.667791,43.295005]],[[170.667791,43.295005],[170,40]]]},"properties":{}},{"type":"Feature","geometry":{"type":"MultiLineString","coordinates":[[[-140,-10],[-137.5827,-12.5384],[-136.338883,-13.807999]],[[-136.338883,-13.807999],[-135.1175,-15.0547],[-135.000194,-15.170393]],[[-135.000194,-15.170393],[-132.5937,-17.5438],[-130,-20]]]},"properties":{}},{"type":"Feature","geometry":{"type":"LineString","coordinates":[[171,-42],[172,-40.5]]},"properties":{}},{"type":"Feature","geometry":{"type":"LineString","coordinates":[[172,-40.5],[173.9,-40.3]]},"properties":{}},{"type":"Feature","geometry":{"type":"MultiLineString","coordinates":[[[172,-40.5],[172.546197,-40.031831]],[[172.546197,-40.031831],[173.75,-39]]]},"properties":{}},{"type":"Feature","geometry":{"type":"LineString","coordinates":[[172.3,-34.4],[174,-34]]},"properties":{}},{"type":"Feature","geometry":{"type":"LineString","coordinates":[[173.7,-36.3],[172.3,-34.4]]},"properties":{}},{"type":"Feature","geometry":{"type":"LineString","coordinates":[[172.9,52.6],[180,62.1]]},"properties":{}},{"type":"Feature","geometry":{"type":"MultiLineString","coordinates":[[[172.9,52.6],[174.140093,50.687849]],[[174.140093,50.687849],[174.381447,50.315696]],[[174.381447,50.315696],[176.089708,47.681658]],[[176.089708,47.681658],[176.939,46.3721],[177.957587,44.251703]],[[177.957587,44.251703],[180,40]]]},"properties":{}},{"type":"Feature","geometry":{"type":"MultiLineString","coordinates":[[[-130,-10],[-132.678303,-10.019658]],[[-132.678303,-10.019658],[-135.0002,-10.0367],[-140,-10]]]},"properties":{}},{"type":"Feature","geometry":{"type":"LineString","coordinates":[[173.1,1.1],[176.5503,0.5509],[180,-0.00002]]},"properties":{}},{"type":"Feature","geometry":{"type":"LineString","coordinates":[[174,-37],[173.7,-36.3]]},"properties":{}},{"type":"Feature","geometry":{"type":"LineString","coordinates":[[173.75,-39],[174,-37]]},"properties":{}},{"type":"Feature","geometry":{"type":"LineString","coordinates":[[173.75,-39],[173.9,-40.3]]},"properties":{}},{"type":"Feature","geometry":{"type":"LineString","coordinates":[[174.5,-41.2],[173.9,-40.3]]},"properties":{}},{"type":"Feature","geometry":{"type":"LineString","coordinates":[[174,-34],[180,-30]]},"properties":{}},{"type":"Feature","geometry":{"type":"LineString","coordinates":[[175.2,-35.3],[174,-34]]},"properties":{}},{"type":"Feature","geometry":{"type":"MultiLineString","coordinates":[[[-130,10],[-132.5333,7.5169],[-134.071619,5.982819]],[[-134.071619,5.982819],[-134.999852,5.057143]],[[-134.999852,5.057143],[-135.0379,5.0192],[-137.5237,2.512],[-140,-0.00001]]]},"properties":{}},{"type":"Feature","geometry":{"type":"LineString","coordinates":[[174.5,-41.2],[175,-42]]},"properties":{}},{"type":"Feature","geometry":{"type":"LineString","coordinates":[[175,-42],[174.7564,-41.6071],[174.5,-41.2]]},"properties":{}},{"type":"Feature","geometry":{"type":"LineString","coordinates":[[178,-40],[175,-42]]},"properties":{}},{"type":"Feature","geometry":{"type":"MultiLineString","coordinates":[[[175,-42],[175.537453,-42.975031]],[[175.537453,-42.975031],[177.2316,-46.0485],[180,-50]]]},"properties":{}},{"type":"Feature","geometry":{"type":"LineString","coordinates":[[175.2,-36.7],[176.9,-36.25]]},"properties":{}},{"type":"Feature","geometry":{"type":"LineString","coordinates":[[175.2,-35.3],[175.2,-36.7]]},"properties":{}},{"type":"Feature","geometry":{"type":"LineString","coordinates":[[175.2,-35.3],[176.9,-36.25]]},"properties":{}},{"type":"Feature","geometry":{"type":"LineString","coordinates":[[176.9,-36.25],[179.5,-37.8]]},"properties":{}},{"type":"Feature","geometry":{"type":"LineString","coordinates":[[178.7,-18.4],[176.9,-18.3]]},"properties":{}},{"type":"Feature","geometry":{"type":"LineString","coordinates":[[178.7,-18.4],[178.4263,-18.3806],[176.9,-18.3]]},"properties":{}},{"type":"Feature","geometry":{"type":"LineString","coordinates":[[179.5,-37.8],[178,-40]]},"properties":{}},{"type":"Feature","geometry":{"type":"MultiLineString","coordinates":[[[-140,10],[-140.00009,8.50343]],[[-140.00009,8.50343],[-140.0003,5.0004],[-140.00029,4.835586]],[[-140.00029,4.835586],[-140,-0.00001]]]},"properties":{}},{"type":"Feature","geometry":{"type":"MultiLineString","coordinates":[[[178.7,-18.4],[178.801118,-19.342549]],[[178.801118,-19.342549],[178.90051,-20.269]],[[178.90051,-20.269],[179.3226,-24.2034],[180,-30]]]},"properties":{}},{"type":"Feature","geometry":{"type":"LineString","coordinates":[[179.5,-37.8],[179.7625,-33.9016],[180,-30]]},"properties":{}},{"type":"Feature","geometry":{"type":"MultiLineString","coordinates":[[[179.5,-37.8],[179.582544,-40]],[[179.582544,-40],[179.592731,-40.271512]],[[179.592731,-40.271512],[179.729,-43.9034],[180,-50]]]},"properties":{}},{"type":"Feature","geometry":{"type":"MultiLineString","coordinates":[[[-149.7,-17.4],[-153.1785,-19.2719],[-156.7349,-21.0767],[-158.208114,-21.776325]],[[-158.208114,-21.776325],[-158.288384,-21.814445]],[[-158.288384,-21.814445],[-159.999265,-22.626937]],[[-159.999265,-22.626937],[-159.999664,-22.627127]],[[-159.999664,-22.627127],[-160.3759,-22.8058],[-164.107,-24.4504],[-164.255332,-24.510534]],[[-164.255332,-24.510534],[-165.332968,-24.947414]],[[-165.332968,-24.947414],[-167.9328,-26.0014],[-169.999094,-26.764069]],[[-169.999094,-26.764069],[-170.524859,-26.958128]],[[-170.524859,-26.958128],[-171.8564,-27.4496],[-175.879,-28.7856],[-180,-30]]]},"properties":{}},{"type":"Feature","geometry":{"type":"LineString","coordinates":[[180,10],[180,-0.00002]]},"properties":{}},{"type":"Feature","geometry":{"type":"LineString","coordinates":[[180,20],[179.9992,15.0011],[180,10]]},"properties":{}},{"type":"Feature","geometry":{"type":"MultiLineString","coordinates":[[[180,40],[180,30]],[[180,30],[180,20]]]},"properties":{}},{"type":"Feature","geometry":{"type":"MultiLineString","coordinates":[[[-130,-10],[-132.5336,-7.5167],[-135.000099,-5.057193]],[[-135.000099,-5.057193],[-135.0384,-5.019],[-135.762054,-4.289087]],[[-135.762054,-4.289087],[-137.524,-2.5119],[-140,-0.00001]]]},"properties":{}},{"type":"Feature","geometry":{"type":"LineString","coordinates":[[-130,-0.00001],[-140,-0.00001]]},"properties":{}},{"type":"Feature","geometry":{"type":"MultiLineString","coordinates":[[[-130,10],[-134.9998,10.0367],[-137.760097,10.01644]],[[-137.760097,10.01644],[-140,10]]]},"properties":{}},{"type":"Feature","geometry":{"type":"MultiLineString","coordinates":[[[-130,20],[-130.406788,19.614707]],[[-130.406788,19.614707],[-132.5927,17.5443],[-134.931946,15.237311]],[[-134.931946,15.237311],[-134.999803,15.17039]],[[-134.999803,15.17039],[-135.1163,15.0555],[-135.839738,14.317098]],[[-135.839738,14.317098],[-137.253896,12.873689]],[[-137.253896,12.873689],[-137.5819,12.5389],[-140,10]]]},"properties":{}},{"type":"Feature","geometry":{"type":"MultiLineString","coordinates":[[[-140,20],[-140.000723,15.480115]],[[-140.000723,15.480115],[-140.0008,15.0011],[-140.000533,13.331149]],[[-140.000533,13.331149],[-140,10]]]},"properties":{}},{"type":"Feature","geometry":{"type":"MultiLineString","coordinates":[[[-140,10],[-138.434978,8.466049]],[[-138.434978,8.466049],[-137.4664,7.5167],[-137.308146,7.358894]],[[-137.308146,7.358894],[-134.999852,5.057143]],[[-134.999852,5.057143],[-134.9616,5.019],[-132.476,2.5119],[-130,-0.00001]]]},"properties":{}},{"type":"Feature","geometry":{"type":"MultiLineString","coordinates":[[[-130,20],[-133.145977,20.043544]],[[-133.145977,20.043544],[-133.669159,20.050785]],[[-133.669159,20.050785],[-134.9996,20.0692],[-140,20]]]},"properties":{}},{"type":"Feature","geometry":{"type":"MultiLineString","coordinates":[[[-140,20],[-139.381413,20.655671]],[[-139.381413,20.655671],[-135.2027,25.0849],[-134.999796,25.276587]],[[-134.999796,25.276587],[-133.350897,26.834337]],[[-133.350897,26.834337],[-130,30]]]},"properties":{}},{"type":"Feature","geometry":{"type":"MultiLineString","coordinates":[[[-140,20],[-140.000199,20.710069]],[[-140.000199,20.710069],[-140.0014,25.0017],[-140.000551,28.032652]],[[-140.000551,28.032652],[-140.000424,28.485731]],[[-140.000424,28.485731],[-140,30]]]},"properties":{}},{"type":"Feature","geometry":{"type":"MultiLineString","coordinates":[[[-140,20],[-137.4063,17.5438],[-135.306595,15.472964]],[[-135.306595,15.472964],[-135.074585,15.244144]],[[-135.074585,15.244144],[-134.999803,15.17039]],[[-134.999803,15.17039],[-134.8825,15.0547],[-132.3684,12.7054],[-131.706946,11.949827]],[[-131.706946,11.949827],[-130,10]]]},"properties":{}},{"type":"Feature","geometry":{"type":"MultiLineString","coordinates":[[[-140,30],[-134.9995,30.0935],[-134.793473,30.089647]],[[-134.793473,30.089647],[-130,30]]]},"properties":{}},{"type":"Feature","geometry":{"type":"MultiLineString","coordinates":[[[-140,30],[-136.0096,32.1384],[-133.20667,33.486414]],[[-133.20667,33.486414],[-131.8354,34.1459],[-130.002068,34.926469]],[[-130.002068,34.926469],[-129.251724,35.24594]],[[-129.251724,35.24594],[-127.4675,36.0056],[-126.521154,36.356665]],[[-126.521154,36.356665],[-126.186601,36.480774]],[[-126.186601,36.480774],[-123.44489,37.497863]],[[-123.44489,37.497863],[-122.9,37.7]]]},"properties":{}},{"type":"Feature","geometry":{"type":"MultiLineString","coordinates":[[[-130,40],[-130.346478,39.680253]],[[-130.346478,39.680253],[-132.090419,38.070858]],[[-132.090419,38.070858],[-133.138317,37.103806]],[[-133.138317,37.103806],[-135.000024,35.385732]],[[-135.000024,35.385732],[-135.3052,35.1041],[-137.777992,32.415726]],[[-137.777992,32.415726],[-140,30]]]},"properties":{}},{"type":"Feature","geometry":{"type":"MultiLineString","coordinates":[[[-140,30],[-140.000583,31.388621]],[[-140.000583,31.388621],[-140.0021,35.002],[-140.001808,35.696944]],[[-140.001808,35.696944],[-140.000978,37.671225]],[[-140.000978,37.671225],[-140,40]]]},"properties":{}},{"type":"Feature","geometry":{"type":"MultiLineString","coordinates":[[[-130,20],[-132.074794,22.199442]],[[-132.074794,22.199442],[-134.7955,25.0836],[-134.999796,25.276587]],[[-134.999796,25.276587],[-137.478742,27.618309]],[[-137.478742,27.618309],[-138.8188,28.884186]],[[-138.8188,28.884186],[-140,30]]]},"properties":{}},{"type":"Feature","geometry":{"type":"MultiLineString","coordinates":[[[-140,40],[-139.446718,40.011806]],[[-139.446718,40.011806],[-136.437523,40.076017]],[[-136.437523,40.076017],[-134.9996,40.1067],[-132.447882,40.052242]],[[-132.447882,40.052242],[-132.117384,40.045189]],[[-132.117384,40.045189],[-130,40]]]},"properties":{}},{"type":"Feature","geometry":{"type":"MultiLineString","coordinates":[[[-130,50],[-131.60539,48.556241]],[[-131.60539,48.556241],[-132.691592,47.579399]],[[-132.691592,47.579399],[-132.825969,47.458551]],[[-132.825969,47.458551],[-135.11333,45.401483]],[[-135.11333,45.401483],[-135.437,45.1104],[-135.696629,44.819625]],[[-135.696629,44.819625],[-136.328686,44.111743]],[[-136.328686,44.111743],[-138.86344,41.272907]],[[-138.86344,41.272907],[-139.862119,40.154421]],[[-139.862119,40.154421],[-140,40]]]},"properties":{}},{"type":"Feature","geometry":{"type":"MultiLineString","coordinates":[[[-140,40],[-140.000121,40.2018]],[[-140.000121,40.2018],[-140.000859,41.431875]],[[-140.000859,41.431875],[-140.003,45.0022],[-140.002727,45.456581]],[[-140.002727,45.456581],[-140.002033,46.613862]],[[-140.002033,46.613862],[-140.000112,49.812838]],[[-140.000112,49.812838],[-140,50]]]},"properties":{}},{"type":"Feature","geometry":{"type":"MultiLineString","coordinates":[[[-130,30],[-130.999172,31.086338]],[[-130.999172,31.086338],[-133.20667,33.486414]],[[-133.20667,33.486414],[-133.753304,34.080736]],[[-133.753304,34.080736],[-134.6929,35.1023],[-135.000024,35.385732]],[[-135.000024,35.385732],[-137.200752,37.416692]],[[-137.200752,37.416692],[-138.555676,38.667094]],[[-138.555676,38.667094],[-140,40]]]},"properties":{}},{"type":"Feature","geometry":{"type":"LineString","coordinates":[[-180,62.1],[-178,58]]},"properties":{}},{"type":"Feature","geometry":{"type":"MultiLineString","coordinates":[[[-120,30],[-123.545381,32.111344]],[[-123.545381,32.111344],[-124.312422,32.568132]],[[-124.312422,32.568132],[-124.5844,32.7301],[-125.79442,33.38234]],[[-125.79442,33.38234],[-126.656962,33.847279]],[[-126.656962,33.847279],[-129.251724,35.24594]],[[-129.251724,35.24594],[-129.4201,35.3367],[-129.819272,35.526409]],[[-129.819272,35.526409],[-130.001843,35.613177]],[[-130.001843,35.613177],[-133.138317,37.103806]],[[-133.138317,37.103806],[-134.5487,37.7741],[-135.766993,38.271559]],[[-135.766993,38.271559],[-137.863399,39.127573]],[[-137.863399,39.127573],[-140,40]]]},"properties":{}},{"type":"Feature","geometry":{"type":"MultiLineString","coordinates":[[[-130,40],[-130.834275,40.889326]],[[-130.834275,40.889326],[-132.290903,42.442073]],[[-132.290903,42.442073],[-132.364781,42.520826]],[[-132.364781,42.520826],[-133.521718,43.754106]],[[-133.521718,43.754106],[-133.790236,44.040343]],[[-133.790236,44.040343],[-134.7191,45.0305],[-135.11333,45.401483]],[[-135.11333,45.401483],[-139.740465,49.755769]],[[-139.740465,49.755769],[-140,50]]]},"properties":{}},{"type":"Feature","geometry":{"type":"MultiLineString","coordinates":[[[-140,50],[-137.541611,50]],[[-137.541611,50],[-135.056783,50]],[[-135.056783,50],[-130,50]]]},"properties":{}},{"type":"Feature","geometry":{"type":"LineString","coordinates":[[-135.0417,58.1518],[-135.3788,58.2111],[-135.749,58.3088],[-136.0254,58.2391],[-136.25,58.233],[-136.3616,58.2233],[-136.4953,58.1913],[-136.5118,58.1782],[-136.7175,58.1091],[-137.5127,57.8778]]},"properties":{}},{"type":"Feature","geometry":{"type":"MultiLineString","coordinates":[[[-165.3621,54.4911],[-166.858375,54.521274]],[[-166.858375,54.521274],[-174.7889,54.6812],[-177.318212,54.643504]],[[-177.318212,54.643504],[-179.9085,54.6049]]]},"properties":{}},{"type":"Feature","geometry":{"type":"LineString","coordinates":[[-137.5127,57.8778],[-136.7169,57.4689],[-135.8366,56.7412]]},"properties":{}},{"type":"Feature","geometry":{"type":"LineString","coordinates":[[-134.7021,57.4478],[-135.0707,57.4439],[-135.1617,57.4802],[-135.3182,57.5547],[-135.4728,57.5947],[-135.5509,57.5135],[-135.5357,57.4493],[-135.633,57.3976],[-135.7109,57.3474],[-135.6839,57.3217],[-135.6705,57.2753],[-135.6421,57.2447],[-135.597,57.222],[-135.5753,57.1576],[-135.5369,57.1422],[-135.5469,57.0751],[-135.6416,56.9172],[-135.8366,56.7412]]},"properties":{}},{"type":"Feature","geometry":{"type":"LineString","coordinates":[[-135.8366,56.7412],[-134.9382,55.7449]]},"properties":{}},{"type":"Feature","geometry":{"type":"LineString","coordinates":[[-135.3188,59.4545],[-135.3458,59.4358],[-135.3649,59.3521],[-135.3765,59.2658],[-135.3,59.1876],[-135.2327,59.0787],[-135.1864,58.8387],[-135.0278,58.5502]]},"properties":{}},{"type":"Feature","geometry":{"type":"LineString","coordinates":[[-135.0278,58.5502],[-135.0735,58.5282],[-135.0152,58.2424],[-135.0417,58.1518]]},"properties":{}},{"type":"Feature","geometry":{"type":"LineString","coordinates":[[-135.0417,58.1518],[-134.9142,58.0857],[-134.7021,57.4478]]},"properties":{}},{"type":"Feature","geometry":{"type":"LineString","coordinates":[[-135.0278,58.5502],[-134.8681,58.4939],[-134.7716,58.3655],[-134.7658,58.3179],[-134.5728,58.2038],[-134.2487,58.1773],[-134.2079,58.1841],[-134.1473,58.1713],[-134.079,58.1],[-134.0668,58.0508],[-133.8181,57.8253],[-133.723,57.5816],[-133.7921,57.2025]]},"properties":{}},{"type":"Feature","geometry":{"type":"LineString","coordinates":[[-134.5646,56.855],[-134.4718,56.1483],[-134.9382,55.7449]]},"properties":{}},{"type":"Feature","geometry":{"type":"LineString","coordinates":[[-134.9382,55.7449],[-134.5733,55.6957]]},"properties":{}},{"type":"Feature","geometry":{"type":"LineString","coordinates":[[-134.7021,57.4478],[-134.6944,57.3124],[-134.7412,57.2398],[-134.6774,56.9931],[-134.5646,56.855]]},"properties":{}},{"type":"Feature","geometry":{"type":"LineString","coordinates":[[-134.5733,55.6957],[-134.3663,55.7156],[-134.2531,55.403]]},"properties":{}},{"type":"Feature","geometry":{"type":"LineString","coordinates":[[-133.2207,56.395],[-133.7119,56.3717],[-133.7615,56.1864],[-134.0418,55.8632],[-134.5733,55.6957]]},"properties":{}},{"type":"Feature","geometry":{"type":"LineString","coordinates":[[-133.7921,57.2025],[-134.1968,57.0566],[-134.5646,56.855]]},"properties":{}},{"type":"Feature","geometry":{"type":"MultiLineString","coordinates":[[[-132.3109,54.4653],[-133.3198,54.7909]],[[-133.3198,54.7909],[-133.5541,55.2274],[-133.2276,55.5219],[-133.3323,55.5768],[-133.5808,55.6109],[-133.6041,55.6351],[-133.7157,55.6113],[-134.2531,55.403]]]},"properties":{}},{"type":"Feature","geometry":{"type":"LineString","coordinates":[[-134.2531,55.403],[-133.9805,54.6499]]},"properties":{}},{"type":"Feature","geometry":{"type":"MultiLineString","coordinates":[[[-179.4691,50.2553],[-176.996223,50.558732]],[[-176.996223,50.558732],[-171.537,51.2286],[-171.555154,51.295103]],[[-171.555154,51.295103],[-171.9325,52.6774],[-166.744489,54.221244]],[[-166.744489,54.221244],[-166.742634,54.221796]],[[-166.742634,54.221796],[-166.7359,54.2238],[-166.737376,54.222903]],[[-166.737376,54.222903],[-166.743668,54.21908]],[[-166.743668,54.21908],[-171.555,51.2958]]]},"properties":{}},{"type":"Feature","geometry":{"type":"LineString","coordinates":[[-132.3109,54.4653],[-133.9805,54.6499]]},"properties":{}},{"type":"Feature","geometry":{"type":"LineString","coordinates":[[-133.7921,57.2025],[-133.0346,57.0141],[-132.6269,56.6821],[-132.5687,56.6183],[-132.5311,56.612],[-132.5313,56.5764],[-132.6948,56.4848],[-133.0574,56.4464],[-133.2207,56.395]]},"properties":{}},{"type":"Feature","geometry":{"type":"LineString","coordinates":[[-133.2207,56.395],[-133.1599,56.3524],[-133.0771,56.3252],[-132.9462,56.2723],[-132.8098,56.143],[-132.3634,55.7782],[-132.2249,55.5793],[-132.0329,55.463],[-131.9715,55.4041]]},"properties":{}},{"type":"Feature","geometry":{"type":"LineString","coordinates":[[-132.8293,55.2063],[-132.8038,55.1799],[-132.6782,55.1326],[-132.6583,55.0502],[-132.6623,54.987],[-132.3109,54.4653]]},"properties":{}},{"type":"Feature","geometry":{"type":"LineString","coordinates":[[-131.5619,54.6384],[-132.3109,54.4653]]},"properties":{}},{"type":"Feature","geometry":{"type":"LineString","coordinates":[[-131.9715,55.4041],[-131.852,55.4381],[-131.8042,55.425],[-131.7487,55.3826],[-131.6447,55.318],[-131.5984,55.2967]]},"properties":{}},{"type":"Feature","geometry":{"type":"LineString","coordinates":[[-131.9715,55.4041],[-131.8282,55.6083],[-131.7385,55.8078],[-131.7385,55.8712],[-131.6953,55.9032],[-131.6469,55.9211],[-131.5501,55.9109],[-131.2737,55.9812],[-131.2422,55.9782],[-131.0689,55.8431],[-130.9339,55.7004],[-130.9135,55.5636],[-130.9593,55.4225],[-130.9084,55.3361],[-131.1923,55.1538]]},"properties":{}},{"type":"Feature","geometry":{"type":"LineString","coordinates":[[-131.9715,55.4041],[-131.8201,55.0516]]},"properties":{}},{"type":"Feature","geometry":{"type":"LineString","coordinates":[[-131.5984,55.2967],[-131.6726,55.1558],[-131.8201,55.0516]]},"properties":{}},{"type":"Feature","geometry":{"type":"LineString","coordinates":[[-131.8201,55.0516],[-131.5619,54.6384]]},"properties":{}},{"type":"Feature","geometry":{"type":"LineString","coordinates":[[-131.5984,55.2967],[-131.5062,55.2763],[-131.4478,55.2384],[-131.2972,55.1804],[-131.1923,55.1538]]},"properties":{}},{"type":"Feature","geometry":{"type":"LineString","coordinates":[[-131.1618,54.6716],[-131.5619,54.6384]]},"properties":{}},{"type":"Feature","geometry":{"type":"LineString","coordinates":[[-131.2,54.3],[-130.3302,54.3]]},"properties":{}},{"type":"Feature","geometry":{"type":"LineString","coordinates":[[-131.1923,55.1538],[-131.1165,55.0622],[-131.1618,54.6716]]},"properties":{}},{"type":"Feature","geometry":{"type":"LineString","coordinates":[[-130.632,54.635],[-131.1618,54.6716]]},"properties":{}},{"type":"Feature","geometry":{"type":"LineString","coordinates":[[-130.017,55.9104],[-130.0967,55.8261],[-130.1437,55.8083],[-130.1747,55.7723],[-130.166,55.7105],[-130.1305,55.6816],[-130.148,55.5896],[-130.1059,55.4891],[-130.0605,55.4486],[-130.0429,55.3366],[-130.0018,55.2831],[-130.1168,55.2035],[-130.2042,55.0984],[-130.2208,55.0598],[-130.2745,54.9954],[-130.3736,54.9162],[-130.4808,54.8507],[-130.5791,54.8016],[-130.6442,54.7918],[-130.6741,54.7712],[-130.6454,54.7471],[-130.632,54.635]]},"properties":{}},{"type":"Feature","geometry":{"type":"LineString","coordinates":[[-130.632,54.635],[-130.3302,54.3]]},"properties":{}},{"type":"Feature","geometry":{"type":"LineString","coordinates":[[-130,-50],[-120,-50]]},"properties":{}},{"type":"Feature","geometry":{"type":"MultiLineString","coordinates":[[[-130,-50],[-124.887927,-45.402613]],[[-124.887927,-45.402613],[-124.563,-45.1104],[-120,-40]]]},"properties":{}},{"type":"Feature","geometry":{"type":"LineString","coordinates":[[-130,-50],[-129.997,-45.0022],[-130,-40]]},"properties":{}},{"type":"Feature","geometry":{"type":"MultiLineString","coordinates":[[[-120,-30],[-124.6948,-35.1041],[-124.999976,-35.385732]],[[-124.999976,-35.385732],[-130,-40]]]},"properties":{}},{"type":"Feature","geometry":{"type":"MultiLineString","coordinates":[[[-165.3621,54.4911],[-166.1993,54.3362],[-166.737376,54.222903]],[[-166.737376,54.222903],[-166.742634,54.221796]],[[-166.742634,54.221796],[-166.744546,54.221394]],[[-166.744546,54.221394],[-168.9382,53.7595],[-174.6787,53.2425],[-176.8876,52.8708],[-176.955364,52.857175]],[[-176.955364,52.857175],[-179.3121,52.3833]]]},"properties":{}},{"type":"Feature","geometry":{"type":"LineString","coordinates":[[-130,-30],[-129.9979,-35.0021],[-130,-40]]},"properties":{}},{"type":"Feature","geometry":{"type":"MultiLineString","coordinates":[[[-120,-50],[-124.887927,-45.402613]],[[-124.887927,-45.402613],[-125.2826,-45.0314],[-130,-40]]]},"properties":{}},{"type":"Feature","geometry":{"type":"LineString","coordinates":[[-120,-40],[-125.0004,-40.1068],[-130,-40]]},"properties":{}},{"type":"Feature","geometry":{"type":"MultiLineString","coordinates":[[[-130,-30],[-125.684944,-25.923637]],[[-125.684944,-25.923637],[-125.000105,-25.276681]],[[-125.000105,-25.276681],[-124.857132,-25.141616]],[[-124.857132,-25.141616],[-124.7972,-25.085],[-122.009459,-22.130013]],[[-122.009459,-22.130013],[-120,-20]]]},"properties":{}},{"type":"Feature","geometry":{"type":"MultiLineString","coordinates":[[[-130,-30],[-127.6413,-27.6203],[-126.147651,-26.130756]],[[-126.147651,-26.130756],[-125.149607,-25.135455]],[[-125.149607,-25.135455],[-125.006234,-24.992476]],[[-125.006234,-24.992476],[-122.069054,-22.063367]],[[-122.069054,-22.063367],[-120,-20]]]},"properties":{}},{"type":"Feature","geometry":{"type":"MultiLineString","coordinates":[[[-130,-30],[-129.999399,-27.854889]],[[-129.999399,-27.854889],[-129.9986,-25.0017],[-130,-20]]]},"properties":{}},{"type":"Feature","geometry":{"type":"MultiLineString","coordinates":[[[-179.2756,24.2531],[-176.86148,23.326745]],[[-176.86148,23.326745],[-171.042833,21.093991]],[[-171.042833,21.093991],[-170.000194,20.693905]],[[-170.000194,20.693905],[-169.519407,20.509416]],[[-169.519407,20.509416],[-168.602106,20.157426]],[[-168.602106,20.157426],[-161.865831,17.572556]],[[-161.865831,17.572556],[-160.147701,16.913269]],[[-160.147701,16.913269],[-159.124518,16.520649]],[[-159.124518,16.520649],[-158.70184,16.358457]],[[-158.70184,16.358457],[-156.3758,15.4659]],[[-156.3758,15.4659],[-155.202825,14.967185]],[[-155.202825,14.967185],[-151.961352,13.589006]],[[-151.961352,13.589006],[-150.000441,12.755285]],[[-150.000441,12.755285],[-148.132298,11.961006]],[[-148.132298,11.961006],[-143.581857,10.026292]],[[-143.581857,10.026292],[-141.064933,8.95617]],[[-141.064933,8.95617],[-140.00009,8.50343]],[[-140.00009,8.50343],[-138.665674,7.936075]],[[-138.665674,7.936075],[-137.308146,7.358894]],[[-137.308146,7.358894],[-134.071619,5.982819]],[[-134.071619,5.982819],[-130.000255,4.251794]],[[-130.000255,4.251794],[-127.044661,2.995163]],[[-127.044661,2.995163],[-120,-0.00002]]]},"properties":{}},{"type":"Feature","geometry":{"type":"MultiLineString","coordinates":[[[-130,-30],[-125.3071,-35.1023],[-124.999976,-35.385732]],[[-124.999976,-35.385732],[-120,-40]]]},"properties":{}},{"type":"Feature","geometry":{"type":"LineString","coordinates":[[-120,-30],[-125.0005,-30.0935],[-130,-30]]},"properties":{}},{"type":"Feature","geometry":{"type":"MultiLineString","coordinates":[[[-120,-10],[-122.4181,-12.5389],[-124.8837,-15.0555],[-125.000194,-15.170393]],[[-125.000194,-15.170393],[-126.698658,-16.845502]],[[-126.698658,-16.845502],[-127.4073,-17.5444],[-130,-20]]]},"properties":{}},{"type":"Feature","geometry":{"type":"MultiLineString","coordinates":[[[-130,-10],[-129.999714,-11.787362]],[[-129.999714,-11.787362],[-129.999507,-13.081209]],[[-129.999507,-13.081209],[-129.9992,-15.0011],[-130,-20]]]},"properties":{}},{"type":"Feature","geometry":{"type":"MultiLineString","coordinates":[[[-120,-30],[-124.755607,-25.507644]],[[-124.755607,-25.507644],[-125.000105,-25.276681]],[[-125.000105,-25.276681],[-125.149607,-25.135455]],[[-125.149607,-25.135455],[-125.2045,-25.0836],[-130,-20]]]},"properties":{}},{"type":"Feature","geometry":{"type":"MultiLineString","coordinates":[[[-120,-30],[-124.572942,-25.425879]],[[-124.572942,-25.425879],[-124.857132,-25.141616]],[[-124.857132,-25.141616],[-125.006234,-24.992476]],[[-125.006234,-24.992476],[-127.7581,-22.2399],[-130,-20]]]},"properties":{}},{"type":"Feature","geometry":{"type":"MultiLineString","coordinates":[[[-120,-20],[-123.865115,-20.053489]],[[-123.865115,-20.053489],[-125.0004,-20.0692],[-130,-20]]]},"properties":{}},{"type":"Feature","geometry":{"type":"MultiLineString","coordinates":[[[-120,10],[-122.5333,7.5169],[-124.999852,5.057143]],[[-124.999852,5.057143],[-125.0379,5.0192],[-127.044661,2.995163]],[[-127.044661,2.995163],[-127.5237,2.512],[-130,-0.00001]]]},"properties":{}},{"type":"Feature","geometry":{"type":"MultiLineString","coordinates":[[[-130,10],[-130.0003,5.0004],[-130.000255,4.251794]],[[-130.000255,4.251794],[-130,-0.00001]]]},"properties":{}},{"type":"Feature","geometry":{"type":"MultiLineString","coordinates":[[[-130,-10],[-129.9997,-5.0004],[-129.999814,-3.106718]],[[-129.999814,-3.106718],[-130,-0.00001]]]},"properties":{}},{"type":"Feature","geometry":{"type":"MultiLineString","coordinates":[[[-120,-10],[-121.277234,-8.748123]],[[-121.277234,-8.748123],[-122.5336,-7.5167],[-125.0001,-5.057192]],[[-125.0001,-5.057192],[-125.0384,-5.019],[-127.462722,-2.57361]],[[-127.462722,-2.57361],[-127.5239,-2.5119],[-130,-0.00001]]]},"properties":{}},{"type":"Feature","geometry":{"type":"LineString","coordinates":[[-130,-0.00001],[-120,-0.00002]]},"properties":{}},{"type":"Feature","geometry":{"type":"MultiLineString","coordinates":[[[-120,30],[-124.9995,30.0935],[-127.833153,30.040516]],[[-127.833153,30.040516],[-130,30]]]},"properties":{}},{"type":"Feature","geometry":{"type":"MultiLineString","coordinates":[[[-130,30],[-128.524303,31.698281]],[[-128.524303,31.698281],[-126.656962,33.847279]],[[-126.656962,33.847279],[-126.6095,33.9019],[-125.084311,35.463517]],[[-125.084311,35.463517],[-124.7876,35.767315]],[[-124.7876,35.767315],[-123.31485,37.275242]],[[-123.31485,37.275242],[-122.9,37.7]]]},"properties":{}},{"type":"Feature","geometry":{"type":"MultiLineString","coordinates":[[[-130,40],[-130.000164,39.608888]],[[-130.000164,39.608888],[-130.001054,37.490546]],[[-130.001054,37.490546],[-130.001843,35.613177]],[[-130.001843,35.613177],[-130.001907,35.461912]],[[-130.001907,35.461912],[-130.0021,35.002],[-130.002068,34.926469]],[[-130.002068,34.926469],[-130.000562,31.339017]],[[-130.000562,31.339017],[-130,30]]]},"properties":{}},{"type":"Feature","geometry":{"type":"MultiLineString","coordinates":[[[-158.1931,21.4425],[-158.7042,21.7917],[-159.2325,21.8447],[-159.2559,21.826884]],[[-159.2559,21.826884],[-159.3532,21.7528],[-159.6692,21.8113],[-159.9159,21.8364],[-160.0283,22.093],[-160.4872,22.0297],[-164.9518,23.7189],[-166.115154,24.11783]],[[-166.115154,24.11783],[-169.527,25.2878],[-170.001279,25.43283]],[[-170.001279,25.43283],[-173.652606,26.549372]],[[-173.652606,26.549372],[-174.2155,26.7215],[-177.578531,27.620802]],[[-177.578531,27.620802],[-178.610184,27.896674]],[[-178.610184,27.896674],[-178.999278,28.000722]],[[-178.999278,28.000722],[-179.0164,28.0053]]]},"properties":{}},{"type":"Feature","geometry":{"type":"MultiLineString","coordinates":[[[-130,20],[-130.0014,25.0017],[-130.001089,26.112868]],[[-130.001089,26.112868],[-130.00107,26.178545]],[[-130.00107,26.178545],[-130,30]]]},"properties":{}},{"type":"Feature","geometry":{"type":"MultiLineString","coordinates":[[[-120,20],[-124.427446,24.693434]],[[-124.427446,24.693434],[-124.7955,25.0836],[-124.999844,25.276633]],[[-124.999844,25.276633],[-128.612144,28.68897]],[[-128.612144,28.68897],[-130,30]]]},"properties":{}},{"type":"Feature","geometry":{"type":"MultiLineString","coordinates":[[[-130,-10],[-127.4668,-7.5169],[-125.0001,-5.057192]],[[-125.0001,-5.057192],[-124.9621,-5.0193],[-122.4763,-2.512],[-121.229405,-1.247139]],[[-121.229405,-1.247139],[-120,-0.00002]]]},"properties":{}},{"type":"Feature","geometry":{"type":"MultiLineString","coordinates":[[[-120,-20],[-122.5937,-17.5438],[-125.000194,-15.170393]],[[-125.000194,-15.170393],[-125.1175,-15.0547],[-127.5827,-12.5384],[-128.707198,-11.357568]],[[-128.707198,-11.357568],[-130,-10]]]},"properties":{}},{"type":"Feature","geometry":{"type":"MultiLineString","coordinates":[[[-120,-10],[-124.871763,-10.035757]],[[-124.871763,-10.035757],[-125.0002,-10.0367],[-130,-10]]]},"properties":{}},{"type":"Feature","geometry":{"type":"MultiLineString","coordinates":[[[-178.5,28.5],[-178.999278,28.000722]],[[-178.999278,28.000722],[-179,28]]]},"properties":{}},{"type":"Feature","geometry":{"type":"LineString","coordinates":[[-120,10],[-124.9998,10.0367],[-130,10]]},"properties":{}},{"type":"Feature","geometry":{"type":"MultiLineString","coordinates":[[[-120,20],[-121.887858,18.211897]],[[-121.887858,18.211897],[-122.5927,17.5443],[-124.999755,15.170343]],[[-124.999755,15.170343],[-125.1163,15.0554],[-125.642318,14.518523]],[[-125.642318,14.518523],[-127.5819,12.5389],[-128.630894,11.437502]],[[-128.630894,11.437502],[-130,10]]]},"properties":{}},{"type":"Feature","geometry":{"type":"MultiLineString","coordinates":[[[-130,20],[-130.000071,19.556744]],[[-130.000071,19.556744],[-130.0008,15.0011]],[[-130.0008,15.0011],[-130.000266,11.665575]],[[-130.000266,11.665575],[-130,10]]]},"properties":{}},{"type":"Feature","geometry":{"type":"MultiLineString","coordinates":[[[-130,10],[-127.4664,7.5167],[-124.999852,5.057143]],[[-124.999852,5.057143],[-124.9616,5.019],[-122.476,2.5119],[-120,-0.00002]]]},"properties":{}},{"type":"Feature","geometry":{"type":"LineString","coordinates":[[-130,20],[-124.9996,20.0692],[-120,20]]},"properties":{}},{"type":"Feature","geometry":{"type":"MultiLineString","coordinates":[[[-130,20],[-125.334602,24.945194]],[[-125.334602,24.945194],[-125.2028,25.0849],[-124.999844,25.276633]],[[-124.999844,25.276633],[-120,30]]]},"properties":{}},{"type":"Feature","geometry":{"type":"MultiLineString","coordinates":[[[-130,20],[-129.448998,19.478208]],[[-129.448998,19.478208],[-127.4063,17.5438],[-124.999755,15.170343]],[[-124.999755,15.170343],[-124.8825,15.0547],[-124.127927,14.350848]],[[-124.127927,14.350848],[-122.3653,12.7067],[-120,10]]]},"properties":{}},{"type":"Feature","geometry":{"type":"MultiLineString","coordinates":[[[-130,40],[-129.021695,40.925896]],[[-129.021695,40.925896],[-128.686691,41.242953]],[[-128.686691,41.242953],[-127.670363,42.204835]],[[-127.670363,42.204835],[-127.423643,42.438338]],[[-127.423643,42.438338],[-125.103715,44.633984]],[[-125.103715,44.633984],[-124.4,45.3],[-124.9954,45.6502]]]},"properties":{}},{"type":"Feature","geometry":{"type":"MultiLineString","coordinates":[[[-130,40],[-130.000778,41.296485]],[[-130.000778,41.296485],[-130.000844,41.407661]],[[-130.000844,41.407661],[-130.001155,41.926423]],[[-130.001155,41.926423],[-130.002303,43.839993]],[[-130.002303,43.839993],[-130.002814,44.691509]],[[-130.002814,44.691509],[-130.003,45.0022],[-130.002327,46.122553]],[[-130.002327,46.122553],[-130.002262,46.2316]],[[-130.002262,46.2316],[-130.000865,48.559411]],[[-130.000865,48.559411],[-130,50]]]},"properties":{}},{"type":"Feature","geometry":{"type":"MultiLineString","coordinates":[[[-120,30],[-122.269889,32.46791]],[[-122.269889,32.46791],[-122.645883,32.876705]],[[-122.645883,32.876705],[-124.684237,35.092881]],[[-124.684237,35.092881],[-124.6929,35.1023],[-125.084311,35.463517]],[[-125.084311,35.463517],[-125.79613,36.120424]],[[-125.79613,36.120424],[-126.186601,36.480774]],[[-126.186601,36.480774],[-126.379475,36.65877]],[[-126.379475,36.65877],[-129.449511,39.491976]],[[-129.449511,39.491976],[-130,40]]]},"properties":{}},{"type":"Feature","geometry":{"type":"MultiLineString","coordinates":[[[-110,20],[-113.8671,21.4089],[-114.958429,21.776325]],[[-114.958429,21.776325],[-114.961286,21.777286]],[[-114.961286,21.777286],[-117.8059,22.735],[-120.000955,23.410263]],[[-120.000955,23.410263],[-121.8182,23.9693],[-124.427446,24.693434]],[[-124.427446,24.693434],[-125.334602,24.945194]],[[-125.334602,24.945194],[-125.9043,25.1033],[-130.001089,26.112868]],[[-130.001089,26.112868],[-130.032241,26.120545]],[[-130.032241,26.120545],[-130.0629,26.1281],[-133.350897,26.834337]],[[-133.350897,26.834337],[-134.2907,27.0362],[-137.478742,27.618309]],[[-137.478742,27.618309],[-138.5828,27.8199],[-140.000551,28.032652]],[[-140.000551,28.032652],[-140.914542,28.169809]],[[-140.914542,28.169809],[-141.797094,28.302247]],[[-141.797094,28.302247],[-142.9323,28.4726],[-145.296912,28.748614]],[[-145.296912,28.748614],[-147.3306,28.986],[-148.934724,29.120361]],[[-148.934724,29.120361],[-149.0819,29.132688]],[[-149.0819,29.132688],[-150.000221,29.209607]],[[-150.000221,29.209607],[-150.041671,29.213079]],[[-150.041671,29.213079],[-150.668849,29.265611]],[[-150.668849,29.265611],[-151.7671,29.3576],[-156.2303,29.5839],[-156.570261,29.589868]],[[-156.570261,29.589868],[-159.622557,29.64345]],[[-159.622557,29.64345],[-159.903795,29.648388]],[[-159.903795,29.648388],[-160.363648,29.65646]],[[-160.363648,29.65646],[-160.7077,29.6625],[-165.1862,29.5922],[-169.125011,29.399514]],[[-169.125011,29.399514],[-169.6527,29.3737],[-170.000183,29.345139]],[[-170.000183,29.345139],[-170.759235,29.282749]],[[-170.759235,29.282749],[-174.0946,29.0086],[-178.5,28.5]]]},"properties":{}},{"type":"Feature","geometry":{"type":"MultiLineString","coordinates":[[[-130,40],[-123.778116,37.98446]],[[-123.778116,37.98446],[-122.9,37.7]]]},"properties":{}},{"type":"Feature","geometry":{"type":"LineString","coordinates":[[-125.5016,48.5683],[-125.5027,48.1173],[-125.4991,47.687],[-125.4354,47.5444],[-125.3772,47.3391],[-125.1965,46.6773],[-125.1093,46.3532],[-125.0634,46.2167]]},"properties":{}},{"type":"Feature","geometry":{"type":"LineString","coordinates":[[-123.1105,48.2079],[-123.2422,48.2173],[-123.3914,48.1644],[-123.4277,48.1629],[-123.4798,48.2308],[-123.9732,48.2659],[-124.7292,48.4862],[-125.5016,48.5683]]},"properties":{}},{"type":"Feature","geometry":{"type":"MultiLineString","coordinates":[[[-124.9954,45.6502],[-124.9847,45.5528],[-125.0958,44.803],[-125.103715,44.633984]],[[-125.103715,44.633984],[-125.1054,44.598],[-125.1621,44.0101],[-125.32,43.3704]]]},"properties":{}},{"type":"Feature","geometry":{"type":"LineString","coordinates":[[-125.32,43.3704],[-125.5151,42.8378],[-125.4524,42.7398],[-125.3355,42.3965],[-125.1974,41.9968],[-125.1997,41.5487],[-125.1939,40.7581],[-124.7749,39.4264],[-124.3291,38.6558]]},"properties":{}},{"type":"Feature","geometry":{"type":"LineString","coordinates":[[-170,30],[-174.2807,29.3168],[-178.5,28.5]]},"properties":{}},{"type":"Feature","geometry":{"type":"LineString","coordinates":[[-125.0634,46.2167],[-124.9954,45.6502]]},"properties":{}},{"type":"Feature","geometry":{"type":"LineString","coordinates":[[-124.3976,49.9243],[-124.5711,49.8731]]},"properties":{}},{"type":"Feature","geometry":{"type":"LineString","coordinates":[[-124.5711,49.8731],[-123.3795,49.0699],[-123.051,48.8551]]},"properties":{}},{"type":"Feature","geometry":{"type":"MultiLineString","coordinates":[[[-124.3291,38.6558],[-124.152441,38.466818]],[[-124.152441,38.466818],[-123.998772,38.30243]],[[-123.998772,38.30243],[-123.9879,38.2908],[-123.778116,37.98446]],[[-123.778116,37.98446],[-123.740866,37.930065]],[[-123.740866,37.930065],[-123.4671,37.530296]],[[-123.4671,37.530296],[-123.44489,37.497863]],[[-123.44489,37.497863],[-123.4028,37.4364]]]},"properties":{}},{"type":"Feature","geometry":{"type":"LineString","coordinates":[[-122.9,37.7],[-123.4028,37.4364]]},"properties":{}},{"type":"Feature","geometry":{"type":"LineString","coordinates":[[-122.9745,48.3305],[-123.1098,48.274],[-123.1105,48.2079]]},"properties":{}},{"type":"Feature","geometry":{"type":"LineString","coordinates":[[-122.8293,48.1933],[-123.1105,48.2079]]},"properties":{}},{"type":"Feature","geometry":{"type":"LineString","coordinates":[[-123.051,48.8551],[-123.0054,48.7977],[-123.006,48.7325]]},"properties":{}},{"type":"Feature","geometry":{"type":"LineString","coordinates":[[-123.051,48.8551],[-122.7764,48.7537]]},"properties":{}},{"type":"Feature","geometry":{"type":"LineString","coordinates":[[-123.006,48.7325],[-122.8184,48.736],[-122.7764,48.7537]]},"properties":{}},{"type":"Feature","geometry":{"type":"LineString","coordinates":[[-123.006,48.7325],[-123.0327,48.7351],[-123.2549,48.7146],[-123.2018,48.5113],[-123.02,48.384],[-122.9745,48.3305]]},"properties":{}},{"type":"Feature","geometry":{"type":"LineString","coordinates":[[-122.7432,48.463],[-122.7915,48.4075],[-122.9745,48.3305]]},"properties":{}},{"type":"Feature","geometry":{"type":"LineString","coordinates":[[-120.8841,34.4361],[-122.9,37.7]]},"properties":{}},{"type":"Feature","geometry":{"type":"LineString","coordinates":[[-122.7361,48.402],[-122.8293,48.1933]]},"properties":{}},{"type":"Feature","geometry":{"type":"LineString","coordinates":[[-122.7302,48.1487],[-122.8293,48.1933]]},"properties":{}},{"type":"Feature","geometry":{"type":"LineString","coordinates":[[-122.7764,48.7537],[-122.7291,48.6586],[-122.748,48.5269],[-122.7432,48.463]]},"properties":{}},{"type":"Feature","geometry":{"type":"LineString","coordinates":[[-122.7432,48.463],[-122.7361,48.402]]},"properties":{}},{"type":"Feature","geometry":{"type":"LineString","coordinates":[[-122.7361,48.402],[-122.638,48.406],[-122.5961,48.4143],[-122.5641,48.3687],[-122.4312,48.2828],[-122.3753,48.2338],[-122.4082,48.2032]]},"properties":{}},{"type":"Feature","geometry":{"type":"MultiLineString","coordinates":[[[-180,-30],[-174.7972,-25.085],[-174.455758,-24.723074]],[[-174.455758,-24.723074],[-170,-20]]]},"properties":{}},{"type":"Feature","geometry":{"type":"MultiLineString","coordinates":[[[-178.5,28.5],[-177.480535,30]],[[-177.480535,30],[-174.5406,34.3257],[-174.279139,34.652443]],[[-174.279139,34.652443],[-170,40]]]},"properties":{}},{"type":"Feature","geometry":{"type":"LineString","coordinates":[[-122.494,47.9223],[-122.5801,47.9623],[-122.638,48.0293],[-122.6623,48.1119],[-122.7302,48.1487]]},"properties":{}},{"type":"Feature","geometry":{"type":"LineString","coordinates":[[-122.7116,48.1386],[-122.7302,48.1487]]},"properties":{}},{"type":"Feature","geometry":{"type":"LineString","coordinates":[[-122.4385,47.7635],[-122.494,47.9223]]},"properties":{}},{"type":"Feature","geometry":{"type":"LineString","coordinates":[[-122.3791,47.8621],[-122.494,47.9223]]},"properties":{}},{"type":"Feature","geometry":{"type":"LineString","coordinates":[[-122.4575,47.3232],[-122.3555,47.3828],[-122.4057,47.4458],[-122.4523,47.5731],[-122.4645,47.6587],[-122.4385,47.7635]]},"properties":{}},{"type":"Feature","geometry":{"type":"LineString","coordinates":[[-122.3791,47.8621],[-122.4385,47.7635]]},"properties":{}},{"type":"Feature","geometry":{"type":"MultiLineString","coordinates":[[[-122.4082,48.2032],[-122.278108,48.005413]],[[-122.278108,48.005413],[-122.2781,48.0054],[-122.312,47.9781]]]},"properties":{}},{"type":"Feature","geometry":{"type":"MultiLineString","coordinates":[[[-122.4082,48.2032],[-122.278,48.0055],[-122.278108,48.005413]],[[-122.278108,48.005413],[-122.312,47.9781]]]},"properties":{}},{"type":"Feature","geometry":{"type":"LineString","coordinates":[[-122.312,47.9781],[-122.3791,47.8621]]},"properties":{}},{"type":"Feature","geometry":{"type":"LineString","coordinates":[[-120.9,34.3],[-120.8841,34.4361]]},"properties":{}},{"type":"Feature","geometry":{"type":"MultiLineString","coordinates":[[[-120.9,34.3],[-120.670713,33.204516]],[[-120.670713,33.204516],[-120.613458,32.930968]],[[-120.613458,32.930968],[-120,30]]]},"properties":{}},{"type":"Feature","geometry":{"type":"MultiLineString","coordinates":[[[-120.8841,34.4361],[-120.5005,34.3545],[-119.8734,34.2122],[-119.5099,34.1273],[-119.2671,34.0786]],[[-119.2671,34.0786],[-118.9213,33.9125],[-118.4867,33.7056]]]},"properties":{}},{"type":"Feature","geometry":{"type":"LineString","coordinates":[[-110,-50],[-120,-50]]},"properties":{}},{"type":"Feature","geometry":{"type":"MultiLineString","coordinates":[[[-120,-50],[-114.888021,-45.402792]],[[-114.888021,-45.402792],[-114.563,-45.1105],[-110,-40]]]},"properties":{}},{"type":"Feature","geometry":{"type":"LineString","coordinates":[[-120,-50],[-119.997,-45.0022],[-120,-40]]},"properties":{}},{"type":"Feature","geometry":{"type":"MultiLineString","coordinates":[[[-170,20],[-171.042833,21.093991]],[[-171.042833,21.093991],[-174.1075,24.309],[-175.061052,25.218809]],[[-175.061052,25.218809],[-177.578531,27.620802]],[[-177.578531,27.620802],[-178.5,28.5]]]},"properties":{}},{"type":"Feature","geometry":{"type":"MultiLineString","coordinates":[[[-110,-30],[-111.268022,-31.37857]],[[-111.268022,-31.37857],[-114.6948,-35.1041],[-114.999976,-35.385732]],[[-114.999976,-35.385732],[-120,-40]]]},"properties":{}},{"type":"Feature","geometry":{"type":"LineString","coordinates":[[-120,-30],[-119.9979,-35.0021],[-120,-40]]},"properties":{}},{"type":"Feature","geometry":{"type":"MultiLineString","coordinates":[[[-110,-50],[-114.888021,-45.402792]],[[-114.888021,-45.402792],[-115.2828,-45.0315],[-120,-40]]]},"properties":{}},{"type":"Feature","geometry":{"type":"LineString","coordinates":[[-110,-40],[-115.0004,-40.1068],[-120,-40]]},"properties":{}},{"type":"Feature","geometry":{"type":"MultiLineString","coordinates":[[[-120,-30],[-116.770547,-26.949189]],[[-116.770547,-26.949189],[-115.000105,-25.276681]],[[-115.000105,-25.276681],[-114.7972,-25.085],[-110,-20]]]},"properties":{}},{"type":"Feature","geometry":{"type":"MultiLineString","coordinates":[[[-120,-30],[-119.9986,-25.0017],[-119.99879,-24.321561]],[[-119.99879,-24.321561],[-119.999123,-23.133159]],[[-119.999123,-23.133159],[-120,-20]]]},"properties":{}},{"type":"Feature","geometry":{"type":"MultiLineString","coordinates":[[[-120,-30],[-115.3071,-35.1023],[-114.999976,-35.385732]],[[-114.999976,-35.385732],[-110,-40]]]},"properties":{}},{"type":"Feature","geometry":{"type":"MultiLineString","coordinates":[[[-110,-30],[-112.917608,-30.054554]],[[-112.917608,-30.054554],[-115.0005,-30.0935],[-120,-30]]]},"properties":{}},{"type":"Feature","geometry":{"type":"MultiLineString","coordinates":[[[-120,-20],[-117.4073,-17.5444],[-115.000194,-15.170393]],[[-115.000194,-15.170393],[-114.8837,-15.0555],[-112.4181,-12.5389],[-110,-10]]]},"properties":{}},{"type":"Feature","geometry":{"type":"LineString","coordinates":[[-120,-20],[-119.9992,-15.0011],[-120,-10]]},"properties":{}},{"type":"Feature","geometry":{"type":"MultiLineString","coordinates":[[[-178.5,28.5],[-173.205671,26.971594]],[[-173.205671,26.971594],[-173.0609,26.9298],[-170.001146,25.909785]],[[-170.001146,25.909785],[-167.7784,25.1688],[-165.818966,24.431781]],[[-165.818966,24.431781],[-162.6505,23.24],[-159.2559,21.826884]],[[-159.2559,21.826884],[-157.67,21.1667]]]},"properties":{}},{"type":"Feature","geometry":{"type":"MultiLineString","coordinates":[[[-110,-30],[-115.000105,-25.276681]],[[-115.000105,-25.276681],[-115.2045,-25.0836],[-118.050996,-22.066095]],[[-118.050996,-22.066095],[-120,-20]]]},"properties":{}},{"type":"Feature","geometry":{"type":"MultiLineString","coordinates":[[[-110,-20],[-114.389865,-20.060751]],[[-114.389865,-20.060751],[-115.0004,-20.0692],[-120,-20]]]},"properties":{}},{"type":"Feature","geometry":{"type":"MultiLineString","coordinates":[[[-120,-10],[-117.4667,-7.5169],[-117.177048,-7.228058]],[[-117.177048,-7.228058],[-115.000148,-5.057242]],[[-115.000148,-5.057242],[-114.9621,-5.0193],[-112.4763,-2.512],[-111.984218,-2.01283]],[[-111.984218,-2.01283],[-110,-0.00003]]]},"properties":{}},{"type":"Feature","geometry":{"type":"MultiLineString","coordinates":[[[-120,-10],[-119.999897,-8.281897]],[[-119.999897,-8.281897],[-119.9997,-5.0004],[-119.999941,-0.98397]],[[-119.999941,-0.98397],[-120,-0.00002]]]},"properties":{}},{"type":"Feature","geometry":{"type":"MultiLineString","coordinates":[[[-110,-20],[-111.568013,-18.515113]],[[-111.568013,-18.515113],[-112.5937,-17.5438],[-115.000194,-15.170393]],[[-115.000194,-15.170393],[-115.1175,-15.0547],[-117.5827,-12.5384],[-120,-10]]]},"properties":{}},{"type":"Feature","geometry":{"type":"LineString","coordinates":[[-110,-10],[-115.0002,-10.0367],[-120,-10]]},"properties":{}},{"type":"Feature","geometry":{"type":"MultiLineString","coordinates":[[[-110,-0.00003],[-115,-0.00001],[-115.440624,-0.000011]],[[-115.440624,-0.000011],[-120,-0.00002]]]},"properties":{}},{"type":"Feature","geometry":{"type":"MultiLineString","coordinates":[[[-110,10],[-112.5333,7.5169],[-114.999852,5.057143]],[[-114.999852,5.057143],[-115.0379,5.0192],[-117.5237,2.512],[-120,-0.00002]]]},"properties":{}},{"type":"Feature","geometry":{"type":"LineString","coordinates":[[-120,10],[-120.0003,5.0004],[-120,-0.00002]]},"properties":{}},{"type":"Feature","geometry":{"type":"MultiLineString","coordinates":[[[-110,-10],[-112.5336,-7.5167],[-114.02527,-6.029318]],[[-114.02527,-6.029318],[-115.000148,-5.057242]],[[-115.000148,-5.057242],[-115.0384,-5.0191],[-117.524,-2.5119],[-119.200214,-0.811396]],[[-119.200214,-0.811396],[-120,-0.00002]]]},"properties":{}},{"type":"Feature","geometry":{"type":"LineString","coordinates":[[-110,10],[-114.9998,10.0367],[-120,10]]},"properties":{}},{"type":"Feature","geometry":{"type":"MultiLineString","coordinates":[[[-110,20],[-112.5927,17.5443],[-112.66694,17.471081]],[[-112.66694,17.471081],[-112.948617,17.193277]],[[-112.948617,17.193277],[-113.66262,16.489092]],[[-113.66262,16.489092],[-114.999755,15.170343]],[[-114.999755,15.170343],[-115.1163,15.0554],[-116.62097,13.519668]],[[-116.62097,13.519668],[-117.5819,12.5389],[-120,10]]]},"properties":{}},{"type":"Feature","geometry":{"type":"MultiLineString","coordinates":[[[-120,20],[-120.000345,17.844977]],[[-120.000345,17.844977],[-120.0008,15.0011],[-120.000623,13.893867]],[[-120.000623,13.893867],[-120,10]]]},"properties":{}},{"type":"Feature","geometry":{"type":"MultiLineString","coordinates":[[[-120,10],[-117.4664,7.5167],[-114.999852,5.057143]],[[-114.999852,5.057143],[-114.9616,5.019],[-112.4761,2.5119],[-110.953323,0.967088]],[[-110.953323,0.967088],[-110,-0.00003]]]},"properties":{}},{"type":"Feature","geometry":{"type":"MultiLineString","coordinates":[[[-110,20],[-114.032515,20.055814]],[[-114.032515,20.055814],[-114.204724,20.058198]],[[-114.204724,20.058198],[-114.9996,20.0692],[-120,20]]]},"properties":{}},{"type":"Feature","geometry":{"type":"MultiLineString","coordinates":[[[-120,20],[-120.000955,23.410263]],[[-120.000955,23.410263],[-120.0014,25.0017],[-120,30]]]},"properties":{}},{"type":"Feature","geometry":{"type":"MultiLineString","coordinates":[[[-120,20],[-117.4063,17.5438],[-117.107112,17.248726]],[[-117.107112,17.248726],[-114.999755,15.170343]],[[-114.999755,15.170343],[-114.8825,15.0547],[-112.549268,12.90425]],[[-112.549268,12.90425],[-112.3448,12.7158],[-110,10]]]},"properties":{}},{"type":"Feature","geometry":{"type":"MultiLineString","coordinates":[[[-80,-40],[-83.6303,-36.0807],[-84.607244,-35.008911]],[[-84.607244,-35.008911],[-87.3405,-32.0103],[-89.148172,-30.015931]],[[-89.148172,-30.015931],[-89.548881,-29.573836]],[[-89.548881,-29.573836],[-89.999741,-29.076411]],[[-89.999741,-29.076411],[-90.9801,-27.9948],[-94.16902,-24.419046]],[[-94.16902,-24.419046],[-94.7087,-23.8139],[-96.269042,-20.051641]],[[-96.269042,-20.051641],[-96.5967,-19.2616],[-97.305646,-17.444144]],[[-97.305646,-17.444144],[-98.3804,-14.6889],[-99.999945,-10.343814]],[[-99.999945,-10.343814],[-100.0903,-10.1014],[-100.092026,-10.096624]],[[-100.092026,-10.096624],[-100.100007,-10.074543]],[[-100.100007,-10.074543],[-100.126615,-10.000929]],[[-100.126615,-10.000929],[-100.1966,-9.807303]],[[-100.1966,-9.807303],[-100.646704,-8.562014]],[[-100.646704,-8.562014],[-101.7519,-5.5043],[-102.927266,-2.966866]],[[-102.927266,-2.966866],[-103.444083,-1.851137]],[[-103.444083,-1.851137],[-103.8319,-1.0139],[-104.299996,-0.00002]],[[-104.299996,-0.00002],[-105.304156,2.174958]],[[-105.304156,2.174958],[-105.9058,3.4781],[-106.117148,3.930718]],[[-106.117148,3.930718],[-108.0008,7.9647],[-108.069358,8.107688]],[[-108.069358,8.107688],[-108.980254,10.007485]],[[-108.980254,10.007485],[-110.000342,12.135018]],[[-110.000342,12.135018],[-110.1459,12.4386],[-110.165966,12.47894]],[[-110.165966,12.47894],[-111.954512,16.074588]],[[-111.954512,16.074588],[-112.3629,16.8956],[-112.66694,17.471081]],[[-112.66694,17.471081],[-114.032515,20.055814]],[[-114.032515,20.055814],[-114.7011,21.3213],[-114.950754,21.758828]],[[-114.950754,21.758828],[-114.961286,21.777286]],[[-114.961286,21.777286],[-117.2025,25.7051],[-120,30]]]},"properties":{}},{"type":"Feature","geometry":{"type":"MultiLineString","coordinates":[[[-110,20],[-114.7955,25.0836],[-117.411128,27.554437]],[[-117.411128,27.554437],[-120,30]]]},"properties":{}},{"type":"Feature","geometry":{"type":"MultiLineString","coordinates":[[[-176.7,51.6],[-176.955364,52.857175]],[[-176.955364,52.857175],[-177.318212,54.643504]],[[-177.318212,54.643504],[-178,58]]]},"properties":{}},{"type":"Feature","geometry":{"type":"LineString","coordinates":[[-118.4867,33.7056],[-118.4648,33.6364]]},"properties":{}},{"type":"Feature","geometry":{"type":"LineString","coordinates":[[-118.4648,33.6364],[-118.295,33.6384],[-118.1788,33.6279]]},"properties":{}},{"type":"Feature","geometry":{"type":"LineString","coordinates":[[-118.1788,33.6279],[-118.1215,33.6276]]},"properties":{}},{"type":"Feature","geometry":{"type":"MultiLineString","coordinates":[[[-118.1215,33.6276],[-118.0244,33.3332]],[[-118.0244,33.3332],[-117.9861,33.0261]]]},"properties":{}},{"type":"Feature","geometry":{"type":"MultiLineString","coordinates":[[[-165.8,55.1],[-167.225406,55.488208]],[[-167.225406,55.488208],[-171.666,56.6976],[-178,58]]]},"properties":{}},{"type":"Feature","geometry":{"type":"LineString","coordinates":[[-117.9861,33.0261],[-117.9312,32.7669],[-117.7702,32.6652]]},"properties":{}},{"type":"Feature","geometry":{"type":"LineString","coordinates":[[-117.3,32.7],[-117.7702,32.6652]]},"properties":{}},{"type":"Feature","geometry":{"type":"LineString","coordinates":[[-115.2,27.5],[-117.3,32.7]]},"properties":{}},{"type":"Feature","geometry":{"type":"MultiLineString","coordinates":[[[-115.4404,-0.000011],[-111.984218,-2.01283]],[[-111.984218,-2.01283],[-109.99981,-3.168513]],[[-109.99981,-3.168513],[-108.677777,-3.938441]],[[-108.677777,-3.938441],[-105.647776,-5.70306]],[[-105.647776,-5.70306],[-103.814244,-6.770876]],[[-103.814244,-6.770876],[-102.5336,-7.5167]],[[-102.5336,-7.5167],[-100.646704,-8.562014]],[[-100.646704,-8.562014],[-99.999935,-8.920315]],[[-99.999935,-8.920315],[-99.296218,-9.310164]],[[-99.296218,-9.310164],[-98.024825,-10.014498]],[[-98.024825,-10.014498],[-92.787476,-12.915917]],[[-92.787476,-12.915917],[-89.999286,-14.460535]],[[-89.999286,-14.460535],[-86.337372,-16.489184]],[[-86.337372,-16.489184],[-80,-20]]]},"properties":{}},{"type":"Feature","geometry":{"type":"LineString","coordinates":[[-115.2,27.5],[-112.4212,25.0007],[-109.7,22.5]]},"properties":{}},{"type":"Feature","geometry":{"type":"LineString","coordinates":[[-111.5,27.7],[-112.846,29.0643],[-114.4009,31.359]]},"properties":{}},{"type":"Feature","geometry":{"type":"LineString","coordinates":[[-107.4,23.5],[-111.5,27.7]]},"properties":{}},{"type":"Feature","geometry":{"type":"LineString","coordinates":[[-100,-50],[-110,-50]]},"properties":{}},{"type":"Feature","geometry":{"type":"MultiLineString","coordinates":[[[-110,-50],[-104.890723,-45.405222]],[[-104.890723,-45.405222],[-104.563,-45.1105],[-100,-40]]]},"properties":{}},{"type":"Feature","geometry":{"type":"LineString","coordinates":[[-110,-50],[-109.997,-45.0022],[-110,-40]]},"properties":{}},{"type":"Feature","geometry":{"type":"MultiLineString","coordinates":[[[-100,-30],[-104.6948,-35.1041],[-104.999976,-35.385732]],[[-104.999976,-35.385732],[-105.526812,-35.871922]],[[-105.526812,-35.871922],[-110,-40]]]},"properties":{}},{"type":"Feature","geometry":{"type":"MultiLineString","coordinates":[[[-160,50],[-162.794168,50.373414]],[[-162.794168,50.373414],[-165.622957,50.751454]],[[-165.622957,50.751454],[-168.08097,51.079944]],[[-168.08097,51.079944],[-168.2056,51.0966],[-171.555154,51.295103]],[[-171.555154,51.295103],[-176.7,51.6]]]},"properties":{}},{"type":"Feature","geometry":{"type":"MultiLineString","coordinates":[[[-110,-30],[-109.999001,-32.380142]],[[-109.999001,-32.380142],[-109.9979,-35.0021],[-110,-40]]]},"properties":{}},{"type":"Feature","geometry":{"type":"MultiLineString","coordinates":[[[-100,-50],[-104.890723,-45.405222]],[[-104.890723,-45.405222],[-105.2866,-45.0333],[-110,-40]]]},"properties":{}},{"type":"Feature","geometry":{"type":"LineString","coordinates":[[-100,-40],[-105.0004,-40.1067],[-110,-40]]},"properties":{}},{"type":"Feature","geometry":{"type":"MultiLineString","coordinates":[[[-110,-30],[-105.000105,-25.276681]],[[-105.000105,-25.276681],[-104.7972,-25.085],[-100,-20]]]},"properties":{}},{"type":"Feature","geometry":{"type":"LineString","coordinates":[[-110,-30],[-109.9986,-25.0017],[-110,-20]]},"properties":{}},{"type":"Feature","geometry":{"type":"MultiLineString","coordinates":[[[-175.8904,-14.5058],[-173.621219,-12.770014]],[[-173.621219,-12.770014],[-170,-10]]]},"properties":{}},{"type":"Feature","geometry":{"type":"MultiLineString","coordinates":[[[-110,-30],[-105.3071,-35.1023],[-104.999976,-35.385732]],[[-104.999976,-35.385732],[-100.099467,-39.908206]],[[-100.099467,-39.908206],[-100,-40]]]},"properties":{}},{"type":"Feature","geometry":{"type":"LineString","coordinates":[[-100,-30],[-105.0005,-30.0935],[-110,-30]]},"properties":{}},{"type":"Feature","geometry":{"type":"MultiLineString","coordinates":[[[-110,-20],[-107.4073,-17.5444],[-105.000194,-15.170393]],[[-105.000194,-15.170393],[-104.8837,-15.0555],[-102.4181,-12.5389],[-101.837112,-11.928888]],[[-101.837112,-11.928888],[-100.092026,-10.096624]],[[-100.092026,-10.096624],[-100,-10]]]},"properties":{}},{"type":"Feature","geometry":{"type":"MultiLineString","coordinates":[[[-110,-20],[-109.999592,-17.453503]],[[-109.999592,-17.453503],[-109.9992,-15.0011],[-110,-10]]]},"properties":{}},{"type":"Feature","geometry":{"type":"MultiLineString","coordinates":[[[-100,-30],[-105.000105,-25.276681]],[[-105.000105,-25.276681],[-105.2045,-25.0836],[-110,-20]]]},"properties":{}},{"type":"Feature","geometry":{"type":"LineString","coordinates":[[-100,-20],[-105.0004,-20.0692],[-110,-20]]},"properties":{}},{"type":"Feature","geometry":{"type":"MultiLineString","coordinates":[[[-110,-10],[-107.4667,-7.5169],[-105.647776,-5.70306]],[[-105.647776,-5.70306],[-105.000099,-5.057193]],[[-105.000099,-5.057193],[-104.9621,-5.0193],[-104.606751,-4.660878]],[[-104.606751,-4.660878],[-102.927266,-2.966866]],[[-102.927266,-2.966866],[-102.4763,-2.512],[-100,-0.00002]]]},"properties":{}},{"type":"Feature","geometry":{"type":"MultiLineString","coordinates":[[[-110,-10],[-109.9997,-5.0004],[-109.999732,-4.461878]],[[-109.999732,-4.461878],[-109.99981,-3.168513]],[[-109.99981,-3.168513],[-110,-0.00003]]]},"properties":{}},{"type":"Feature","geometry":{"type":"MultiLineString","coordinates":[[[-100,-20],[-102.5937,-17.5438],[-105.000194,-15.170393]],[[-105.000194,-15.170393],[-105.1175,-15.0547],[-105.81973,-14.337914]],[[-105.81973,-14.337914],[-107.5827,-12.5384],[-110,-10]]]},"properties":{}},{"type":"Feature","geometry":{"type":"MultiLineString","coordinates":[[[-110,-10],[-105.0002,-10.0367],[-102.574505,-10.018896]],[[-102.574505,-10.018896],[-100.126615,-10.000929]],[[-100.126615,-10.000929],[-100,-10]]]},"properties":{}},{"type":"Feature","geometry":{"type":"MultiLineString","coordinates":[[[-175.8052,-23.9558],[-174.455758,-24.723074]],[[-174.455758,-24.723074],[-170.524859,-26.958128]],[[-170.524859,-26.958128],[-169.999232,-27.256993]],[[-169.999232,-27.256993],[-168.187098,-28.287347]],[[-168.187098,-28.287347],[-165.010688,-30.093409]],[[-165.010688,-30.093409],[-161.777071,-31.931999]],[[-161.777071,-31.931999],[-159.998764,-32.94312]],[[-159.998764,-32.94312],[-156.028293,-35.200674]],[[-156.028293,-35.200674],[-155.267926,-35.633009]],[[-155.267926,-35.633009],[-153.871946,-36.426743]],[[-153.871946,-36.426743],[-149.999369,-38.628637]],[[-149.999369,-38.628637],[-149.080267,-39.151225]],[[-149.080267,-39.151225],[-147.49331,-40.053547]],[[-147.49331,-40.053547],[-142.554936,-42.861438]],[[-142.554936,-42.861438],[-139.997412,-44.315611]],[[-139.997412,-44.315611],[-136.1265,-46.516557]],[[-136.1265,-46.516557],[-130,-50]]]},"properties":{}},{"type":"Feature","geometry":{"type":"MultiLineString","coordinates":[[[-100,-0.00002],[-104.299996,-0.00002]],[[-104.299996,-0.00002],[-105,-0.00002],[-106.345634,-0.000023]],[[-106.345634,-0.000023],[-110,-0.00003]]]},"properties":{}},{"type":"Feature","geometry":{"type":"MultiLineString","coordinates":[[[-110,-0.00003],[-108.533995,1.487128]],[[-108.533995,1.487128],[-107.5237,2.512],[-107.347325,2.689901]],[[-107.347325,2.689901],[-106.117148,3.930718]],[[-106.117148,3.930718],[-105.0379,5.0193],[-104.999901,5.057193]],[[-104.999901,5.057193],[-102.5333,7.5169],[-100,10]]]},"properties":{}},{"type":"Feature","geometry":{"type":"MultiLineString","coordinates":[[[-110,10],[-110.0003,5.0004],[-110.00007,1.172456]],[[-110.00007,1.172456],[-110,-0.00003]]]},"properties":{}},{"type":"Feature","geometry":{"type":"MultiLineString","coordinates":[[[-100,-10],[-100.1966,-9.807303]],[[-100.1966,-9.807303],[-102.5336,-7.5167]],[[-102.5336,-7.5167],[-104.133226,-5.921609]],[[-104.133226,-5.921609],[-105.000099,-5.057193]],[[-105.000099,-5.057193],[-105.0384,-5.019],[-106.833632,-3.20824]],[[-106.833632,-3.20824],[-107.524,-2.5119],[-110,-0.00003]]]},"properties":{}},{"type":"Feature","geometry":{"type":"MultiLineString","coordinates":[[[-110,10],[-108.980254,10.007485]],[[-108.980254,10.007485],[-104.9998,10.0367],[-100,10]]]},"properties":{}},{"type":"Feature","geometry":{"type":"MultiLineString","coordinates":[[[-110,20],[-110.000704,15.60046]],[[-110.000704,15.60046],[-110.0008,15.0011],[-110.000392,12.449393]],[[-110.000392,12.449393],[-110.000342,12.135018]],[[-110.000342,12.135018],[-110,10]]]},"properties":{}},{"type":"Feature","geometry":{"type":"MultiLineString","coordinates":[[[-110,10],[-108.069358,8.107688]],[[-108.069358,8.107688],[-107.4664,7.5167],[-104.999901,5.057193]],[[-104.999901,5.057193],[-104.9616,5.019],[-102.690171,2.727832]],[[-102.690171,2.727832],[-102.4761,2.5119],[-100,-0.00002]]]},"properties":{}},{"type":"Feature","geometry":{"type":"MultiLineString","coordinates":[[[-110,20],[-109.832589,21.395093]],[[-109.832589,21.395093],[-109.7,22.5]]]},"properties":{}},{"type":"Feature","geometry":{"type":"MultiLineString","coordinates":[[[-110,20],[-107.4063,17.5438],[-104.8825,15.0547],[-103.664642,13.916211]],[[-103.664642,13.916211],[-102.3691,12.7051],[-100.690055,10.787923]],[[-100.690055,10.787923],[-100,10]]]},"properties":{}},{"type":"Feature","geometry":{"type":"MultiLineString","coordinates":[[[-110,20],[-107.20629,19.341106]],[[-107.20629,19.341106],[-104.7,18.75]]]},"properties":{}},{"type":"Feature","geometry":{"type":"LineString","coordinates":[[-109.7,22.5],[-107.4,23.5]]},"properties":{}},{"type":"Feature","geometry":{"type":"LineString","coordinates":[[-109.7,22.5],[-104.7,18.75]]},"properties":{}},{"type":"Feature","geometry":{"type":"MultiLineString","coordinates":[[[-80,-10],[-84.675598,-4.125402]],[[-84.675598,-4.125402],[-87.763055,-0.246205]],[[-87.763055,-0.246205],[-88.692785,0.921943]],[[-88.692785,0.921943],[-89.593893,2.05413]],[[-89.593893,2.05413],[-90.595838,3.313011]],[[-90.595838,3.313011],[-91.3587,4.2715],[-92.014504,4.90816]],[[-92.014504,4.90816],[-93.520561,6.370254]],[[-93.520561,6.370254],[-97.481215,10.215292]],[[-97.481215,10.215292],[-97.671769,10.400284]],[[-97.671769,10.400284],[-99.959671,12.621399]],[[-99.959671,12.621399],[-100.306659,12.958258]],[[-100.306659,12.958258],[-105.5,18]]]},"properties":{}},{"type":"Feature","geometry":{"type":"LineString","coordinates":[[-104.7,18.75],[-99.9,16.5]]},"properties":{}},{"type":"Feature","geometry":{"type":"LineString","coordinates":[[-100,-50],[-90,-50]]},"properties":{}},{"type":"Feature","geometry":{"type":"MultiLineString","coordinates":[[[-100,-50],[-94.8901,-45.404568]],[[-94.8901,-45.404568],[-94.563,-45.1104],[-93.730055,-44.177531]],[[-93.730055,-44.177531],[-90,-40]]]},"properties":{}},{"type":"Feature","geometry":{"type":"LineString","coordinates":[[-100,-50],[-99.997,-45.0022],[-100,-40]]},"properties":{}},{"type":"Feature","geometry":{"type":"MultiLineString","coordinates":[[[-100,-50],[-97.63403,-52.466307]],[[-97.63403,-52.466307],[-96.500241,-53.648178]],[[-96.500241,-53.648178],[-95.2297,-54.9726],[-90,-60]]]},"properties":{}},{"type":"Feature","geometry":{"type":"MultiLineString","coordinates":[[[-90,-30],[-92.898064,-33.150722]],[[-92.898064,-33.150722],[-94.6948,-35.1041],[-94.999976,-35.385732]],[[-94.999976,-35.385732],[-99.986048,-39.987124]],[[-99.986048,-39.987124],[-100,-40]]]},"properties":{}},{"type":"Feature","geometry":{"type":"MultiLineString","coordinates":[[[-100,-30],[-99.9979,-35.0021],[-99.999991,-39.977423]],[[-99.999991,-39.977423],[-100,-40]]]},"properties":{}},{"type":"Feature","geometry":{"type":"MultiLineString","coordinates":[[[-90,-50],[-94.8901,-45.404568]],[[-94.8901,-45.404568],[-95.2856,-45.0329],[-100,-40]]]},"properties":{}},{"type":"Feature","geometry":{"type":"MultiLineString","coordinates":[[[-90,-40],[-95.0004,-40.1068],[-99.966515,-40.000715]],[[-99.966515,-40.000715],[-100,-40]]]},"properties":{}},{"type":"Feature","geometry":{"type":"MultiLineString","coordinates":[[[-100,-30],[-96.127384,-26.341528]],[[-96.127384,-26.341528],[-95.000156,-25.276633]],[[-95.000156,-25.276633],[-94.7972,-25.0849],[-94.16902,-24.419046]],[[-94.16902,-24.419046],[-90,-20]]]},"properties":{}},{"type":"Feature","geometry":{"type":"LineString","coordinates":[[-100,-30],[-99.9986,-25.0017],[-100,-20]]},"properties":{}},{"type":"Feature","geometry":{"type":"MultiLineString","coordinates":[[[-100,-30],[-95.3071,-35.1023],[-94.999976,-35.385732]],[[-94.999976,-35.385732],[-90,-40]]]},"properties":{}},{"type":"Feature","geometry":{"type":"LineString","coordinates":[[-175.5,-21],[-173.0562,-17.715],[-170.7,-14.4]]},"properties":{}},{"type":"Feature","geometry":{"type":"MultiLineString","coordinates":[[[-90,-30],[-94.416894,-30.082588]],[[-94.416894,-30.082588],[-95.0005,-30.0935],[-100,-30]]]},"properties":{}},{"type":"Feature","geometry":{"type":"MultiLineString","coordinates":[[[-100,-20],[-99.099259,-19.14689]],[[-99.099259,-19.14689],[-97.4073,-17.5444],[-97.305646,-17.444144]],[[-97.305646,-17.444144],[-95.000194,-15.170393]],[[-95.000194,-15.170393],[-94.8837,-15.0555],[-92.787476,-12.915917]],[[-92.787476,-12.915917],[-92.4181,-12.5389],[-90,-10]]]},"properties":{}},{"type":"Feature","geometry":{"type":"MultiLineString","coordinates":[[[-100,-20],[-99.999488,-16.80121]],[[-99.999488,-16.80121],[-99.9992,-15.0011],[-99.999945,-10.343814]],[[-99.999945,-10.343814],[-100,-10]]]},"properties":{}},{"type":"Feature","geometry":{"type":"MultiLineString","coordinates":[[[-90,-30],[-95.000156,-25.276633]],[[-95.000156,-25.276633],[-95.2045,-25.0836],[-97.853926,-22.275004]],[[-97.853926,-22.275004],[-100,-20]]]},"properties":{}},{"type":"Feature","geometry":{"type":"MultiLineString","coordinates":[[[-90,-20],[-95.0004,-20.0692],[-96.269042,-20.051641]],[[-96.269042,-20.051641],[-98.752755,-20.017263]],[[-98.752755,-20.017263],[-100,-20]]]},"properties":{}},{"type":"Feature","geometry":{"type":"MultiLineString","coordinates":[[[-175.5,-21],[-176.570722,-23.233893]],[[-176.570722,-23.233893],[-177.6658,-25.5186],[-180,-30]]]},"properties":{}},{"type":"Feature","geometry":{"type":"MultiLineString","coordinates":[[[-100,-10],[-99.296218,-9.310164]],[[-99.296218,-9.310164],[-97.4667,-7.5169],[-95.000099,-5.057193]],[[-95.000099,-5.057193],[-94.9621,-5.0193],[-92.4763,-2.512],[-90,-0.00003]]]},"properties":{}},{"type":"Feature","geometry":{"type":"MultiLineString","coordinates":[[[-100,-10],[-99.999935,-8.920315]],[[-99.999935,-8.920315],[-99.9997,-5.0004],[-100,-0.00002]]]},"properties":{}},{"type":"Feature","geometry":{"type":"MultiLineString","coordinates":[[[-90,-20],[-92.5937,-17.5438],[-95.000194,-15.170393]],[[-95.000194,-15.170393],[-95.1175,-15.0547],[-97.5827,-12.5384],[-100,-10]]]},"properties":{}},{"type":"Feature","geometry":{"type":"MultiLineString","coordinates":[[[-90,-10],[-95.0002,-10.0367],[-98.024825,-10.014498]],[[-98.024825,-10.014498],[-100,-10]]]},"properties":{}},{"type":"Feature","geometry":{"type":"LineString","coordinates":[[-90,-0.00003],[-100,-0.00002]]},"properties":{}},{"type":"Feature","geometry":{"type":"LineString","coordinates":[[-172.75,60.5],[-168.8584,60.482]]},"properties":{}},{"type":"Feature","geometry":{"type":"MultiLineString","coordinates":[[[-87.6,12],[-89.110835,10.580401]],[[-89.110835,10.580401],[-89.596663,10.12391]],[[-89.596663,10.12391],[-90.034888,9.712148]],[[-90.034888,9.712148],[-90.7596,9.0312],[-90.812512,8.980205]],[[-90.812512,8.980205],[-93.520561,6.370254]],[[-93.520561,6.370254],[-93.868,6.0354],[-94.933711,4.990869]],[[-94.933711,4.990869],[-95.791125,4.150495]],[[-95.791125,4.150495],[-96.9424,3.0221],[-100,-0.00002]]]},"properties":{}},{"type":"Feature","geometry":{"type":"MultiLineString","coordinates":[[[-100,-0.00002],[-100.000197,3.288286]],[[-100.000197,3.288286],[-100.0003,5.0004],[-100,10]]]},"properties":{}},{"type":"Feature","geometry":{"type":"MultiLineString","coordinates":[[[-90,-10],[-92.5336,-7.5167],[-95.000099,-5.057193]],[[-95.000099,-5.057193],[-95.0384,-5.019],[-97.5239,-2.5119],[-100,-0.00002]]]},"properties":{}},{"type":"Feature","geometry":{"type":"MultiLineString","coordinates":[[[-100,10],[-98.102691,10.326197]],[[-98.102691,10.326197],[-97.671769,10.400284]],[[-97.671769,10.400284],[-94.04786,11.023328]],[[-94.04786,11.023328],[-93.8206,11.0624],[-93.658883,11.086775]],[[-93.658883,11.086775],[-91.888035,11.353686]],[[-91.888035,11.353686],[-90.991341,11.48884]],[[-90.991341,11.48884],[-87.6,12]]]},"properties":{}},{"type":"Feature","geometry":{"type":"MultiLineString","coordinates":[[[-100,10],[-99.989801,10.66296]],[[-99.989801,10.66296],[-99.959671,12.621399]],[[-99.959671,12.621399],[-99.956128,12.851702]],[[-99.956128,12.851702],[-99.913376,15.63055]],[[-99.913376,15.63055],[-99.9,16.5]]]},"properties":{}},{"type":"Feature","geometry":{"type":"MultiLineString","coordinates":[[[-90,-0.00003],[-92.476,2.5118],[-92.511534,2.547643]],[[-92.511534,2.547643],[-94.382295,4.434661]],[[-94.382295,4.434661],[-94.933711,4.990869]],[[-94.933711,4.990869],[-94.9616,5.019],[-97.4664,7.5167],[-100,10]]]},"properties":{}},{"type":"Feature","geometry":{"type":"LineString","coordinates":[[-99.9,16.5],[-94.8,15]]},"properties":{}},{"type":"Feature","geometry":{"type":"LineString","coordinates":[[-97.4252,26.5578],[-97.2129,26.5662],[-96.9671,26.5522]]},"properties":{}},{"type":"Feature","geometry":{"type":"LineString","coordinates":[[-97,26],[-97,22.3]]},"properties":{}},{"type":"Feature","geometry":{"type":"LineString","coordinates":[[-96,19.5],[-97,22.3]]},"properties":{}},{"type":"Feature","geometry":{"type":"MultiLineString","coordinates":[[[-97,22.3],[-92.801359,22.183371]],[[-92.801359,22.183371],[-89.8,22.1]]]},"properties":{}},{"type":"Feature","geometry":{"type":"LineString","coordinates":[[-97,26],[-96.9805,26.0513]]},"properties":{}},{"type":"Feature","geometry":{"type":"MultiLineString","coordinates":[[[-86,22],[-86.102898,22.039709]],[[-86.102898,22.039709],[-86.134838,22.052034]],[[-86.134838,22.052034],[-86.209709,22.080927]],[[-86.209709,22.080927],[-86.417168,22.160986]],[[-86.417168,22.160986],[-86.577778,22.222965]],[[-86.577778,22.222965],[-86.805352,22.310786]],[[-86.805352,22.310786],[-87.874214,22.723261]],[[-87.874214,22.723261],[-87.917532,22.739977]],[[-87.917532,22.739977],[-91.4159,24.09],[-91.835327,24.233462]],[[-91.835327,24.233462],[-97,26]]]},"properties":{}},{"type":"Feature","geometry":{"type":"MultiLineString","coordinates":[[[-91,26],[-91.672053,26]],[[-91.672053,26],[-94.242321,26]],[[-94.242321,26],[-97,26]]]},"properties":{}},{"type":"Feature","geometry":{"type":"LineString","coordinates":[[-97,27.6],[-96.9339,27.6931]]},"properties":{}},{"type":"Feature","geometry":{"type":"MultiLineString","coordinates":[[[-97,27.6],[-96.937097,27.583226]],[[-96.937097,27.583226],[-96.05898,27.349061]],[[-96.05898,27.349061],[-95.43879,27.183677]],[[-95.43879,27.183677],[-94.49211,26.931229]],[[-94.49211,26.931229],[-92.093741,26.291664]],[[-92.093741,26.291664],[-91.943254,26.251534]],[[-91.943254,26.251534],[-91.904866,26.241298]],[[-91.904866,26.241298],[-91.691383,26.184369]],[[-91.691383,26.184369],[-91,26]]]},"properties":{}},{"type":"Feature","geometry":{"type":"LineString","coordinates":[[-96.9805,26.0513],[-96.9671,26.5522]]},"properties":{}},{"type":"Feature","geometry":{"type":"MultiLineString","coordinates":[[[-96.9671,26.5522],[-96.937097,27.583226]],[[-96.937097,27.583226],[-96.9339,27.6931]]]},"properties":{}},{"type":"Feature","geometry":{"type":"LineString","coordinates":[[-96.9671,26.5522],[-94.5678,26.1633]]},"properties":{}},{"type":"Feature","geometry":{"type":"LineString","coordinates":[[-96.9339,27.6931],[-96.8592,27.7342]]},"properties":{}},{"type":"Feature","geometry":{"type":"LineString","coordinates":[[-96.8592,27.7342],[-96.0733,28.188]]},"properties":{}},{"type":"Feature","geometry":{"type":"LineString","coordinates":[[-96.8592,27.7342],[-96.7706,27.7078],[-96.4743,27.5623]]},"properties":{}},{"type":"Feature","geometry":{"type":"LineString","coordinates":[[-96.5642,28.5955],[-96.3645,28.4549]]},"properties":{}},{"type":"Feature","geometry":{"type":"LineString","coordinates":[[-96.4743,27.5623],[-95.7986,27.6052]]},"properties":{}},{"type":"Feature","geometry":{"type":"MultiLineString","coordinates":[[[-96.4743,27.5623],[-96.1165,27.3948],[-96.05898,27.349061]],[[-96.05898,27.349061],[-94.5678,26.1633]]]},"properties":{}},{"type":"Feature","geometry":{"type":"LineString","coordinates":[[-96.3645,28.4549],[-96.2917,28.4717],[-96.2602,28.4889],[-96.2217,28.4867],[-95.1011,28.7464]]},"properties":{}},{"type":"Feature","geometry":{"type":"LineString","coordinates":[[-96.3645,28.4549],[-96.3362,28.435],[-96.0733,28.188]]},"properties":{}},{"type":"Feature","geometry":{"type":"LineString","coordinates":[[-96.0733,28.188],[-95.1011,28.7464]]},"properties":{}},{"type":"Feature","geometry":{"type":"LineString","coordinates":[[-95.7986,27.6052],[-96.0733,28.188]]},"properties":{}},{"type":"Feature","geometry":{"type":"MultiLineString","coordinates":[[[-96,19.5],[-93.537852,20.532514]],[[-93.537852,20.532514],[-89.8,22.1]]]},"properties":{}},{"type":"Feature","geometry":{"type":"LineString","coordinates":[[-96,19.5],[-94.4,18.6]]},"properties":{}},{"type":"Feature","geometry":{"type":"LineString","coordinates":[[-95.7986,27.6052],[-94.4162,27.7014]]},"properties":{}},{"type":"Feature","geometry":{"type":"MultiLineString","coordinates":[[[-95.7986,27.6052],[-95.43879,27.183677]],[[-95.43879,27.183677],[-94.5678,26.1633]]]},"properties":{}},{"type":"Feature","geometry":{"type":"LineString","coordinates":[[-95.3085,28.9427],[-95.3039,28.9418],[-95.1011,28.7464]]},"properties":{}},{"type":"Feature","geometry":{"type":"MultiLineString","coordinates":[[[-95.1011,28.7464],[-94.599523,29.031177]],[[-94.599523,29.031177],[-94.4267,29.1293]]]},"properties":{}},{"type":"Feature","geometry":{"type":"MultiLineString","coordinates":[[[-171.555,51.2958],[-167.47163,51.486083]],[[-167.47163,51.486083],[-165.174884,51.59311]],[[-165.174884,51.59311],[-163.25487,51.682581]],[[-163.25487,51.682581],[-161.840515,51.74849]],[[-161.840515,51.74849],[-160.0892,51.8301],[-158.305501,51.77577]],[[-158.305501,51.77577],[-154.7279,51.6668],[-152.843103,51.496653]],[[-152.843103,51.496653],[-150.308055,51.267807]],[[-150.308055,51.267807],[-149.889443,51.230017]],[[-149.889443,51.230017],[-144.0492,50.7028]],[[-144.0492,50.7028],[-140,50]]]},"properties":{}},{"type":"Feature","geometry":{"type":"LineString","coordinates":[[-95.1011,28.7464],[-94.4167,28.0824]]},"properties":{}},{"type":"Feature","geometry":{"type":"LineString","coordinates":[[-95.0181,29.7055],[-94.9823,29.6835],[-94.9523,29.6065],[-94.8699,29.4996],[-94.8021,29.3675],[-94.7696,29.3423],[-94.6878,29.3379],[-94.6251,29.3068]]},"properties":{}},{"type":"Feature","geometry":{"type":"LineString","coordinates":[[-94.8,15],[-91,13.5]]},"properties":{}},{"type":"Feature","geometry":{"type":"LineString","coordinates":[[-91,13.5],[-91.0838,13.5356],[-94.8,15]]},"properties":{}},{"type":"Feature","geometry":{"type":"LineString","coordinates":[[-94.8,29.2],[-94.6251,29.3068]]},"properties":{}},{"type":"Feature","geometry":{"type":"MultiLineString","coordinates":[[[-94.8,29.2],[-94.599523,29.031177]],[[-94.599523,29.031177],[-94.416142,28.876751]],[[-94.416142,28.876751],[-93.136277,27.79897]],[[-93.136277,27.79897],[-92.263729,27.064193]],[[-92.263729,27.064193],[-91.812981,26.684616]],[[-91.812981,26.684616],[-91.219358,26.184722]],[[-91.219358,26.184722],[-91,26]]]},"properties":{}},{"type":"Feature","geometry":{"type":"LineString","coordinates":[[-94.6251,29.3068],[-94.609,29.2761],[-94.4267,29.1293]]},"properties":{}},{"type":"Feature","geometry":{"type":"LineString","coordinates":[[-94.6251,29.3068],[-94.3779,29.1479]]},"properties":{}},{"type":"Feature","geometry":{"type":"LineString","coordinates":[[-94.5678,26.1633],[-91.9167,26.1842]]},"properties":{}},{"type":"Feature","geometry":{"type":"MultiLineString","coordinates":[[[-94.4162,27.7014],[-94.49211,26.931229]],[[-94.49211,26.931229],[-94.5678,26.1633]]]},"properties":{}},{"type":"Feature","geometry":{"type":"MultiLineString","coordinates":[[[-94.5678,26.1633],[-94.242321,26]],[[-94.242321,26],[-91.621724,24.685188]],[[-91.621724,24.685188],[-90.2417,23.9928],[-87.917532,22.739977]],[[-87.917532,22.739977],[-87.881904,22.720772]],[[-87.881904,22.720772],[-86.572727,22.015072]],[[-86.572727,22.015072],[-86.086746,21.753108]],[[-86.086746,21.753108],[-86.05,21.7333]]]},"properties":{}},{"type":"Feature","geometry":{"type":"LineString","coordinates":[[-94.4267,29.1293],[-94.3779,29.1479]]},"properties":{}},{"type":"Feature","geometry":{"type":"LineString","coordinates":[[-94.4267,29.1293],[-94.4161,28.9367]]},"properties":{}},{"type":"Feature","geometry":{"type":"MultiLineString","coordinates":[[[-94.4161,28.9367],[-94.416142,28.876751]],[[-94.416142,28.876751],[-94.4167,28.0824]]]},"properties":{}},{"type":"Feature","geometry":{"type":"LineString","coordinates":[[-94.4167,28.0824],[-94.4162,27.7014]]},"properties":{}},{"type":"Feature","geometry":{"type":"MultiLineString","coordinates":[[[-92.5705,27.8421],[-93.136277,27.79897]],[[-93.136277,27.79897],[-94.4162,27.7014]]]},"properties":{}},{"type":"Feature","geometry":{"type":"MultiLineString","coordinates":[[[-94.4162,27.7014],[-92.093741,26.291664]],[[-92.093741,26.291664],[-91.9167,26.1842]]]},"properties":{}},{"type":"Feature","geometry":{"type":"LineString","coordinates":[[-94.4161,28.9367],[-93.8617,28.8261]]},"properties":{}},{"type":"Feature","geometry":{"type":"MultiLineString","coordinates":[[[-170.7,-14.4],[-168.338891,-11.744326]],[[-168.338891,-11.744326],[-168.0228,-11.3888],[-166.843346,-10.023171]],[[-166.843346,-10.023171],[-166.418455,-9.531211]],[[-166.418455,-9.531211],[-165.4013,-8.3535],[-163.705581,-6.348041]],[[-163.705581,-6.348041],[-162.82,-5.3007],[-160.264,-2.2372],[-159.999885,-1.918874]],[[-159.999885,-1.918874],[-159.135475,-0.877038]],[[-159.135475,-0.877038],[-158.407811,-0.000017]],[[-158.407811,-0.000017],[-157.7184,0.8309],[-155.169,3.8973],[-154.563973,4.617918]],[[-154.563973,4.617918],[-152.6011,6.9558],[-150,10]]]},"properties":{}},{"type":"Feature","geometry":{"type":"LineString","coordinates":[[-94.4,18.6],[-89.8,22.1]]},"properties":{}},{"type":"Feature","geometry":{"type":"MultiLineString","coordinates":[[[-94.4,18.6],[-93.537852,20.532514]],[[-93.537852,20.532514],[-92.801359,22.183371]],[[-92.801359,22.183371],[-92.745,22.3097],[-91.835327,24.233462]],[[-91.835327,24.233462],[-91.621724,24.685188]],[[-91.621724,24.685188],[-91.176449,25.626848]],[[-91.176449,25.626848],[-91,26]]]},"properties":{}},{"type":"Feature","geometry":{"type":"MultiLineString","coordinates":[[[-94.3779,29.1479],[-93.9643,29.476],[-93.805274,29.513851]],[[-93.805274,29.513851],[-93.7265,29.5326]]]},"properties":{}},{"type":"Feature","geometry":{"type":"LineString","coordinates":[[-94.3779,29.1479],[-93.8617,28.8261]]},"properties":{}},{"type":"Feature","geometry":{"type":"LineString","coordinates":[[-94.3779,29.1479],[-93.6685,29.1321]]},"properties":{}},{"type":"Feature","geometry":{"type":"MultiLineString","coordinates":[[[-94,29.6],[-93.805274,29.513851]],[[-93.805274,29.513851],[-93.668124,29.453174]],[[-93.668124,29.453174],[-93.217182,29.253671]],[[-93.217182,29.253671],[-92.407265,28.895353]],[[-92.407265,28.895353],[-92.151777,28.782322]],[[-92.151777,28.782322],[-91.842882,28.645662]],[[-91.842882,28.645662],[-91.549269,28.515764]],[[-91.549269,28.515764],[-91.308884,28.409415]],[[-91.308884,28.409415],[-90.380776,27.998808]],[[-90.380776,27.998808],[-89.893027,27.783021]],[[-89.893027,27.783021],[-89.766422,27.727009]],[[-89.766422,27.727009],[-88.638654,27.22807]],[[-88.638654,27.22807],[-88.2235,27.0444],[-88.194005,27.029745]],[[-88.194005,27.029745],[-87.365118,26.617905]],[[-87.365118,26.617905],[-86.86025,26.367057]],[[-86.86025,26.367057],[-86.685611,26.280286]],[[-86.685611,26.280286],[-85.868843,25.874468]],[[-85.868843,25.874468],[-84.431568,25.160345]],[[-84.431568,25.160345],[-82.7,24.3]]]},"properties":{}},{"type":"Feature","geometry":{"type":"LineString","coordinates":[[-94,29.6],[-93.7265,29.5326]]},"properties":{}},{"type":"Feature","geometry":{"type":"MultiLineString","coordinates":[[[-157.3227,21.3337],[-157.323202,21.33236]],[[-157.323202,21.33236],[-157.425254,21.059754]],[[-157.425254,21.059754],[-157.472899,20.932487]],[[-157.472899,20.932487],[-158.052527,19.384171]],[[-158.052527,19.384171],[-159.124518,16.520649]],[[-159.124518,16.520649],[-159.308651,16.028791]],[[-159.308651,16.028791],[-161.096466,11.253144]],[[-161.096466,11.253144],[-161.561304,10.01146]],[[-161.561304,10.01146],[-162.473068,7.575938]],[[-162.473068,7.575938],[-163.85003,3.897771]],[[-163.85003,3.897771],[-165.309211,-0.00002]],[[-165.309211,-0.00002],[-166.598883,-3.445019]],[[-166.598883,-3.445019],[-168.503788,-8.533437]],[[-168.503788,-8.533437],[-169.004008,-9.869635]],[[-169.004008,-9.869635],[-169.055408,-10.006934]],[[-169.055408,-10.006934],[-169.320094,-10.713968]],[[-169.320094,-10.713968],[-170.7,-14.4]]]},"properties":{}},{"type":"Feature","geometry":{"type":"LineString","coordinates":[[-93.9577,29.8157],[-93.9442,29.7805],[-93.8885,29.7558],[-93.8363,29.6879],[-93.8045,29.5986],[-93.7265,29.5326]]},"properties":{}},{"type":"Feature","geometry":{"type":"LineString","coordinates":[[-93.8617,28.8261],[-92.8863,28.2242]]},"properties":{}},{"type":"Feature","geometry":{"type":"LineString","coordinates":[[-93.7265,29.5326],[-93.3208,29.6256]]},"properties":{}},{"type":"Feature","geometry":{"type":"MultiLineString","coordinates":[[[-93.7265,29.5326],[-93.6681,29.4739],[-93.668124,29.453174]],[[-93.668124,29.453174],[-93.6685,29.1321]]]},"properties":{}},{"type":"Feature","geometry":{"type":"LineString","coordinates":[[-93.6685,29.1321],[-93.2161,28.6096],[-92.8863,28.2242]]},"properties":{}},{"type":"Feature","geometry":{"type":"LineString","coordinates":[[-93.6685,29.1321],[-93.214,29.13]]},"properties":{}},{"type":"Feature","geometry":{"type":"LineString","coordinates":[[-93.3338,29.9898],[-93.348,29.8196],[-93.3445,29.7678],[-93.3208,29.6256]]},"properties":{}},{"type":"Feature","geometry":{"type":"MultiLineString","coordinates":[[[-93.3208,29.6256],[-93.2252,29.5183],[-93.2207,29.3904],[-93.217182,29.253671]],[[-93.217182,29.253671],[-93.214,29.13]]]},"properties":{}},{"type":"Feature","geometry":{"type":"MultiLineString","coordinates":[[[-93.214,29.13],[-92.472207,28.476324]],[[-92.472207,28.476324],[-91.814891,27.89709]],[[-91.814891,27.89709],[-91.600783,27.708416]],[[-91.600783,27.708416],[-90.48317,26.723562]],[[-90.48317,26.723562],[-89.8711,26.1842]]]},"properties":{}},{"type":"Feature","geometry":{"type":"MultiLineString","coordinates":[[[-93.214,29.13],[-92.411602,28.867366]],[[-92.411602,28.867366],[-92.151777,28.782322]],[[-92.151777,28.782322],[-91.858805,28.686428]],[[-91.858805,28.686428],[-91.548301,28.584797]],[[-91.548301,28.584797],[-91.5477,28.5846],[-91.298,28.4321],[-91.297464,28.432043]],[[-91.297464,28.432043],[-89.8999,28.2842]]]},"properties":{}},{"type":"Feature","geometry":{"type":"MultiLineString","coordinates":[[[-72.974487,31.632806],[-73.8192,32.0965],[-73.851055,32.112533]],[[-73.851055,32.112533],[-74.268638,32.322698]],[[-74.268638,32.322698],[-74.860552,32.620603]],[[-74.860552,32.620603],[-75.443714,32.914103]],[[-75.443714,32.914103],[-76.310708,33.350453]],[[-76.310708,33.350453],[-77.029703,33.712317]],[[-77.029703,33.712317],[-77.8,34.1],[-77.034963,33.708851]],[[-77.034963,33.708851],[-76.315731,33.341121]],[[-76.315731,33.341121],[-75.453412,32.900234]],[[-75.453412,32.900234],[-74.858212,32.595919]],[[-74.858212,32.595919],[-74.267456,32.293877]],[[-74.267456,32.293877],[-73.851225,32.081065]],[[-73.851225,32.081065],[-72.974487,31.632806]]]},"properties":{}},{"type":"Feature","geometry":{"type":"LineString","coordinates":[[-5.778249,57.284772],[-5.655077,57.267716],[-5.658717,57.22077],[-5.8274,57.0506]]},"properties":{}},{"type":"Feature","geometry":{"type":"LineString","coordinates":[[-5.8274,57.0506],[-5.755192,57.023142],[-5.712719,57.015876],[-5.677527,56.993407]]},"properties":{}},{"type":"Feature","geometry":{"type":"MultiLineString","coordinates":[[[-6.2943,56.7145],[-6.675038,56.993407],[-6.720836,57.089911]],[[-6.720836,57.089911],[-6.870262,57.404779]],[[-6.870262,57.404779],[-6.874054,57.41277]]]},"properties":{}},{"type":"Feature","geometry":{"type":"LineString","coordinates":[[-7.0414,57.1312],[-7.257526,57.147771]]},"properties":{}},{"type":"Feature","geometry":{"type":"LineString","coordinates":[[-7.1,56.9],[-7.471105,56.939162]]},"properties":{}},{"type":"Feature","geometry":{"type":"MultiLineString","coordinates":[[[-6.7173,57.6493],[-6.747559,57.658038]],[[-6.747559,57.658038],[-7.002384,57.731626],[-7.061846,57.769184],[-7.115241,57.789242],[-7.495215,57.789847]],[[-7.495215,57.789847],[-7.905532,57.7905]],[[-7.905532,57.7905],[-7.90726,57.790503]]]},"properties":{}},{"type":"Feature","geometry":{"type":"MultiLineString","coordinates":[[[-7.133444,57.601168],[-6.761499,57.644188]],[[-6.761499,57.644188],[-6.7173,57.6493]],[[-6.7173,57.6493],[-6.685656,57.621319],[-6.51819,57.61092],[-6.389558,57.581006]]]},"properties":{}},{"type":"Feature","geometry":{"type":"MultiLineString","coordinates":[[[-6.389558,57.581006],[-6.527774,57.688641]],[[-6.527774,57.688641],[-6.585952,57.733947]],[[-6.585952,57.733947],[-6.610418,57.753],[-6.633264,57.771596]],[[-6.633264,57.771596],[-6.741478,57.859679],[-6.775456,57.887429]]]},"properties":{}},{"type":"Feature","geometry":{"type":"MultiLineString","coordinates":[[[-6.211171,54.083562],[-6.03157,54.003758],[-5.489975,53.98807]],[[-5.489975,53.98807],[-4.880934,53.970428]],[[-4.880934,53.970428],[-4.879028,53.970373]],[[-4.879028,53.970373],[-4.879001,53.970372]],[[-4.879001,53.970372],[-3.831573,53.940032]],[[-3.831573,53.940032],[-3.831515,53.940031]],[[-3.831515,53.940031],[-3.172525,53.920942]],[[-3.172525,53.920942],[-2.944383,54.035128]]]},"properties":{}},{"type":"Feature","geometry":{"type":"MultiLineString","coordinates":[[[-5.87624,54.651955],[-5.686931,54.713691]],[[-5.686931,54.713691],[-5.487915,54.727708]],[[-5.487915,54.727708],[-5.247687,54.666478]],[[-5.247687,54.666478],[-5.137881,54.63849]],[[-5.137881,54.63849],[-5.137288,54.638339]],[[-5.137288,54.638339],[-5.002755,54.604048]],[[-5.002755,54.604048],[-4.162754,54.389945]],[[-4.162754,54.389945],[-3.866656,54.273901],[-3.741136,54.210075]],[[-3.741136,54.210075],[-3.172525,53.920942]]]},"properties":{}},{"type":"Feature","geometry":{"type":"MultiLineString","coordinates":[[[-3.060881,53.4495],[-3.293876,53.539019],[-3.4,53.6]],[[-3.4,53.6],[-3.831515,53.940031]],[[-3.831515,53.940031],[-3.831532,53.940044]],[[-3.831532,53.940044],[-3.832678,53.940947]],[[-3.832678,53.940947],[-4.162754,54.389945]]]},"properties":{}},{"type":"Feature","geometry":{"type":"MultiLineString","coordinates":[[[-3.831529,53.940045],[-3.831532,53.940044]],[[-3.831532,53.940044],[-3.831573,53.940032]],[[-3.831573,53.940032],[-4.261567,53.815751]],[[-4.261567,53.815751],[-4.764808,53.670299]],[[-4.764808,53.670299],[-4.76543,53.670119]],[[-4.76543,53.670119],[-5.7,53.4]],[[-5.7,53.4],[-6.118943,53.322117]]]},"properties":{}},{"type":"Feature","geometry":{"type":"MultiLineString","coordinates":[[[-3.4,53.6],[-4.261567,53.815751]],[[-4.261567,53.815751],[-4.878999,53.970366]],[[-4.878999,53.970366],[-4.879028,53.970373]],[[-4.879028,53.970373],[-4.879115,53.970395]]]},"properties":{}},{"type":"Feature","geometry":{"type":"MultiLineString","coordinates":[[[-5.8714,50.4096],[-6.197468,50.59699]],[[-6.197468,50.59699],[-6.236156,50.619224]],[[-6.236156,50.619224],[-8.045595,51.659101]],[[-8.045595,51.659101],[-8.235317,51.768133]]]},"properties":{}},{"type":"Feature","geometry":{"type":"LineString","coordinates":[[-5.8,44.1],[-5.747607,43.652037]]},"properties":{}},{"type":"Feature","geometry":{"type":"MultiLineString","coordinates":[[[-3.1,43.8],[-3.078528,43.554005]],[[-3.078528,43.554005],[-3.065735,43.407447]]]},"properties":{}},{"type":"Feature","geometry":{"type":"LineString","coordinates":[[-1.9,43.9],[-1.55612,43.565928]]},"properties":{}},{"type":"Feature","geometry":{"type":"MultiLineString","coordinates":[[[-3.803553,43.54834],[-3.917054,43.890784]],[[-3.917054,43.890784],[-4.250379,44.896463]],[[-4.250379,44.896463],[-4.363656,45.238229]],[[-4.363656,45.238229],[-4.541579,45.775042]],[[-4.541579,45.775042],[-4.635715,46.059061]],[[-4.635715,46.059061],[-5.5,48.6667]]]},"properties":{}},{"type":"Feature","geometry":{"type":"MultiLineString","coordinates":[[[-2.276949,47.214947],[-2.523473,46.925111]],[[-2.523473,46.925111],[-2.8,46.6]]]},"properties":{}},{"type":"Feature","geometry":{"type":"MultiLineString","coordinates":[[[3.58191,39.748911],[3.487307,39.24854]],[[3.487307,39.24854],[3.439856,38.99756]],[[3.439856,38.99756],[3.429353,38.942011]],[[3.429353,38.942011],[3.153741,37.484246]],[[3.153741,37.484246],[3.146138,37.444033]],[[3.146138,37.444033],[3.1,37.2]],[[3.1,37.2],[3.11592,36.800164]]]},"properties":{}},{"type":"Feature","geometry":{"type":"LineString","coordinates":[[6.724489,38.237336],[6.7245,38.2374]]},"properties":{}},{"type":"Feature","geometry":{"type":"LineString","coordinates":[[7.5,37.4],[7.834073,36.94772]]},"properties":{}},{"type":"Feature","geometry":{"type":"LineString","coordinates":[[-0.6,36.2],[-0.650837,35.735687]]},"properties":{}},{"type":"Feature","geometry":{"type":"MultiLineString","coordinates":[[[15.9,37.7],[16.447476,37.722459]],[[16.447476,37.722459],[18.360716,37.800947]],[[18.360716,37.800947],[20.391275,37.884247]],[[20.391275,37.884247],[20.397402,37.884498]]]},"properties":{}},{"type":"Feature","geometry":{"type":"MultiLineString","coordinates":[[[12.358064,44.518459],[13.371456,44.01381]],[[13.371456,44.01381],[13.6,43.9]]]},"properties":{}},{"type":"Feature","geometry":{"type":"MultiLineString","coordinates":[[[12.37748,45.268086],[12.775514,45.124423]],[[12.775514,45.124423],[12.977689,44.824179]],[[12.977689,44.824179],[12.985084,44.813196]],[[12.985084,44.813196],[13.478202,44.080878]],[[13.478202,44.080878],[13.6,43.9]]]},"properties":{}},{"type":"Feature","geometry":{"type":"MultiLineString","coordinates":[[[12.775514,45.124423],[13.1,45.3]],[[13.1,45.3],[13.103322,45.302271]],[[13.103322,45.302271],[13.581289,45.629054]]]},"properties":{}},{"type":"Feature","geometry":{"type":"MultiLineString","coordinates":[[[13.1,45.3],[13.097478,45.30322]],[[13.097478,45.30322],[12.911428,45.540728]]]},"properties":{}},{"type":"Feature","geometry":{"type":"MultiLineString","coordinates":[[[12.367772,44.76023],[12.364567,44.680418]],[[12.364567,44.680418],[12.358064,44.518459]]]},"properties":{}},{"type":"Feature","geometry":{"type":"MultiLineString","coordinates":[[[12.367772,44.76023],[12.629892,44.863538],[12.669433,44.934376]],[[12.669433,44.934376],[12.775514,45.124423]]]},"properties":{}},{"type":"Feature","geometry":{"type":"MultiLineString","coordinates":[[[14.416188,45.302239],[14.280275,45.144968],[14.217172,45.02227]],[[14.217172,45.02227],[14,44.6]]]},"properties":{}},{"type":"Feature","geometry":{"type":"MultiLineString","coordinates":[[[13.1,45.3],[13.27605,45.082758]],[[13.27605,45.082758],[13.500423,44.805888]],[[13.500423,44.805888],[13.612219,44.667934]],[[13.612219,44.667934],[13.882241,44.334734]],[[13.882241,44.334734],[14.281073,43.956756]],[[14.281073,43.956756],[14.522978,43.7275],[14.612892,43.647194]],[[14.612892,43.647194],[14.66401,43.601537]],[[14.66401,43.601537],[15.396206,42.947575]],[[15.396206,42.947575],[15.50847,42.847306]],[[15.50847,42.847306],[15.867555,42.526589],[16.759944,41.824743]],[[16.759944,41.824743],[17.126307,41.536606]],[[17.126307,41.536606],[17.3,41.4]]]},"properties":{}},{"type":"Feature","geometry":{"type":"MultiLineString","coordinates":[[[15.9,37.7],[16.136041,37.793255]],[[16.136041,37.793255],[16.419052,37.905068]],[[16.419052,37.905068],[18.585953,38.761169]],[[18.585953,38.761169],[19.489188,39.118019]],[[19.489188,39.118019],[19.785578,39.235117]],[[19.785578,39.235117],[20.169,39.3866]]]},"properties":{}},{"type":"Feature","geometry":{"type":"MultiLineString","coordinates":[[[24.45,37.8],[24.372282,37.856919]],[[24.372282,37.856919],[24.270885,37.931181],[24.176975,37.995213]],[[24.176975,37.995213],[24.175291,37.997468]],[[24.175291,37.997468],[24.154683,38.032558],[24.13836,38.092597],[24.095199,38.194201],[23.978701,38.289511]],[[23.978701,38.289511],[23.823371,38.350444],[23.658333,38.394208],[23.602511,38.441747],[23.587949,38.477856],[23.527273,38.548122]],[[23.527273,38.548122],[23.4923,38.567592]],[[23.4923,38.567592],[23.350099,38.646758],[23.056428,38.766077]],[[23.056428,38.766077],[22.813725,38.809589],[22.796736,38.83417],[22.818579,38.868193],[23.003033,38.955064],[23.168072,39.045599]],[[23.168072,39.045599],[23.340391,39.154841],[23.381651,39.190591]],[[23.381651,39.190591],[23.055193,39.757132]],[[23.055193,39.757132],[22.8,40.2]]]},"properties":{}},{"type":"Feature","geometry":{"type":"LineString","coordinates":[[22.959347,39.339038],[23.041866,39.077636],[23.168072,39.045599]]},"properties":{}},{"type":"Feature","geometry":{"type":"MultiLineString","coordinates":[[[23.168072,39.045599],[23.352526,39.064446],[23.592803,38.945627],[24.21655,38.650549]],[[24.21655,38.650549],[24.350414,38.557553]],[[24.350414,38.557553],[24.369453,38.544326]]]},"properties":{}},{"type":"Feature","geometry":{"type":"MultiLineString","coordinates":[[[23.592803,38.563306],[23.4923,38.567592]],[[23.4923,38.567592],[23.325829,38.574691],[23.527273,38.548122]]]},"properties":{}},{"type":"Feature","geometry":{"type":"LineString","coordinates":[[23.039439,38.853074],[23.056428,38.766077]]},"properties":{}},{"type":"Feature","geometry":{"type":"LineString","coordinates":[[23.978701,38.289511],[24.029669,38.377086]]},"properties":{}},{"type":"Feature","geometry":{"type":"LineString","coordinates":[[24.138885,38.622112],[24.21655,38.650549]]},"properties":{}},{"type":"Feature","geometry":{"type":"MultiLineString","coordinates":[[[24.656396,38.117349],[24.888839,39.250759],[24.906079,39.32101]],[[24.906079,39.32101],[25.014778,39.763947]],[[25.014778,39.763947],[25.041733,39.873786]],[[25.041733,39.873786],[25.041742,39.873821]]]},"properties":{}},{"type":"Feature","geometry":{"type":"MultiLineString","coordinates":[[[25.041742,39.873821],[24.95604,39.994326]],[[24.95604,39.994326],[24.587853,40.512033]],[[24.587853,40.512033],[24.4152,40.7548]],[[24.4152,40.7548],[24.410713,40.912624]]]},"properties":{}},{"type":"Feature","geometry":{"type":"LineString","coordinates":[[24.4152,40.7548],[24.316059,40.787785]]},"properties":{}},{"type":"Feature","geometry":{"type":"MultiLineString","coordinates":[[[24.583032,40.754701],[24.572406,40.773266]],[[24.572406,40.773266],[24.481097,40.932796]]]},"properties":{}},{"type":"Feature","geometry":{"type":"LineString","coordinates":[[24.481097,40.932796],[24.4152,40.7548]]},"properties":{}},{"type":"Feature","geometry":{"type":"LineString","coordinates":[[24.8,40.8],[25.879068,40.815344]]},"properties":{}},{"type":"Feature","geometry":{"type":"MultiLineString","coordinates":[[[25.879068,40.815344],[25.258921,40.232037]],[[25.258921,40.232037],[25.139939,40.120122]],[[25.139939,40.120122],[25.012617,40.000364]],[[25.012617,40.000364],[25.041742,39.873821]]]},"properties":{}},{"type":"Feature","geometry":{"type":"MultiLineString","coordinates":[[[25.012617,40.000364],[24.95604,39.994326]],[[24.95604,39.994326],[24.489301,39.944518]],[[24.489301,39.944518],[23.879193,39.879409],[23.384078,39.912926]],[[23.384078,39.912926],[22.871974,40.252748]],[[22.871974,40.252748],[22.765184,40.465429]],[[22.765184,40.465429],[22.862266,40.550313],[22.91566,40.620354]]]},"properties":{}},{"type":"Feature","geometry":{"type":"LineString","coordinates":[[22.871974,40.252748],[22.8,40.2]]},"properties":{}},{"type":"Feature","geometry":{"type":"LineString","coordinates":[[22.765184,40.465429],[22.8,40.2]]},"properties":{}},{"type":"Feature","geometry":{"type":"MultiLineString","coordinates":[[[23.384078,39.912926],[23.384156,39.912896]],[[23.384156,39.912896],[24.533054,39.466082]],[[24.533054,39.466082],[24.906079,39.32101]],[[24.906079,39.32101],[25.337942,39.153055]],[[25.337942,39.153055],[25.4689,39.102125],[25.517867,39.083332]],[[25.517867,39.083332],[25.704549,39.011683]],[[25.704549,39.011683],[25.711847,39.008882]],[[25.711847,39.008882],[26.022956,38.889479]],[[26.022956,38.889479],[26.289642,38.787125]],[[26.289642,38.787125],[26.53194,38.694131],[26.677562,38.603147]],[[26.677562,38.603147],[26.825612,38.456953],[26.903277,38.40562],[26.993077,38.415129],[27.153261,38.449351]]]},"properties":{}},{"type":"Feature","geometry":{"type":"MultiLineString","coordinates":[[[26.5,38.9],[26.675135,39.053139]],[[26.675135,39.053139],[26.866871,39.073868]]]},"properties":{}},{"type":"Feature","geometry":{"type":"LineString","coordinates":[[26.675135,39.053139],[26.881433,38.764185]]},"properties":{}},{"type":"Feature","geometry":{"type":"LineString","coordinates":[[26.675135,39.053139],[26.677562,38.603147]]},"properties":{}},{"type":"Feature","geometry":{"type":"MultiLineString","coordinates":[[[26.675135,39.053139],[26.41787,39.37657],[26.345059,39.423456],[26.080512,39.442202]],[[26.080512,39.442202],[26.034399,39.475931],[26.097501,39.784356]],[[26.097501,39.784356],[26.143615,39.992927],[26.2,40.1]]]},"properties":{}},{"type":"Feature","geometry":{"type":"MultiLineString","coordinates":[[[26.097501,39.784356],[25.953472,39.494984]],[[25.953472,39.494984],[25.825253,39.237374]],[[25.825253,39.237374],[25.825095,39.237057]],[[25.825095,39.237057],[25.71192,39.009674]],[[25.71192,39.009674],[25.711664,39.009159]]]},"properties":{}},{"type":"Feature","geometry":{"type":"MultiLineString","coordinates":[[[26.289027,38.787567],[25.830528,39.136019]],[[25.830528,39.136019],[25.825095,39.237057]],[[25.825095,39.237057],[25.825074,39.237463]],[[25.825074,39.237463],[25.825052,39.237864]]]},"properties":{}},{"type":"Feature","geometry":{"type":"MultiLineString","coordinates":[[[25.830528,39.136019],[26.022956,38.889479]],[[26.022956,38.889479],[26.157336,38.717311]],[[26.157336,38.717311],[26.157339,38.717306]],[[26.157339,38.717306],[26.157985,38.716479]],[[26.157985,38.716479],[26.308653,38.523442],[26.269821,38.437945],[26.184875,38.339023],[26.172739,38.253308]],[[26.172739,38.253308],[26.541649,37.688895]],[[26.541649,37.688895],[26.938326,37.243358]],[[26.938326,37.243358],[26.968807,37.209122],[27.058607,37.038829],[27.337716,36.924441],[27.386256,36.866211],[27.364413,36.809881],[27.344997,36.700987],[27.405673,36.638693]],[[27.405673,36.638693],[27.871663,36.48859]],[[27.871663,36.48859],[28.008502,36.494001]],[[28.008502,36.494001],[28.019712,36.494444]]]},"properties":{}},{"type":"Feature","geometry":{"type":"MultiLineString","coordinates":[[[27.871663,36.48859],[27.401862,36.520229]],[[27.401862,36.520229],[27.002789,36.547106]],[[27.002789,36.547106],[27.002785,36.547106]]]},"properties":{}},{"type":"Feature","geometry":{"type":"MultiLineString","coordinates":[[[27.002785,36.547106],[27.002781,36.54711]],[[27.002781,36.54711],[27.002781,36.54711]],[[27.002781,36.54711],[26.684844,36.86427],[26.575627,37.0582],[26.177005,37.278399]],[[26.177005,37.278399],[25.949452,37.4041]],[[25.949452,37.4041],[25.706749,37.711938]]]},"properties":{}},{"type":"Feature","geometry":{"type":"MultiLineString","coordinates":[[[25.706749,37.711938],[25.657886,37.821527]],[[25.657886,37.821527],[25.538027,38.090345]],[[25.538027,38.090345],[25.525134,38.119263]],[[25.525134,38.119263],[25.432437,38.327161]],[[25.432437,38.327161],[25.420359,38.35425],[25.366964,38.55951]],[[25.366964,38.55951],[25.396225,38.692179]],[[25.396225,38.692179],[25.444629,38.911642],[25.517867,39.083332]],[[25.517867,39.083332],[25.584511,39.239564]],[[25.584511,39.239564],[25.626061,39.33697]],[[25.626061,39.33697],[25.732608,39.586747]],[[25.732608,39.586747],[25.766724,39.666724]],[[25.766724,39.666724],[25.774706,39.685436]]]},"properties":{}},{"type":"Feature","geometry":{"type":"MultiLineString","coordinates":[[[26.172739,38.253308],[26.126767,38.210142]],[[26.126767,38.210142],[25.989139,38.080913]],[[25.989139,38.080913],[25.93489,38.029975],[25.76963,37.905616]],[[25.76963,37.905616],[25.769473,37.905497]],[[25.769473,37.905497],[25.657886,37.821527]],[[25.657886,37.821527],[25.420359,37.642786],[25.172825,37.483601]],[[25.172825,37.483601],[25.172636,37.48348]],[[25.172636,37.48348],[25.172635,37.483479]],[[25.172635,37.483479],[25.149893,37.468855]],[[25.149893,37.468855],[24.998582,37.371549]],[[24.998582,37.371549],[24.959738,37.346569]],[[24.959738,37.346569],[24.959223,37.346238],[24.830765,37.26906]],[[24.830765,37.26906],[24.703498,37.192598]],[[24.703498,37.192598],[24.636616,37.152415]],[[24.636616,37.152415],[24.466654,37.050301]],[[24.466654,37.050301],[24.328194,36.967114],[24.248895,36.916246]],[[24.248895,36.916246],[24.102526,36.822355]],[[24.102526,36.822355],[23.923,36.707194]],[[23.923,36.707194],[23.6,36.5]]]},"properties":{}},{"type":"Feature","geometry":{"type":"LineString","coordinates":[[25.124261,35.37237],[25.2,35.5]]},"properties":{}},{"type":"Feature","geometry":{"type":"MultiLineString","coordinates":[[[25.124261,35.37237],[25.006952,35.538848]],[[25.006952,35.538848],[24.980878,35.57585]],[[24.980878,35.57585],[24.603968,36.110738]],[[24.603968,36.110738],[24.375194,36.435401]],[[24.375194,36.435401],[24.342178,36.482254]],[[24.342178,36.482254],[24.102526,36.822355]],[[24.102526,36.822355],[24.022388,36.936081],[23.999544,36.989186]],[[23.999544,36.989186],[23.96792,37.062701]],[[23.96792,37.062701],[23.7233,37.631365]],[[23.7233,37.631365],[23.6425,37.8192]]]},"properties":{}},{"type":"Feature","geometry":{"type":"MultiLineString","coordinates":[[[23.6425,37.8192],[23.505426,37.837248]],[[23.505426,37.837248],[23.401569,37.850922]],[[23.401569,37.850922],[23.175353,37.880707]],[[23.175353,37.880707],[23.027304,37.913266]]]},"properties":{}},{"type":"Feature","geometry":{"type":"MultiLineString","coordinates":[[[23.027304,37.913266],[23.214185,37.809795],[23.30884,37.665844],[23.417424,37.657401]],[[23.417424,37.657401],[23.580668,37.644707],[23.63671,37.639465]],[[23.63671,37.639465],[23.689073,37.634567]],[[23.689073,37.634567],[23.7233,37.631365]],[[23.7233,37.631365],[23.771683,37.62684]],[[23.771683,37.62684],[23.885914,37.616154]],[[23.885914,37.616154],[23.888901,37.615875]]]},"properties":{}},{"type":"Feature","geometry":{"type":"MultiLineString","coordinates":[[[23.430191,37.535086],[23.417424,37.657401]],[[23.417424,37.657401],[23.405921,37.767598]],[[23.405921,37.767598],[23.505426,37.837248]],[[23.505426,37.837248],[23.6195,37.917095]]]},"properties":{}},{"type":"Feature","geometry":{"type":"LineString","coordinates":[[23.6425,37.8192],[23.6195,37.917095]]},"properties":{}},{"type":"Feature","geometry":{"type":"LineString","coordinates":[[23.6195,37.917095],[23.55397,37.96686],[23.532127,38.016592]]},"properties":{}},{"type":"Feature","geometry":{"type":"LineString","coordinates":[[23.027304,37.913266],[22.828287,38.02424]]},"properties":{}},{"type":"Feature","geometry":{"type":"LineString","coordinates":[[22.828287,38.02424],[22.973909,38.177032]]},"properties":{}},{"type":"Feature","geometry":{"type":"LineString","coordinates":[[22.828287,38.02424],[21.9041,38.3486]]},"properties":{}},{"type":"Feature","geometry":{"type":"LineString","coordinates":[[22.6117,38.2252],[22.517627,38.279986],[22.435108,38.403718]]},"properties":{}},{"type":"Feature","geometry":{"type":"MultiLineString","coordinates":[[[21.1797,37.9586],[21.000731,37.867297]],[[21.000731,37.867297],[20.91093,37.792535]]]},"properties":{}},{"type":"Feature","geometry":{"type":"MultiLineString","coordinates":[[[20.709487,37.932411],[20.680488,37.977089]],[[20.680488,37.977089],[20.680113,37.977666]],[[20.680113,37.977666],[20.60027,38.100676],[20.680138,37.977666]]]},"properties":{}},{"type":"Feature","geometry":{"type":"LineString","coordinates":[[21.010439,38.456953],[20.891514,38.525341],[20.804141,38.682764],[20.738611,38.783107],[20.711914,38.853074]]},"properties":{}},{"type":"Feature","geometry":{"type":"MultiLineString","coordinates":[[[20.974033,38.949402],[20.845401,38.955064],[20.777444,38.949402],[20.73133,38.922972]],[[20.73133,38.922972],[20.3557,39.1144]]]},"properties":{}},{"type":"Feature","geometry":{"type":"LineString","coordinates":[[20.73133,38.922972],[20.711914,38.853074]]},"properties":{}},{"type":"Feature","geometry":{"type":"LineString","coordinates":[[20.711914,38.853074],[20.3557,39.1144]]},"properties":{}},{"type":"Feature","geometry":{"type":"LineString","coordinates":[[20.18282,39.511517],[20.169,39.3866]]},"properties":{}},{"type":"Feature","geometry":{"type":"LineString","coordinates":[[19.9547,39.8141],[20.00322,39.857056]]},"properties":{}},{"type":"Feature","geometry":{"type":"MultiLineString","coordinates":[[[19.452283,40.443267],[19.076028,40.513936]],[[19.076028,40.513936],[18.827151,40.560681]],[[18.827151,40.560681],[18.668146,40.590546]],[[18.668146,40.590546],[18.644636,40.594961]],[[18.644636,40.594961],[18.509783,40.62029]],[[18.509783,40.62029],[18.184433,40.681398]],[[18.184433,40.681398],[18.127123,40.692162],[17.991209,40.657188],[18.104545,40.746307]],[[18.104545,40.746307],[18.264508,40.872091]],[[18.264508,40.872091],[18.3,40.9]]]},"properties":{}},{"type":"Feature","geometry":{"type":"MultiLineString","coordinates":[[[18.9,40.1],[18.184433,40.681398]],[[18.184433,40.681398],[18.104545,40.746307]],[[18.104545,40.746307],[17.553035,41.194409]],[[17.553035,41.194409],[17.328372,41.376948]],[[17.328372,41.376948],[17.3,41.4]]]},"properties":{}},{"type":"Feature","geometry":{"type":"MultiLineString","coordinates":[[[16.8291,41.1676],[16.54825,41.7507]],[[16.54825,41.7507],[16.435978,41.983799]],[[16.435978,41.983799],[16.430626,41.99491]]]},"properties":{}},{"type":"Feature","geometry":{"type":"LineString","coordinates":[[16.416064,43.488501],[16.418491,43.342174]]},"properties":{}},{"type":"Feature","geometry":{"type":"LineString","coordinates":[[13.739046,43.317457],[13.8024,43.3544]]},"properties":{}},{"type":"Feature","geometry":{"type":"LineString","coordinates":[[13.894376,42.959715],[14.0166,42.9858]]},"properties":{}},{"type":"Feature","geometry":{"type":"LineString","coordinates":[[13.976895,42.75155],[14.0771,42.7564]]},"properties":{}},{"type":"Feature","geometry":{"type":"LineString","coordinates":[[14.229307,42.472907],[14.3352,42.5058]]},"properties":{}},{"type":"Feature","geometry":{"type":"LineString","coordinates":[[14.425897,42.342088],[14.5,42.3761]]},"properties":{}},{"type":"Feature","geometry":{"type":"LineString","coordinates":[[14.714714,42.17863],[14.8351,42.2664]]},"properties":{}},{"type":"Feature","geometry":{"type":"LineString","coordinates":[[15.010812,42.000321],[15.1372,42.071]]},"properties":{}},{"type":"Feature","geometry":{"type":"LineString","coordinates":[[15.503499,42.108447],[15.9667,42.022]]},"properties":{}},{"type":"Feature","geometry":{"type":"MultiLineString","coordinates":[[[15.231672,44.096422],[14.559383,44.385055]],[[14.559383,44.385055],[14.396772,44.542681]],[[14.396772,44.542681],[14.297264,44.556518],[14.217172,44.618743],[14.217172,45.02227]],[[14.217172,45.02227],[14.217172,45.045596]]]},"properties":{}},{"type":"Feature","geometry":{"type":"MultiLineString","coordinates":[[[16.022885,43.469128],[15.430688,43.671351],[15.162878,43.845879]],[[15.162878,43.845879],[15.132163,43.865895],[14.929191,44.021834]],[[14.929191,44.021834],[14.741411,44.166101]],[[14.741411,44.166101],[14.559383,44.385055]]]},"properties":{}},{"type":"Feature","geometry":{"type":"MultiLineString","coordinates":[[[14.741411,44.166101],[14.866403,44.186119],[15.050858,44.104265],[15.230458,43.999605],[15.419767,43.86502],[15.550827,43.733639],[15.764406,43.640621]],[[15.764406,43.640621],[15.85906,43.709082]]]},"properties":{}},{"type":"Feature","geometry":{"type":"LineString","coordinates":[[15.764406,43.640621],[16.022885,43.469128]]},"properties":{}},{"type":"Feature","geometry":{"type":"MultiLineString","coordinates":[[[14.8,44],[14.929191,44.021834]],[[14.929191,44.021834],[14.931933,44.022297]]]},"properties":{}},{"type":"Feature","geometry":{"type":"MultiLineString","coordinates":[[[15.201334,43.859771],[15.162878,43.845879]],[[15.162878,43.845879],[15.038754,43.801038]],[[15.038754,43.801038],[14.612892,43.647194]],[[14.612892,43.647194],[14.525376,43.615578]],[[14.525376,43.615578],[14.196682,43.496836]],[[14.196682,43.496836],[13.8024,43.3544]]]},"properties":{}},{"type":"Feature","geometry":{"type":"MultiLineString","coordinates":[[[13.582502,45.224513],[13.103322,45.302271]],[[13.103322,45.302271],[13.097478,45.30322]],[[13.097478,45.30322],[12.446651,45.408832]]]},"properties":{}},{"type":"Feature","geometry":{"type":"LineString","coordinates":[[13.581289,45.629054],[13.157771,45.677404]]},"properties":{}},{"type":"Feature","geometry":{"type":"LineString","coordinates":[[13.581289,45.629054],[13.766957,45.612928]]},"properties":{}},{"type":"Feature","geometry":{"type":"LineString","coordinates":[[13.581289,45.629054],[13.72327,45.553476]]},"properties":{}},{"type":"Feature","geometry":{"type":"LineString","coordinates":[[13.581289,45.629054],[13.597065,45.757048]]},"properties":{}},{"type":"Feature","geometry":{"type":"LineString","coordinates":[[13.157771,45.677404],[13.099523,45.587456],[12.911428,45.540728]]},"properties":{}},{"type":"Feature","geometry":{"type":"LineString","coordinates":[[12.911428,45.540728],[12.446651,45.408832]]},"properties":{}},{"type":"Feature","geometry":{"type":"LineString","coordinates":[[12.446651,45.408832],[12.37748,45.268086]]},"properties":{}},{"type":"Feature","geometry":{"type":"LineString","coordinates":[[12.381121,45.077311],[12.775514,45.124423]]},"properties":{}},{"type":"Feature","geometry":{"type":"MultiLineString","coordinates":[[[12.485483,45.000136],[12.669433,44.934376]],[[12.669433,44.934376],[12.977689,44.824179]],[[12.977689,44.824179],[12.99516,44.817933]]]},"properties":{}},{"type":"Feature","geometry":{"type":"MultiLineString","coordinates":[[[12.358064,44.518459],[12.985084,44.813196]],[[12.985084,44.813196],[12.99516,44.817933]]]},"properties":{}},{"type":"Feature","geometry":{"type":"MultiLineString","coordinates":[[[12.250061,44.683491],[12.364567,44.680418]],[[12.364567,44.680418],[12.378694,44.680039],[12.367772,44.76023]]]},"properties":{}},{"type":"Feature","geometry":{"type":"LineString","coordinates":[[12.757311,43.978651],[12.890798,44.106008]]},"properties":{}},{"type":"Feature","geometry":{"type":"MultiLineString","coordinates":[[[12.919922,43.922737],[13.019431,44.027532]],[[13.019431,44.027532],[13.007295,43.86677]]]},"properties":{}},{"type":"Feature","geometry":{"type":"MultiLineString","coordinates":[[[13.783946,44.888476],[13.725541,44.813468]],[[13.725541,44.813468],[13.612219,44.667934]],[[13.612219,44.667934],[13.410183,44.408466]]]},"properties":{}},{"type":"Feature","geometry":{"type":"MultiLineString","coordinates":[[[13.28155,44.742132],[13.500423,44.805888]],[[13.500423,44.805888],[13.671293,44.855661]],[[13.671293,44.855661],[13.783946,44.888476]]]},"properties":{}},{"type":"Feature","geometry":{"type":"MultiLineString","coordinates":[[[13.473286,45.553476],[13.504837,45.386677],[13.582502,45.224513]],[[13.582502,45.224513],[13.6092,45.055027]],[[13.6092,45.055027],[13.783946,44.888476]]]},"properties":{}},{"type":"Feature","geometry":{"type":"MultiLineString","coordinates":[[[13.6092,45.055027],[13.391686,45.073133]],[[13.391686,45.073133],[13.27605,45.082758]],[[13.27605,45.082758],[13.167765,45.091772]],[[13.167765,45.091772],[12.775514,45.124423]]]},"properties":{}},{"type":"Feature","geometry":{"type":"MultiLineString","coordinates":[[[19.05789,42.102145],[18.612901,41.915558]],[[18.612901,41.915558],[18.45218,41.848167]],[[18.45218,41.848167],[18.326772,41.795583]],[[18.326772,41.795583],[18.158915,41.7252]],[[18.158915,41.7252],[17.719276,41.540856]],[[17.719276,41.540856],[17.483052,41.441806]],[[17.483052,41.441806],[17.338017,41.380992]],[[17.338017,41.380992],[17.328372,41.376948]],[[17.328372,41.376948],[16.8291,41.1676]]]},"properties":{}},{"type":"Feature","geometry":{"type":"MultiLineString","coordinates":[[[19.05789,42.102145],[18.562221,42.236046]],[[18.562221,42.236046],[18.51642,42.248419]],[[18.51642,42.248419],[18.047817,42.375008]],[[18.047817,42.375008],[17.84558,42.42964]],[[17.84558,42.42964],[16.630857,42.757788],[16.611248,42.763618]],[[16.611248,42.763618],[16.058441,42.927981]],[[16.058441,42.927981],[16.056344,42.928605]]]},"properties":{}},{"type":"Feature","geometry":{"type":"LineString","coordinates":[[16.418491,43.342174],[16.3457,43.2385]]},"properties":{}},{"type":"Feature","geometry":{"type":"LineString","coordinates":[[16.320196,43.084808],[16.839582,43.02806],[17.087139,42.97481],[17.237615,42.939285],[17.684189,42.772042],[18.0047,42.6272]]},"properties":{}},{"type":"Feature","geometry":{"type":"LineString","coordinates":[[18.0047,42.6272],[18.538505,42.386023]]},"properties":{}},{"type":"Feature","geometry":{"type":"LineString","coordinates":[[18.538505,42.386023],[19.05789,42.102145]]},"properties":{}},{"type":"Feature","geometry":{"type":"MultiLineString","coordinates":[[[15.557174,38.032185],[15.6982,37.892786]],[[15.6982,37.892786],[16.152761,37.900531]],[[16.152761,37.900531],[16.419052,37.905068]],[[16.419052,37.905068],[18.393028,37.938699]],[[18.393028,37.938699],[20.319182,37.971516]],[[20.319182,37.971516],[20.680113,37.977666]],[[20.680113,37.977666],[20.680138,37.977666]]]},"properties":{}},{"type":"Feature","geometry":{"type":"MultiLineString","coordinates":[[[15.6982,37.892786],[16.043935,37.814193]],[[16.043935,37.814193],[16.136041,37.793255]],[[16.136041,37.793255],[16.447476,37.722459]],[[16.447476,37.722459],[18.246383,37.313528]],[[18.246383,37.313528],[18.500448,37.255774]],[[18.500448,37.255774],[21.467652,36.581263]],[[21.467652,36.581263],[21.471448,36.5804]]]},"properties":{}},{"type":"Feature","geometry":{"type":"MultiLineString","coordinates":[[[12.747603,38.246637],[12.743535,38.243566]],[[12.743535,38.243566],[12.504899,38.063423],[12.364131,37.902734],[12.184531,37.518726],[12.154748,37.393927]],[[12.154748,37.393927],[12.110644,37.209117]],[[12.110644,37.209117],[12.10636,37.191167]],[[12.10636,37.191167],[12.097004,37.212689]],[[12.097004,37.212689],[11.995649,37.445855]],[[11.995649,37.445855],[11.9915,37.4554]]]},"properties":{}},{"type":"Feature","geometry":{"type":"MultiLineString","coordinates":[[[11.917557,36.826396],[12.004388,36.994155]],[[12.004388,36.994155],[12.046597,37.075704]],[[12.046597,37.075704],[12.10145,37.18168]],[[12.10145,37.18168],[12.104273,37.187134]],[[12.104273,37.187134],[12.10636,37.191167]]]},"properties":{}},{"type":"Feature","geometry":{"type":"MultiLineString","coordinates":[[[9.65,38.9],[10.233527,38.805178]],[[10.233527,38.805178],[11.025033,38.67656]],[[11.025033,38.67656],[11.463635,38.605289]],[[11.463635,38.605289],[12.41746,38.450294]],[[12.41746,38.450294],[13.3959,38.2913]]]},"properties":{}},{"type":"Feature","geometry":{"type":"LineString","coordinates":[[3.194798,39.82258],[3.786994,39.9827]]},"properties":{}},{"type":"Feature","geometry":{"type":"MultiLineString","coordinates":[[[3.194798,39.82258],[3.194798,40.031034]],[[3.194798,40.031034],[2.925892,40.380652]],[[2.925892,40.380652],[2.912236,40.398406]],[[2.912236,40.398406],[2.764258,40.5908]],[[2.764258,40.5908],[2.65283,40.735672]],[[2.65283,40.735672],[2.474432,40.967615]],[[2.474432,40.967615],[2.314102,41.176068]],[[2.314102,41.176068],[2.313198,41.177243]],[[2.313198,41.177243],[2.209423,41.312166]]]},"properties":{}},{"type":"Feature","geometry":{"type":"LineString","coordinates":[[2.209423,41.312166],[2.5,41.3]]},"properties":{}},{"type":"Feature","geometry":{"type":"MultiLineString","coordinates":[[[3.786994,39.9827],[3.257587,40.428847]],[[3.257587,40.428847],[3.198451,40.478683]],[[3.198451,40.478683],[3.110618,40.552703]],[[3.110618,40.552703],[2.765046,40.843926]],[[2.765046,40.843926],[2.483189,41.081455]],[[2.483189,41.081455],[2.345825,41.197216]],[[2.345825,41.197216],[2.209423,41.312166]]]},"properties":{}},{"type":"Feature","geometry":{"type":"LineString","coordinates":[[3.58191,39.748911],[3.786994,39.9827]]},"properties":{}},{"type":"Feature","geometry":{"type":"LineString","coordinates":[[3.58191,39.748911],[3.194798,39.82258]]},"properties":{}},{"type":"Feature","geometry":{"type":"LineString","coordinates":[[2.6156,39.4248],[2.689975,39.531175]]},"properties":{}},{"type":"Feature","geometry":{"type":"MultiLineString","coordinates":[[[2.6156,39.4248],[3.049176,39.234782],[3.424877,39.218946]],[[3.424877,39.218946],[3.479849,39.216629]]]},"properties":{}},{"type":"Feature","geometry":{"type":"MultiLineString","coordinates":[[[2.6156,39.4248],[2.268112,39.42542]],[[2.268112,39.42542],[1.540078,39.426718]],[[1.540078,39.426718],[1.298455,39.427149]],[[1.298455,39.427149],[1.296439,39.427153]],[[1.296439,39.427153],[0.856045,39.427938]],[[0.856045,39.427938],[0.854833,39.427941]],[[0.854833,39.427941],[0.320274,39.428894]],[[0.320274,39.428894],[0.170603,39.429161]],[[0.170603,39.429161],[-0.309838,39.430018]]]},"properties":{}},{"type":"Feature","geometry":{"type":"MultiLineString","coordinates":[[[-0.309838,39.430018],[-0.064152,39.591864]],[[-0.064152,39.591864],[0.1,39.7]]]},"properties":{}},{"type":"Feature","geometry":{"type":"LineString","coordinates":[[0.1,39.7],[0.059071,39.9641]]},"properties":{}},{"type":"Feature","geometry":{"type":"MultiLineString","coordinates":[[[0.059071,39.9641],[0.617961,40.045307]],[[0.617961,40.045307],[0.990939,40.099501]],[[0.990939,40.099501],[2.171144,40.270986]],[[2.171144,40.270986],[2.423668,40.307678]],[[2.423668,40.307678],[2.573203,40.329406]],[[2.573203,40.329406],[2.881028,40.374133]],[[2.881028,40.374133],[2.925892,40.380652]],[[2.925892,40.380652],[3.257587,40.428847]],[[3.257587,40.428847],[3.343246,40.441294]],[[3.343246,40.441294],[3.560445,40.472853]],[[3.560445,40.472853],[4.0018,40.536982]],[[4.0018,40.536982],[4.738908,40.644085]],[[4.738908,40.644085],[5.050316,40.689332]],[[5.050316,40.689332],[5.79737,40.79788]],[[5.79737,40.79788],[5.904231,40.813407]],[[5.904231,40.813407],[6.626351,40.918332]],[[6.626351,40.918332],[7.571717,41.055694]],[[7.571717,41.055694],[8.42555,41.179757]],[[8.42555,41.179757],[9.2235,41.2957]]]},"properties":{}},{"type":"Feature","geometry":{"type":"MultiLineString","coordinates":[[[1.1722,41.0019],[1.684202,40.756134]],[[1.684202,40.756134],[2.345166,40.438866]],[[2.345166,40.438866],[2.430604,40.397854]],[[2.430604,40.397854],[2.573203,40.329406]],[[2.573203,40.329406],[2.727992,40.255105]],[[2.727992,40.255105],[3.194798,40.031034]]]},"properties":{}},{"type":"Feature","geometry":{"type":"MultiLineString","coordinates":[[[1.1722,41.0019],[2.313198,41.177243]],[[2.313198,41.177243],[2.314002,41.177367]]]},"properties":{}},{"type":"Feature","geometry":{"type":"LineString","coordinates":[[0.571175,40.571518],[0.593018,40.527258],[1.035449,40.32817],[0.471666,40.444191]]},"properties":{}},{"type":"Feature","geometry":{"type":"MultiLineString","coordinates":[[[0.471666,40.444191],[0.81263,40.175086]],[[0.81263,40.175086],[0.818732,40.17027],[0.796254,40.16417]],[[0.796254,40.16417],[0.059071,39.9641]]]},"properties":{}},{"type":"Feature","geometry":{"type":"MultiLineString","coordinates":[[[-0.227319,39.620969],[-0.064152,39.591864]],[[-0.064152,39.591864],[0.137569,39.555882]],[[0.137569,39.555882],[0.230575,39.539292]],[[0.230575,39.539292],[0.854833,39.427941]],[[0.854833,39.427941],[0.854836,39.42794],[0.320274,39.428894]],[[0.320274,39.428894],[0.170603,39.429161]],[[0.170603,39.429161],[-0.309838,39.430018]]]},"properties":{}},{"type":"Feature","geometry":{"type":"MultiLineString","coordinates":[[[-0.149654,38.997517],[0.129546,38.995264]],[[0.129546,38.995264],[0.284038,38.994018]],[[0.284038,38.994018],[0.676181,38.990854]],[[0.676181,38.990854],[0.768101,38.990113]],[[0.768101,38.990113],[0.818087,38.989709]],[[0.818087,38.989709],[0.842785,38.98951]],[[0.842785,38.98951],[0.883769,38.989179]],[[0.883769,38.989179],[1.253171,38.986199],[1.122111,38.871027]]]},"properties":{}},{"type":"Feature","geometry":{"type":"MultiLineString","coordinates":[[[1.4071,38.794],[1.122111,38.871027]],[[1.122111,38.871027],[0.860013,38.973342]],[[0.860013,38.973342],[0.835817,38.982788]],[[0.835817,38.982788],[0.818087,38.989709]],[[0.818087,38.989709],[0.77166,39.007833]],[[0.77166,39.007833],[0.611627,39.070305]],[[0.611627,39.070305],[0.224785,39.221317]],[[0.224785,39.221317],[-0.309838,39.430018]]]},"properties":{}},{"type":"Feature","geometry":{"type":"MultiLineString","coordinates":[[[-0.309838,39.430018],[0.185817,39.3708]],[[0.185817,39.3708],[0.387005,39.346763]],[[0.387005,39.346763],[0.829129,39.29394]],[[0.829129,39.29394],[1.122073,39.258941]],[[1.122073,39.258941],[1.263132,39.242088]],[[1.263132,39.242088],[2.078846,39.144631]],[[2.078846,39.144631],[2.262884,39.122643]],[[2.262884,39.122643],[3.028701,39.031147]],[[3.028701,39.031147],[3.047918,39.028851]],[[3.047918,39.028851],[3.0676,39.0265]]]},"properties":{}},{"type":"Feature","geometry":{"type":"MultiLineString","coordinates":[[[-0.309838,39.430018],[0.129546,38.995264]],[[0.129546,38.995264],[0.3373,38.7897]]]},"properties":{}},{"type":"Feature","geometry":{"type":"MultiLineString","coordinates":[[[-0.747918,37.822257],[-0.605486,37.511953]],[[-0.605486,37.511953],[-0.6,37.5]],[[-0.6,37.5],[-0.589378,37.511834]],[[-0.589378,37.511834],[-0.488225,37.624526]]]},"properties":{}},{"type":"Feature","geometry":{"type":"MultiLineString","coordinates":[[[-0.491527,37.627043],[-0.41056,38.093991]],[[-0.41056,38.093991],[-0.337749,38.357105]],[[-0.337749,38.357105],[-0.221252,38.490205]]]},"properties":{}},{"type":"Feature","geometry":{"type":"LineString","coordinates":[[-0.337749,38.357105],[-0.488225,38.330456]]},"properties":{}},{"type":"Feature","geometry":{"type":"LineString","coordinates":[[-0.488225,38.330456],[-0.41056,38.093991]]},"properties":{}},{"type":"Feature","geometry":{"type":"LineString","coordinates":[[-0.56589,38.181801],[-0.41056,38.093991]]},"properties":{}},{"type":"Feature","geometry":{"type":"LineString","coordinates":[[-0.56589,38.181801],[-0.585307,38.017548],[-0.677534,37.960163],[-0.747918,37.822257]]},"properties":{}},{"type":"Feature","geometry":{"type":"MultiLineString","coordinates":[[[-0.221252,38.490205],[0.267518,38.480858]],[[0.267518,38.480858],[0.300249,38.480232]],[[0.300249,38.480232],[0.537844,38.475688]],[[0.537844,38.475688],[1.358236,38.459999]],[[1.358236,38.459999],[1.368455,38.459804]]]},"properties":{}},{"type":"Feature","geometry":{"type":"MultiLineString","coordinates":[[[-3.898208,35.25255],[-3.78001,35.723171]],[[-3.78001,35.723171],[-3.724101,35.945783]],[[-3.724101,35.945783],[-3.673291,36.148089]],[[-3.673291,36.148089],[-3.670714,36.158352]],[[-3.670714,36.158352],[-3.559793,36.6]],[[-3.559793,36.6],[-3.529299,36.721416]]]},"properties":{}},{"type":"Feature","geometry":{"type":"MultiLineString","coordinates":[[[-3.529299,36.721416],[-3.464998,36.6]],[[-3.464998,36.6],[-3.264225,36.220888]],[[-3.264225,36.220888],[-3.100176,35.911121]],[[-3.100176,35.911121],[-2.8529,35.4442]]]},"properties":{}},{"type":"Feature","geometry":{"type":"LineString","coordinates":[[-4.2,36.6],[-4.398177,36.70196]]},"properties":{}},{"type":"Feature","geometry":{"type":"LineString","coordinates":[[12.911428,45.540728],[12.868499,45.58421]]},"properties":{}},{"type":"Feature","geometry":{"type":"LineString","coordinates":[[29.132431,41.242447],[29.096026,41.186306],[29.050519,41.15205],[29.070542,41.117776],[29.042328,41.050547],[28.995,41.027893],[28.977708,40.971568]]},"properties":{"passage":"bosporus"}},{"type":"Feature","geometry":{"type":"LineString","coordinates":[[29.2382,40.7382],[29.510821,40.751129],[29.747457,40.733201],[29.896719,40.741476]]},"properties":{}},{"type":"Feature","geometry":{"type":"MultiLineString","coordinates":[[[29.093978,40.417972],[28.902849,40.459534],[28.746305,40.513527]],[[28.746305,40.513527],[28.87552,40.769296]],[[28.87552,40.769296],[28.977708,40.971568]]]},"properties":{}},{"type":"Feature","geometry":{"type":"LineString","coordinates":[[28.746305,40.513527],[28.930153,40.372223]]},"properties":{}},{"type":"Feature","geometry":{"type":"MultiLineString","coordinates":[[[27.949025,40.368063],[28.111029,40.517678],[28.477509,40.803422]],[[28.477509,40.803422],[28.501542,40.82216]],[[28.501542,40.82216],[28.675315,40.957651]]]},"properties":{}},{"type":"Feature","geometry":{"type":"MultiLineString","coordinates":[[[27.949025,40.368063],[28.663865,40.787444]],[[28.663865,40.787444],[28.977708,40.971568]]]},"properties":{}},{"type":"Feature","geometry":{"type":"LineString","coordinates":[[10.137328,33.934821],[11,34]]},"properties":{}},{"type":"Feature","geometry":{"type":"MultiLineString","coordinates":[[[15.3048,32.4046],[14.919696,32.921677]],[[14.919696,32.921677],[14.539179,33.432595]],[[14.539179,33.432595],[13.787885,34.441353]],[[13.787885,34.441353],[13.284477,35.117277]],[[13.284477,35.117277],[13.090889,35.377207]],[[13.090889,35.377207],[12.554654,36.097206]],[[12.554654,36.097206],[12.3604,36.6037]]]},"properties":{}},{"type":"Feature","geometry":{"type":"MultiLineString","coordinates":[[[24.223831,35.514585],[24.179813,35.68909]],[[24.179813,35.68909],[24.134472,35.868837]],[[24.134472,35.868837],[24.077413,36.095043]],[[24.077413,36.095043],[23.983321,36.468057]],[[23.983321,36.468057],[23.923,36.707194]],[[23.923,36.707194],[23.886715,36.851042]],[[23.886715,36.851042],[23.870794,36.914156]],[[23.870794,36.914156],[23.689073,37.634567]],[[23.689073,37.634567],[23.6425,37.8192]]]},"properties":{}},{"type":"Feature","geometry":{"type":"MultiLineString","coordinates":[[[21.5038,36.8502],[21.935461,36.486114]],[[21.935461,36.486114],[22.105511,36.342685]],[[22.105511,36.342685],[22.377628,36.113167]],[[22.377628,36.113167],[22.786664,35.768164]],[[22.786664,35.768164],[23.214379,35.407407]],[[23.214379,35.407407],[23.495721,35.170108],[24.859714,34.864004],[25.11418,34.748238]],[[25.11418,34.748238],[25.778872,34.445846]],[[25.778872,34.445846],[25.778894,34.445836]]]},"properties":{}},{"type":"Feature","geometry":{"type":"LineString","coordinates":[[30.640908,36.829164],[31,36.7]]},"properties":{}},{"type":"Feature","geometry":{"type":"MultiLineString","coordinates":[[[30.640908,36.829164],[30.624386,36.437071]],[[30.624386,36.437071],[30.623919,36.425977]]]},"properties":{}},{"type":"Feature","geometry":{"type":"MultiLineString","coordinates":[[[33.055807,34.642661],[33.457247,34.507581]],[[33.457247,34.507581],[33.723361,34.418037]],[[33.723361,34.418037],[33.729569,34.415948]],[[33.729569,34.415948],[33.960724,34.338168]],[[33.960724,34.338168],[34.13748,34.278692]],[[34.13748,34.278692],[34.959295,34.002161]],[[34.959295,34.002161],[35.1155,33.9496],[35.115528,33.949599]],[[35.115528,33.949599],[35.116067,33.949588]],[[35.116067,33.949588],[35.116526,33.949579]],[[35.116526,33.949579],[35.541089,33.940861]]]},"properties":{}},{"type":"Feature","geometry":{"type":"LineString","coordinates":[[35.541089,33.940861],[35.2,34.2]]},"properties":{}},{"type":"Feature","geometry":{"type":"MultiLineString","coordinates":[[[34.662503,36.755307],[34.695143,36.553397]],[[34.695143,36.553397],[34.741155,36.268772]],[[34.741155,36.268772],[34.805919,35.868142]],[[34.805919,35.868142],[34.806121,35.866893]],[[34.806121,35.866893],[34.822908,35.763049]],[[34.822908,35.763049],[34.84247,35.64204]],[[34.84247,35.64204],[34.863849,35.509796]],[[34.863849,35.509796],[34.880638,35.405939]],[[34.880638,35.405939],[34.980801,34.786335]],[[34.980801,34.786335],[35.02537,34.510631]],[[35.02537,34.510631],[35.051596,34.348404]],[[35.051596,34.348404],[35.074079,34.209326]],[[35.074079,34.209326],[35.090178,34.109736]],[[35.090178,34.109736],[35.115889,33.950687]],[[35.115889,33.950687],[35.116067,33.949588]],[[35.116067,33.949588],[35.116067,33.949588]]]},"properties":{}},{"type":"Feature","geometry":{"type":"LineString","coordinates":[[36.002226,36.891304],[36.128432,36.603483]]},"properties":{}},{"type":"Feature","geometry":{"type":"LineString","coordinates":[[36.002226,36.891304],[35.6,36.5]]},"properties":{}},{"type":"Feature","geometry":{"type":"MultiLineString","coordinates":[[[36.128432,36.603483],[35.634083,36.295503]],[[35.634083,36.295503],[35.633317,36.295026],[34.993171,35.874815]],[[34.993171,35.874815],[34.991567,35.873762]],[[34.991567,35.873762],[34.822908,35.763049]],[[34.822908,35.763049],[34.681919,35.670499]],[[34.681919,35.670499],[34.083651,35.254941]],[[34.083651,35.254941],[33.958663,35.168124]]]},"properties":{}},{"type":"Feature","geometry":{"type":"MultiLineString","coordinates":[[[34.2,35.2],[34.083651,35.254941]],[[34.083651,35.254941],[34.007204,35.29104]]]},"properties":{}},{"type":"Feature","geometry":{"type":"MultiLineString","coordinates":[[[30,36],[30.942242,36.237298]],[[30.942242,36.237298],[31.158964,36.291878]],[[31.158964,36.291878],[31.638541,36.412657]],[[31.638541,36.412657],[31.978204,36.498199]]]},"properties":{}},{"type":"Feature","geometry":{"type":"MultiLineString","coordinates":[[[34.662503,36.755307],[34.666346,36.540598]],[[34.666346,36.540598],[34.671546,36.250032]],[[34.671546,36.250032],[34.678463,35.863601]],[[34.678463,35.863601],[34.678489,35.862166]],[[34.678489,35.862166],[34.681919,35.670499]]]},"properties":{}},{"type":"Feature","geometry":{"type":"MultiLineString","coordinates":[[[33.868863,36.203034],[33.88421,36.192982]],[[33.88421,36.192982],[34.041871,36.089717]],[[34.041871,36.089717],[34.05184,36.083188]],[[34.05184,36.083188],[34.40213,35.853755]],[[34.40213,35.853755],[34.404766,35.852028]],[[34.404766,35.852028],[34.681919,35.670499]]]},"properties":{}},{"type":"Feature","geometry":{"type":"MultiLineString","coordinates":[[[35.6,36.5],[34.741155,36.268772]],[[34.741155,36.268772],[34.671546,36.250032]],[[34.671546,36.250032],[34.05184,36.083188]],[[34.05184,36.083188],[34.030401,36.077416]],[[34.030401,36.077416],[33.713101,35.991989]],[[33.713101,35.991989],[33,35.8]]]},"properties":{}},{"type":"Feature","geometry":{"type":"LineString","coordinates":[[33.055807,34.642661],[33.436851,34.700546],[33.69169,34.929694]]},"properties":{}},{"type":"Feature","geometry":{"type":"LineString","coordinates":[[34.8,33],[35.026558,32.846664]]},"properties":{}},{"type":"Feature","geometry":{"type":"MultiLineString","coordinates":[[[23.449263,36.076319],[22.377628,36.113167]],[[22.377628,36.113167],[21.846082,36.131444]],[[21.846082,36.131444],[19.582858,36.209265]],[[19.582858,36.209265],[19.582606,36.209274]]]},"properties":{}},{"type":"Feature","geometry":{"type":"MultiLineString","coordinates":[[[25.949452,37.4041],[26.023353,37.283125]],[[26.023353,37.283125],[26.218853,36.96309]],[[26.218853,36.96309],[27.002781,36.54711]],[[27.002781,36.54711],[27.002781,36.54711]],[[27.002781,36.54711],[27.002784,36.547109]],[[27.002784,36.547109],[27.002789,36.547106]],[[27.002789,36.547106],[27.0028,36.5471]]]},"properties":{}},{"type":"Feature","geometry":{"type":"MultiLineString","coordinates":[[[26.218853,36.96309],[26.649029,36.62852]],[[26.649029,36.62852],[26.831176,36.486854]],[[26.831176,36.486854],[27.2,36.2]]]},"properties":{}},{"type":"Feature","geometry":{"type":"MultiLineString","coordinates":[[[25.9495,37.4041],[25.76963,37.905616]],[[25.76963,37.905616],[25.769568,37.90579]],[[25.769568,37.90579],[25.764817,38.115406]],[[25.764817,38.115406],[25.764438,38.132147]],[[25.764438,38.132147],[25.756081,38.500824]],[[25.756081,38.500824],[25.753004,38.636582]],[[25.753004,38.636582],[25.752863,38.642824],[25.746037,38.70373]],[[25.746037,38.70373],[25.713407,38.994867]],[[25.713407,38.994867],[25.711842,39.00883],[25.711847,39.008882]],[[25.711847,39.008882],[25.71192,39.009674]],[[25.71192,39.009674],[25.737168,39.281416]],[[25.737168,39.281416],[25.764313,39.573574]],[[25.764313,39.573574],[25.773607,39.673607]],[[25.773607,39.673607],[25.774706,39.685436]]]},"properties":{}},{"type":"Feature","geometry":{"type":"MultiLineString","coordinates":[[[25.393662,38.692094],[25.396225,38.692179]],[[25.396225,38.692179],[25.746037,38.70373]],[[25.746037,38.70373],[25.864702,38.707648]],[[25.864702,38.707648],[26.157336,38.717311]],[[26.157336,38.717311],[26.157367,38.717312],[26.157339,38.717306]],[[26.157339,38.717306],[25.887945,38.663523]],[[25.887945,38.663523],[25.753004,38.636582]],[[25.753004,38.636582],[25.366964,38.55951]]]},"properties":{}},{"type":"Feature","geometry":{"type":"LineString","coordinates":[[25.366964,38.55951],[24.6863,38.0741]]},"properties":{}},{"type":"Feature","geometry":{"type":"MultiLineString","coordinates":[[[24.60973,37.987761],[24.612093,37.988022]],[[24.612093,37.988022],[24.849245,38.014229]],[[24.849245,38.014229],[25.538027,38.090345]],[[25.538027,38.090345],[25.764817,38.115406]],[[25.764817,38.115406],[25.916846,38.132207]],[[25.916846,38.132207],[26.060594,38.148092],[25.764438,38.132147]],[[25.764438,38.132147],[25.525134,38.119263]],[[25.525134,38.119263],[24.99144,38.090529]],[[24.99144,38.090529],[24.6863,38.0741]]]},"properties":{}},{"type":"Feature","geometry":{"type":"MultiLineString","coordinates":[[[26.541649,37.688895],[26.317601,37.847862]],[[26.317601,37.847862],[25.989139,38.080913]],[[25.989139,38.080913],[25.916846,38.132207]],[[25.916846,38.132207],[25.913047,38.134902]]]},"properties":{}},{"type":"Feature","geometry":{"type":"LineString","coordinates":[[26.951817,37.765535],[26.172739,38.253308]]},"properties":{}},{"type":"Feature","geometry":{"type":"MultiLineString","coordinates":[[[27.002782,36.54711],[27.002781,36.54711]],[[27.002781,36.54711],[27.002781,36.54711]],[[27.002781,36.54711],[26.649029,36.62852]],[[26.649029,36.62852],[26.478546,36.667753],[25.794122,36.739749],[25.507264,36.798352]],[[25.507264,36.798352],[25.395483,36.821188]],[[25.395483,36.821188],[25.257671,36.849342]],[[25.257671,36.849342],[25.090282,36.883539],[24.917963,36.941755],[24.636616,37.152415]],[[24.636616,37.152415],[24.522357,37.237966]],[[24.522357,37.237966],[24.295629,37.351701]],[[24.295629,37.351701],[24.19115,37.404111]],[[24.19115,37.404111],[24.114615,37.442504],[23.9657,37.5496]]]},"properties":{}},{"type":"Feature","geometry":{"type":"MultiLineString","coordinates":[[[25.371818,36.441599],[25.38695,36.524343]],[[25.38695,36.524343],[25.422786,36.720297]],[[25.422786,36.720297],[25.395483,36.821188]],[[25.395483,36.821188],[25.31357,37.123878]]]},"properties":{}},{"type":"Feature","geometry":{"type":"MultiLineString","coordinates":[[[24.522357,37.237966],[24.703498,37.192598]],[[24.703498,37.192598],[25.11698,37.089037]]]},"properties":{}},{"type":"Feature","geometry":{"type":"MultiLineString","coordinates":[[[25.11698,37.089037],[25.015863,37.330313]],[[25.015863,37.330313],[24.998582,37.371549]],[[24.998582,37.371549],[24.932525,37.529168]]]},"properties":{}},{"type":"Feature","geometry":{"type":"MultiLineString","coordinates":[[[25.11698,37.089037],[25.145718,37.292709]],[[25.145718,37.292709],[25.145718,37.292713]],[[25.145718,37.292713],[25.169278,37.459683]],[[25.169278,37.459683],[25.17197,37.478766]],[[25.17197,37.478766],[25.172635,37.483479]],[[25.172635,37.483479],[25.172641,37.483522]],[[25.172641,37.483522],[25.172657,37.483633]],[[25.172657,37.483633],[25.172658,37.483641]]]},"properties":{}},{"type":"Feature","geometry":{"type":"MultiLineString","coordinates":[[[25.172642,37.483521],[25.172641,37.483522]],[[25.172641,37.483522],[25.172462,37.48367]],[[25.172462,37.48367],[24.728654,37.851823],[24.606498,37.883974]],[[24.606498,37.883974],[24.537948,37.902017]],[[24.537948,37.902017],[24.520041,37.90673]],[[24.520041,37.90673],[24.519388,37.906902]],[[24.519388,37.906902],[24.175291,37.997468]]]},"properties":{}},{"type":"Feature","geometry":{"type":"LineString","coordinates":[[24.015107,38.026008],[24.176975,37.995213]]},"properties":{}},{"type":"Feature","geometry":{"type":"MultiLineString","coordinates":[[[24.519445,37.906921],[24.519388,37.906902]],[[24.519388,37.906902],[24.372282,37.856919]],[[24.372282,37.856919],[24.114615,37.769372],[24.083063,37.715634],[24.063647,37.621498]],[[24.063647,37.621498],[23.888901,37.615875]]]},"properties":{}},{"type":"Feature","geometry":{"type":"LineString","coordinates":[[24.063647,37.621498],[24.1578,37.5703]]},"properties":{}},{"type":"Feature","geometry":{"type":"MultiLineString","coordinates":[[[25.228623,36.706678],[24.643708,36.873832],[24.466654,37.050301]],[[24.466654,37.050301],[24.236675,37.27952]],[[24.236675,37.27952],[24.159791,37.356151]],[[24.159791,37.356151],[23.9657,37.5496]]]},"properties":{}},{"type":"Feature","geometry":{"type":"MultiLineString","coordinates":[[[22.734036,35.816779],[22.866114,35.805114]],[[22.866114,35.805114],[23.339975,35.763263]],[[23.339975,35.763263],[24.179813,35.68909]],[[24.179813,35.68909],[24.32334,35.676414],[25.006952,35.538848]],[[25.006952,35.538848],[25.2,35.5]]]},"properties":{}},{"type":"Feature","geometry":{"type":"MultiLineString","coordinates":[[[25.507159,36.798407],[25.507264,36.798352]],[[25.507264,36.798352],[26.054742,36.512579]],[[26.054742,36.512579],[26.153323,36.461121],[26.587212,36.251066]],[[26.587212,36.251066],[26.724603,36.184552]],[[26.724603,36.184552],[26.779498,36.157976],[26.918874,36.101606]],[[26.918874,36.101606],[27.051888,36.047808]],[[27.051888,36.047808],[27.336668,35.93263]],[[27.336668,35.93263],[27.341627,35.930624],[27.336645,35.932674]],[[27.336645,35.932674],[27.053315,36.049275]],[[27.053315,36.049275],[26.922809,36.102983]],[[26.922809,36.102983],[26.724603,36.184552]],[[26.724603,36.184552],[26.556827,36.253598]],[[26.556827,36.253598],[25.914565,36.517912]],[[25.914565,36.517912],[25.422786,36.720297]]]},"properties":{}},{"type":"Feature","geometry":{"type":"MultiLineString","coordinates":[[[23.985469,36.467884],[24.342178,36.482254]],[[24.342178,36.482254],[24.53513,36.490027]],[[24.53513,36.490027],[25.328394,36.521984]],[[25.328394,36.521984],[25.38695,36.524343]],[[25.38695,36.524343],[25.561127,36.53136],[25.914565,36.517912]],[[25.914565,36.517912],[26.054742,36.512579]],[[26.054742,36.512579],[26.791633,36.484541],[26.831176,36.486854]],[[26.831176,36.486854],[27.030399,36.498505]],[[27.030399,36.498505],[27.401862,36.520229]],[[27.401862,36.520229],[27.401905,36.520232],[27.405673,36.638693]]]},"properties":{}},{"type":"Feature","geometry":{"type":"MultiLineString","coordinates":[[[26.080512,39.442202],[25.953472,39.494984]],[[25.953472,39.494984],[25.764313,39.573574]],[[25.764313,39.573574],[25.732608,39.586747]],[[25.732608,39.586747],[25.700208,39.600208]],[[25.700208,39.600208],[25.321152,39.757695]],[[25.321152,39.757695],[25.320877,39.757809]],[[25.320877,39.757809],[25.041733,39.873786]],[[25.041733,39.873786],[25.0417,39.8738]]]},"properties":{}},{"type":"Feature","geometry":{"type":"MultiLineString","coordinates":[[[26.2,40.1],[25.636365,40.074552]],[[25.636365,40.074552],[25.258921,40.232037]],[[25.258921,40.232037],[25.037865,40.32427]],[[25.037865,40.32427],[24.587853,40.512033]],[[24.587853,40.512033],[24.553908,40.526196]]]},"properties":{}},{"type":"Feature","geometry":{"type":"MultiLineString","coordinates":[[[25.636365,40.074552],[25.18931,40.02138]],[[25.18931,40.02138],[25.012617,40.000364]]]},"properties":{}},{"type":"Feature","geometry":{"type":"MultiLineString","coordinates":[[[25.321548,39.757796],[25.321097,39.757805]],[[25.321097,39.757805],[25.320877,39.757809]],[[25.320877,39.757809],[25.014778,39.763947]],[[25.014778,39.763947],[24.748071,39.769294],[24.502965,39.7951]],[[24.502965,39.7951],[23.384156,39.912896]],[[23.384156,39.912896],[23.384154,39.912896]],[[23.384154,39.912896],[23.384078,39.912926]]]},"properties":{}},{"type":"Feature","geometry":{"type":"LineString","coordinates":[[23.274861,40.223892],[22.871974,40.252748]]},"properties":{}},{"type":"Feature","geometry":{"type":"MultiLineString","coordinates":[[[26.3941,35.3719],[27.491132,35.033771]],[[27.491132,35.033771],[27.853162,34.922185]],[[27.853162,34.922185],[28.702555,34.660384]],[[28.702555,34.660384],[28.964326,34.5797]],[[28.964326,34.5797],[30.09087,34.232475]],[[30.09087,34.232475],[30.0927,34.231911]],[[30.0927,34.231911],[30.65183,34.059575],[31.021853,33.944429]],[[31.021853,33.944429],[31.324362,33.850293]],[[31.324362,33.850293],[33.0651,33.3086]]]},"properties":{}},{"type":"Feature","geometry":{"type":"MultiLineString","coordinates":[[[29.7436,35.2448],[28.771784,35.526983]],[[28.771784,35.526983],[27.592554,35.869391]]]},"properties":{}},{"type":"Feature","geometry":{"type":"MultiLineString","coordinates":[[[33.887066,36.300894],[33.806958,36.158648]],[[33.806958,36.158648],[33.713101,35.991989]],[[33.713101,35.991989],[33.619548,35.82587]],[[33.619548,35.82587],[33.617867,35.822884]],[[33.617867,35.822884],[33.350692,35.348469]]]},"properties":{}},{"type":"Feature","geometry":{"type":"LineString","coordinates":[[33.868863,36.203034],[33.887066,36.300894]]},"properties":{}},{"type":"Feature","geometry":{"type":"MultiLineString","coordinates":[[[34.662503,36.755307],[34.317888,36.385728]],[[34.317888,36.385728],[34.041871,36.089717]],[[34.041871,36.089717],[34.030401,36.077416]],[[34.030401,36.077416],[33.801905,35.832368]],[[33.801905,35.832368],[33.799329,35.829605]],[[33.799329,35.829605],[33.350692,35.348469]]]},"properties":{}},{"type":"Feature","geometry":{"type":"MultiLineString","coordinates":[[[35.72433,35.532362],[35.592151,35.533314]],[[35.592151,35.533314],[35.59023,35.533328]],[[35.59023,35.533328],[35.450076,35.534337],[35.063335,35.60289]],[[35.063335,35.60289],[34.84247,35.64204]],[[34.84247,35.64204],[34.681919,35.670499]]]},"properties":{}},{"type":"Feature","geometry":{"type":"MultiLineString","coordinates":[[[35.833547,34.913774],[35.55462,34.891271]],[[35.55462,34.891271],[35.399638,34.878768]],[[35.399638,34.878768],[35.3894,34.877942]]]},"properties":{}},{"type":"Feature","geometry":{"type":"MultiLineString","coordinates":[[[35.3894,34.877942],[35.293398,34.856419]],[[35.293398,34.856419],[34.980801,34.786335]],[[34.980801,34.786335],[34.680902,34.719098]],[[34.680902,34.719098],[33.870143,34.537328]],[[33.870143,34.537328],[33.791868,34.519779]],[[33.791868,34.519779],[33.784047,34.518026],[33.778087,34.508205]],[[33.778087,34.508205],[33.723361,34.418037]],[[33.723361,34.418037],[33.6604,34.3143]]]},"properties":{}},{"type":"Feature","geometry":{"type":"LineString","coordinates":[[33.055807,34.642661],[33.040031,34.50677]]},"properties":{}},{"type":"Feature","geometry":{"type":"LineString","coordinates":[[32.387159,31.298117],[32.1,31.7]]},"properties":{}},{"type":"Feature","geometry":{"type":"LineString","coordinates":[[32.387159,31.298117],[32.390763,31.727717]]},"properties":{}},{"type":"Feature","geometry":{"type":"MultiLineString","coordinates":[[[30.087873,34.234593],[29.495846,34.622457]],[[29.495846,34.622457],[28.358277,35.367731]],[[28.358277,35.367731],[27.592554,35.869391]]]},"properties":{}},{"type":"Feature","geometry":{"type":"MultiLineString","coordinates":[[[29.7545,31.2025],[29.265354,31.809405]],[[29.265354,31.809405],[28.595708,32.640266]],[[28.595708,32.640266],[28.212434,33.115811]],[[28.212434,33.115811],[28.073668,33.287984]],[[28.073668,33.287984],[27.568268,33.915057]],[[27.568268,33.915057],[27.297549,34.25095]],[[27.297549,34.25095],[26.932634,34.703717]],[[26.932634,34.703717],[26.861926,34.791448]],[[26.861926,34.791448],[26.3941,35.3719]]]},"properties":{}},{"type":"Feature","geometry":{"type":"LineString","coordinates":[[29.7545,31.2025],[25.75,32.2]]},"properties":{}},{"type":"Feature","geometry":{"type":"MultiLineString","coordinates":[[[24.10612,32.070528],[23.824796,32.764727]],[[23.824796,32.764727],[23.431919,33.734193]],[[23.431919,33.734193],[23.299325,34.061383]],[[23.299325,34.061383],[23,34.8]]]},"properties":{}},{"type":"Feature","geometry":{"type":"MultiLineString","coordinates":[[[24.10612,32.070528],[24.464304,32.577138]],[[24.464304,32.577138],[25.1606,33.561968]],[[25.1606,33.561968],[25.478721,34.011915]],[[25.478721,34.011915],[25.784366,34.444213]],[[25.784366,34.444213],[25.784379,34.444232]]]},"properties":{}},{"type":"Feature","geometry":{"type":"LineString","coordinates":[[20.028704,30.903265],[19.2928,31.2284]]},"properties":{}},{"type":"Feature","geometry":{"type":"MultiLineString","coordinates":[[[2.5,41.3],[3.550617,41.601772]],[[3.550617,41.601772],[4.977331,42.011571]],[[4.977331,42.011571],[4.99156,42.015658]],[[4.99156,42.015658],[5.021249,42.024186]],[[5.021249,42.024186],[5.32205,42.110586]],[[5.32205,42.110586],[5.626545,42.198046]],[[5.626545,42.198046],[6.656168,42.493788]],[[6.656168,42.493788],[6.763779,42.524698]],[[6.763779,42.524698],[7.493704,42.734356]],[[7.493704,42.734356],[7.605277,42.766403]],[[7.605277,42.766403],[7.831414,42.831357]],[[7.831414,42.831357],[8.037334,42.890504]],[[8.037334,42.890504],[8.576521,43.045377]],[[8.576521,43.045377],[8.577779,43.045738]]]},"properties":{}},{"type":"Feature","geometry":{"type":"MultiLineString","coordinates":[[[4.57561,39.707486],[4.586432,39.769556]],[[4.586432,39.769556],[4.644947,40.105169]],[[4.644947,40.105169],[4.661772,40.201671]],[[4.661772,40.201671],[4.738908,40.644085]],[[4.738908,40.644085],[4.853005,41.298495]],[[4.853005,41.298495],[4.975923,42.003496]],[[4.975923,42.003496],[4.977331,42.011571]],[[4.977331,42.011571],[4.978399,42.017695],[5.013369,42.377158]],[[5.013369,42.377158],[5.013527,42.378784]],[[5.013527,42.378784],[5.013733,42.3809]]]},"properties":{}},{"type":"Feature","geometry":{"type":"MultiLineString","coordinates":[[[-1.9,43.9],[-2.893913,45.214531]],[[-2.893913,45.214531],[-3.197176,45.61562]],[[-3.197176,45.61562],[-3.640454,46.20189]],[[-3.640454,46.20189],[-3.829276,46.451623]],[[-3.829276,46.451623],[-5,48]]]},"properties":{}},{"type":"Feature","geometry":{"type":"MultiLineString","coordinates":[[[-1.7,46.1],[-3.197176,45.61562]],[[-3.197176,45.61562],[-3.885541,45.392913]],[[-3.885541,45.392913],[-4.363656,45.238229]],[[-4.363656,45.238229],[-5.754793,44.788155]],[[-5.754793,44.788155],[-7.218795,44.314507]],[[-7.218795,44.314507],[-8.5,43.9]]]},"properties":{}},{"type":"Feature","geometry":{"type":"MultiLineString","coordinates":[[[-1.946873,43.364983],[-1.929526,43.562982]],[[-1.929526,43.562982],[-1.9,43.9]]]},"properties":{}},{"type":"Feature","geometry":{"type":"MultiLineString","coordinates":[[[-1.5561,43.5659],[-1.929526,43.562982]],[[-1.929526,43.562982],[-3.078528,43.554005]],[[-3.078528,43.554005],[-3.803553,43.54834]]]},"properties":{}},{"type":"Feature","geometry":{"type":"LineString","coordinates":[[-5.592277,43.583379],[-3.803553,43.54834]]},"properties":{}},{"type":"Feature","geometry":{"type":"MultiLineString","coordinates":[[[-7.436823,43.762436],[-7.348819,43.985273]],[[-7.348819,43.985273],[-7.26845,44.188777]],[[-7.26845,44.188777],[-7.218795,44.314507]],[[-7.218795,44.314507],[-7.125337,44.551156]],[[-7.125337,44.551156],[-6.980618,44.9176]],[[-6.980618,44.9176],[-5.5,48.6667]]]},"properties":{}},{"type":"Feature","geometry":{"type":"MultiLineString","coordinates":[[[-5.952064,49.835483],[-5.979701,49.782237]],[[-5.979701,49.782237],[-6.196961,49.363661]],[[-6.196961,49.363661],[-6.510489,48.759616]],[[-6.510489,48.759616],[-6.61351,48.561136]],[[-6.61351,48.561136],[-6.791122,48.218947]],[[-6.791122,48.218947],[-6.921259,47.968223]],[[-6.921259,47.968223],[-7.66278,46.539604]],[[-7.66278,46.539604],[-7.987368,45.91425]],[[-7.987368,45.91425],[-8.49576,44.934776]],[[-8.49576,44.934776],[-9.019938,43.924891]],[[-9.019938,43.924891],[-9.142206,43.689329]],[[-9.142206,43.689329],[-9.14264,43.688493]],[[-9.14264,43.688493],[-9.143299,43.687223]],[[-9.143299,43.687223],[-9.5,43]]]},"properties":{}},{"type":"Feature","geometry":{"type":"MultiLineString","coordinates":[[[-8.5,43.9],[-9.14264,43.688493]],[[-9.14264,43.688493],[-9.144923,43.687742]],[[-9.144923,43.687742],[-9.486237,43.575407]],[[-9.486237,43.575407],[-10.047609,43.390647]],[[-10.047609,43.390647],[-10.071657,43.382732]],[[-10.071657,43.382732],[-10.081664,43.379439]],[[-10.081664,43.379439],[-10.087631,43.377475]],[[-10.087631,43.377475],[-10.089011,43.377021]]]},"properties":{}},{"type":"Feature","geometry":{"type":"MultiLineString","coordinates":[[[1.08692,49.949817],[0.63949,50.306725]],[[0.63949,50.306725],[0.496389,50.420874]],[[0.496389,50.420874],[0.39288,50.503441]],[[0.39288,50.503441],[0.301537,50.576304]],[[0.301537,50.576304],[0.218778,50.64232]],[[0.218778,50.64232],[0.09669,50.739707]]]},"properties":{}},{"type":"Feature","geometry":{"type":"MultiLineString","coordinates":[[[-1.209054,49.576699],[-0.924382,49.556281]],[[-0.924382,49.556281],[-0.758083,49.544354]],[[-0.758083,49.544354],[-0.345019,49.514728]],[[-0.345019,49.514728],[-0.343735,49.514636]],[[-0.343735,49.514636],[-0.343713,49.514634]],[[-0.343713,49.514634],[-0.343651,49.51463]],[[-0.343651,49.51463],[-0.109,49.4978]]]},"properties":{}},{"type":"Feature","geometry":{"type":"MultiLineString","coordinates":[[[-0.247949,49.324247],[-0.344772,49.514244]],[[-0.344772,49.514244],[-0.344881,49.514456]],[[-0.344881,49.514456],[-0.345019,49.514728]],[[-0.345019,49.514728],[-0.390945,49.604849]],[[-0.390945,49.604849],[-0.552357,49.921588]],[[-0.552357,49.921588],[-0.553245,49.92333]],[[-0.553245,49.92333],[-0.671539,50.155459]],[[-0.671539,50.155459],[-0.692571,50.19673]],[[-0.692571,50.19673],[-0.764313,50.33751]],[[-0.764313,50.33751],[-0.76446,50.337798]],[[-0.76446,50.337798],[-0.929753,50.662153]],[[-0.929753,50.662153],[-0.964834,50.730993]],[[-0.964834,50.730993],[-0.964939,50.7312]],[[-0.964939,50.7312],[-1,50.8]]]},"properties":{}},{"type":"Feature","geometry":{"type":"MultiLineString","coordinates":[[[-1,50.8],[-1.025331,50.740592]],[[-1.025331,50.740592],[-1.059792,50.65977]],[[-1.059792,50.65977],[-1.577583,50.216317]],[[-1.577583,50.216317],[-1.674061,50.13369]],[[-1.674061,50.13369],[-1.728893,50.08673]],[[-1.728893,50.08673],[-1.830445,49.999758]],[[-1.830445,49.999758],[-1.852691,49.980705]],[[-1.852691,49.980705],[-1.9767,49.8745]]]},"properties":{}},{"type":"Feature","geometry":{"type":"LineString","coordinates":[[-4.145765,50.307669],[-3.717394,50.162517]]},"properties":{}},{"type":"Feature","geometry":{"type":"MultiLineString","coordinates":[[[-6.979327,52.121838],[-6.843006,51.911162]],[[-6.843006,51.911162],[-6.132679,50.813392]],[[-6.132679,50.813392],[-6.11285,50.782747]],[[-6.11285,50.782747],[-5.8714,50.4096]]]},"properties":{}},{"type":"Feature","geometry":{"type":"MultiLineString","coordinates":[[[-8.945224,52.668321],[-9.090846,52.635929],[-9.314133,52.578447],[-9.374809,52.600564],[-9.542274,52.584346],[-9.666053,52.585821],[-9.740589,52.552651]],[[-9.740589,52.552651],[-10.472911,52.226752]],[[-10.472911,52.226752],[-10.476288,52.225249]],[[-10.476288,52.225249],[-10.491245,52.218593],[-10.476276,52.225282]]]},"properties":{}},{"type":"Feature","geometry":{"type":"MultiLineString","coordinates":[[[-9.726729,52.553368],[-9.740589,52.552651]],[[-9.740589,52.552651],[-9.95487,52.541561],[-9.990333,52.607883]],[[-9.990333,52.607883],[-10.2,53]]]},"properties":{}},{"type":"Feature","geometry":{"type":"MultiLineString","coordinates":[[[-6.331309,52.260207],[-5.781725,52.16867]],[[-5.781725,52.16867],[-5.440366,52.111814]],[[-5.440366,52.111814],[-4.97217,52.033832]],[[-4.97217,52.033832],[-4.967316,52.018898]]]},"properties":{}},{"type":"Feature","geometry":{"type":"LineString","coordinates":[[-5.129927,51.690603],[-5.8714,50.4096]]},"properties":{}},{"type":"Feature","geometry":{"type":"MultiLineString","coordinates":[[[-3.586334,54.665187],[-4.10918,54.642619]],[[-4.10918,54.642619],[-5.002755,54.604048]],[[-5.002755,54.604048],[-5.018284,54.603378]]]},"properties":{}},{"type":"Feature","geometry":{"type":"MultiLineString","coordinates":[[[-0.762136,50.338145],[-0.76446,50.337798]],[[-0.76446,50.337798],[-1.251907,50.264973]],[[-1.251907,50.264973],[-1.577583,50.216317]],[[-1.577583,50.216317],[-1.755087,50.189798]],[[-1.755087,50.189798],[-2.100162,50.138244]],[[-2.100162,50.138244],[-2.270882,50.112738],[-2.624015,50.023556]],[[-2.624015,50.023556],[-2.93586,49.944802]],[[-2.93586,49.944802],[-3.278101,49.858371],[-3.988896,49.583944]],[[-3.988896,49.583944],[-4.044821,49.562352]],[[-4.044821,49.562352],[-4.491617,49.389851],[-4.690354,49.313605]],[[-4.690354,49.313605],[-5.236329,49.104141]],[[-5.236329,49.104141],[-5.566244,48.977568]],[[-5.566244,48.977568],[-5.74304,48.90974]],[[-5.74304,48.90974],[-5.782799,48.894486],[-5.952971,48.708351]],[[-5.952971,48.708351],[-6.01094,48.644945],[-6.031935,48.616271]],[[-6.031935,48.616271],[-6.125011,48.489156],[-6.167223,48.435311]],[[-6.167223,48.435311],[-6.29031,48.278303]],[[-6.29031,48.278303],[-6.60071,47.882361],[-7.66278,46.539604]],[[-7.66278,46.539604],[-8.21226,45.844905],[-10.062171,43.411995],[-10.0729,43.4198]]]},"properties":{}},{"type":"Feature","geometry":{"type":"MultiLineString","coordinates":[[[-9.770416,42.914272],[-9.769794,42.93064]],[[-9.769794,42.93064],[-9.760707,43.169699],[-9.753278,43.18068]],[[-9.753278,43.18068],[-9.486237,43.575407]],[[-9.486237,43.575407],[-9.362674,43.758053]],[[-9.362674,43.758053],[-8.49576,44.934776]],[[-8.49576,44.934776],[-7.954994,45.668797],[-6.698867,47.340067]],[[-6.698867,47.340067],[-5.925994,48.368372],[-5.797466,48.520511]],[[-5.797466,48.520511],[-5.746051,48.581371]],[[-5.746051,48.581371],[-5.68911,48.648772]],[[-5.68911,48.648772],[-5.661424,48.681543]],[[-5.661424,48.681543],[-5.594299,48.760999]],[[-5.594299,48.760999],[-5.557085,48.80505],[-5.531544,48.814729]],[[-5.531544,48.814729],[-5.15354,48.957978]],[[-5.15354,48.957978],[-4.514653,49.200092]],[[-4.514653,49.200092],[-4.46492,49.218939],[-4.021109,49.387276]],[[-4.021109,49.387276],[-3.714516,49.503567]],[[-3.714516,49.503567],[-2.85337,49.830199]],[[-2.85337,49.830199],[-2.510754,49.886991]],[[-2.510754,49.886991],[-2.213026,49.936342]],[[-2.213026,49.936342],[-2.179347,49.941924]],[[-2.179347,49.941924],[-1.922118,49.984562]],[[-1.922118,49.984562],[-1.830445,49.999758]],[[-1.830445,49.999758],[-1.711788,50.019426]],[[-1.711788,50.019426],[-1.368069,50.076401]],[[-1.368069,50.076401],[-1.270944,50.0925],[-0.692571,50.19673]],[[-0.692571,50.19673],[-0.564242,50.219856]],[[-0.564242,50.219856],[-0.364394,50.255871]],[[-0.364394,50.255871],[-0.340268,50.260219]],[[-0.340268,50.260219],[-0.337914,50.260643]],[[-0.337914,50.260643],[0.29692,50.375048],[0.496389,50.420874]],[[0.496389,50.420874],[1.117257,50.563512]],[[1.117257,50.563512],[1.396366,50.760438]],[[1.396366,50.760438],[1.441366,50.849032]],[[1.441366,50.849032],[1.498302,50.961124]]]},"properties":{}},{"type":"Feature","geometry":{"type":"MultiLineString","coordinates":[[[3.9,52],[3.327388,52.241911]],[[3.327388,52.241911],[3.32465,52.243068]],[[3.32465,52.243068],[3.028876,52.368023]],[[3.028876,52.368023],[2.1349,52.7457]]]},"properties":{}},{"type":"Feature","geometry":{"type":"LineString","coordinates":[[-180,-20],[-175.5,-21]]},"properties":{}},{"type":"Feature","geometry":{"type":"MultiLineString","coordinates":[[[-180,-20],[-176.570722,-23.233893]],[[-176.570722,-23.233893],[-175.8052,-23.9558]]]},"properties":{}},{"type":"Feature","geometry":{"type":"LineString","coordinates":[[-175.8904,-14.5058],[-180,-10]]},"properties":{}},{"type":"Feature","geometry":{"type":"LineString","coordinates":[[-175.8904,-14.5058],[-180,-20]]},"properties":{}},{"type":"Feature","geometry":{"type":"LineString","coordinates":[[-170,-10],[-180,-10]]},"properties":{}},{"type":"Feature","geometry":{"type":"LineString","coordinates":[[-170,-40],[-180,-40]]},"properties":{}},{"type":"Feature","geometry":{"type":"LineString","coordinates":[[-170,-50],[-180,-60]]},"properties":{}},{"type":"Feature","geometry":{"type":"LineString","coordinates":[[-180,30],[-178.5,28.5]]},"properties":{}},{"type":"Feature","geometry":{"type":"LineString","coordinates":[[-179.0164,28.0053],[-180,30]]},"properties":{}},{"type":"Feature","geometry":{"type":"MultiLineString","coordinates":[[[-170,30],[-177.480535,30]],[[-177.480535,30],[-178.682929,30]],[[-178.682929,30],[-180,30]]]},"properties":{}},{"type":"Feature","geometry":{"type":"LineString","coordinates":[[-180,50],[-176.7,51.6]]},"properties":{}},{"type":"Feature","geometry":{"type":"LineString","coordinates":[[-178,58],[-179.9085,54.6049]]},"properties":{}},{"type":"Feature","geometry":{"type":"LineString","coordinates":[[178.7,-18.4],[180,-20]]},"properties":{}},{"type":"Feature","geometry":{"type":"MultiLineString","coordinates":[[[180,-20],[178.801118,-19.342549]],[[178.801118,-19.342549],[178.255476,-19.043326]],[[178.255476,-19.043326],[177.803081,-18.795238]],[[177.803081,-18.795238],[176.9,-18.3]]]},"properties":{}},{"type":"Feature","geometry":{"type":"MultiLineString","coordinates":[[[167.586,-23.0372],[167.587376,-23.036863]],[[167.587376,-23.036863],[167.68683,-23.012531]],[[167.68683,-23.012531],[167.702748,-23.008637]],[[167.702748,-23.008637],[167.711027,-23.006611]],[[167.711027,-23.006611],[177.105028,-20.708282]],[[177.105028,-20.708282],[178.90051,-20.269]],[[178.90051,-20.269],[180,-20]]]},"properties":{}},{"type":"Feature","geometry":{"type":"LineString","coordinates":[[179.5,-37.8],[180,-40]]},"properties":{}},{"type":"Feature","geometry":{"type":"MultiLineString","coordinates":[[[180,-40],[179.582544,-40]],[[179.582544,-40],[178,-40]]]},"properties":{}},{"type":"Feature","geometry":{"type":"LineString","coordinates":[[169.5,-47],[180,-50]]},"properties":{}},{"type":"Feature","geometry":{"type":"MultiLineString","coordinates":[[[169.5,-47],[171,-46]],[[171,-46],[175.537453,-42.975031]],[[175.537453,-42.975031],[179.592731,-40.271512]],[[179.592731,-40.271512],[180,-40]]]},"properties":{}},{"type":"Feature","geometry":{"type":"LineString","coordinates":[[170,-50],[180,-60]]},"properties":{}},{"type":"Feature","geometry":{"type":"MultiLineString","coordinates":[[[144.3,-39],[149.445725,-40.852416]],[[149.445725,-40.852416],[152.868287,-42.084508]],[[152.868287,-42.084508],[155.91477,-43.181215],[156.902831,-43.468789]],[[156.902831,-43.468789],[160.002621,-44.37098]],[[160.002621,-44.37098],[165.59999,-46.000089]],[[165.59999,-46.000089],[165.600008,-46.000094]],[[165.600008,-46.000094],[165.600128,-46.00013]],[[165.600128,-46.00013],[165.60014,-46.000133]]]},"properties":{}},{"type":"Feature","geometry":{"type":"LineString","coordinates":[[136,-35.5],[118,-35.5]]},"properties":{}},{"type":"Feature","geometry":{"type":"LineString","coordinates":[[114,-29],[114.439615,-28.635507]]},"properties":{}},{"type":"Feature","geometry":{"type":"LineString","coordinates":[[116.72937,-20.622387],[116.664478,-20.18796]]},"properties":{}},{"type":"Feature","geometry":{"type":"LineString","coordinates":[[122.133933,-17.989235],[121.790933,-17.007868],[123,-16]]},"properties":{}},{"type":"Feature","geometry":{"type":"LineString","coordinates":[[128.141063,-14.985124],[128.4,-14.5]]},"properties":{}},{"type":"Feature","geometry":{"type":"LineString","coordinates":[[136.475029,-15.396654],[137,-15]]},"properties":{}},{"type":"Feature","geometry":{"type":"LineString","coordinates":[[140.720809,-17.317878],[140.6,-16.7]]},"properties":{}},{"type":"Feature","geometry":{"type":"MultiLineString","coordinates":[[[139.052162,-16.510785],[139.309287,-16.090497]],[[139.309287,-16.090497],[141.2,-13]]]},"properties":{}},{"type":"Feature","geometry":{"type":"LineString","coordinates":[[122.3,-11],[123.218553,-9.415071],[125.7,-8]]},"properties":{}},{"type":"Feature","geometry":{"type":"LineString","coordinates":[[118.6,-19.6],[122.3,-11]]},"properties":{}},{"type":"Feature","geometry":{"type":"MultiLineString","coordinates":[[[116.664478,-20.18796],[118.099519,-17.848318]],[[118.099519,-17.848318],[122.3,-11]]]},"properties":{}},{"type":"Feature","geometry":{"type":"MultiLineString","coordinates":[[[116.693918,-7.291679],[116.69392,-7.291662]],[[116.69392,-7.291662],[116.95,-5.4]]]},"properties":{}},{"type":"Feature","geometry":{"type":"LineString","coordinates":[[112.650454,-6.937744],[111.9,-5.9]]},"properties":{}},{"type":"Feature","geometry":{"type":"LineString","coordinates":[[106.8,-5.2],[110.7,-3.6]]},"properties":{}},{"type":"Feature","geometry":{"type":"LineString","coordinates":[[118.453638,-3.189385],[116.951856,-1.429535]]},"properties":{}},{"type":"Feature","geometry":{"type":"LineString","coordinates":[[115.042182,5.145274],[114.5842,6.2596]]},"properties":{}},{"type":"Feature","geometry":{"type":"MultiLineString","coordinates":[[[136.400867,-4.927756],[134.423123,-4.950402]],[[134.423123,-4.950402],[129.912593,-5.00205]],[[129.912593,-5.00205],[129.665895,-5.004875]],[[129.665895,-5.004875],[125.786819,-5.049292]],[[125.786819,-5.049292],[125.289069,-5.054992]],[[125.289069,-5.054992],[123.780514,-5.072266]],[[123.780514,-5.072266],[123.496661,-5.075516],[123.780514,-5.072265]],[[123.780514,-5.072265],[123.78177,-5.072251]]]},"properties":{}},{"type":"Feature","geometry":{"type":"LineString","coordinates":[[-0.321603,50.763429],[-0.330873,50.813243]]},"properties":{}},{"type":"Feature","geometry":{"type":"MultiLineString","coordinates":[[[-0.23817,50.778818],[-0.238262,50.77915]],[[-0.238262,50.77915],[-0.250917,50.824957],[-0.330873,50.813243]]]},"properties":{}},{"type":"Feature","geometry":{"type":"LineString","coordinates":[[-0.111863,50.802992],[-0.165167,50.720898]]},"properties":{}},{"type":"Feature","geometry":{"type":"MultiLineString","coordinates":[[[-0.964727,50.731167],[-0.964939,50.7312]],[[-0.964939,50.7312],[-1.025331,50.740592]],[[-1.025331,50.740592],[-1.101463,50.752433]],[[-1.101463,50.752433],[-1.28571,50.782482]],[[-1.28571,50.782482],[-1.384206,50.757565],[-1.544118,50.704021]],[[-1.544118,50.704021],[-1.62871,50.657029]],[[-1.62871,50.657029],[-1.921882,50.657764]],[[-1.921882,50.657764],[-1.949692,50.682734]]]},"properties":{}},{"type":"Feature","geometry":{"type":"LineString","coordinates":[[-1.921882,50.657764],[-1.544118,50.704021]]},"properties":{}},{"type":"Feature","geometry":{"type":"LineString","coordinates":[[-1.28571,50.782482],[-1.297298,50.822029],[-1.396953,50.884942]]},"properties":{}},{"type":"Feature","geometry":{"type":"LineString","coordinates":[[-1.101463,50.752433],[-1.109575,50.785412]]},"properties":{}},{"type":"Feature","geometry":{"type":"MultiLineString","coordinates":[[[-1.62871,50.657029],[-1.303092,50.571]],[[-1.303092,50.571],[-1.19069,50.590867],[-1.059792,50.65977]]]},"properties":{}},{"type":"Feature","geometry":{"type":"MultiLineString","coordinates":[[[-2.145527,49.183667],[-2.06102,49.125594]],[[-2.06102,49.125594],[-1.920862,49.029278]],[[-1.920862,49.029278],[-1.6252,48.8261]]]},"properties":{}},{"type":"Feature","geometry":{"type":"LineString","coordinates":[[-3.514049,50.327504],[-3.611387,50.204544],[-3.717394,50.162517]]},"properties":{}},{"type":"Feature","geometry":{"type":"MultiLineString","coordinates":[[[-4.145765,50.307669],[-4.37966,50.308266]],[[-4.37966,50.308266],[-4.641545,50.320845]]]},"properties":{}},{"type":"Feature","geometry":{"type":"LineString","coordinates":[[-4.37966,50.308266],[-4.446869,50.348213]]},"properties":{}},{"type":"Feature","geometry":{"type":"MultiLineString","coordinates":[[[-4.145765,50.307669],[-5.02742,49.99787]],[[-5.02742,49.99787],[-5.197674,49.938045]],[[-5.197674,49.938045],[-5.199122,49.937536]],[[-5.199122,49.937536],[-5.201237,49.936793]]]},"properties":{}},{"type":"Feature","geometry":{"type":"MultiLineString","coordinates":[[[-5.033214,50.192676],[-5.02742,50.116203]],[[-5.02742,50.116203],[-5.109693,50.09911]]]},"properties":{}},{"type":"Feature","geometry":{"type":"MultiLineString","coordinates":[[[-5.02742,50.116203],[-5.02742,49.99787]],[[-5.02742,49.99787],[-5.02742,49.996422]]]},"properties":{}},{"type":"Feature","geometry":{"type":"LineString","coordinates":[[-5.02742,50.116203],[-4.748153,50.238649],[-4.641545,50.320845]]},"properties":{}},{"type":"Feature","geometry":{"type":"LineString","coordinates":[[-5.526855,50.113231],[-5.19768,49.938047]]},"properties":{}},{"type":"Feature","geometry":{"type":"LineString","coordinates":[[-5.526855,50.113231],[-5.53149,50.037375],[-5.698355,50.007595]]},"properties":{}},{"type":"Feature","geometry":{"type":"MultiLineString","coordinates":[[[-6.282382,49.940522],[-5.783648,49.997799]],[[-5.783648,49.997799],[-5.745026,50.002235]],[[-5.745026,50.002235],[-5.703021,50.007059]],[[-5.703021,50.007059],[-5.698355,50.007595]]]},"properties":{}},{"type":"Feature","geometry":{"type":"MultiLineString","coordinates":[[[-4.780599,48.299559],[-4.899391,48.509285]],[[-4.899391,48.509285],[-5.003463,48.693021]],[[-5.003463,48.693021],[-5.06401,48.799916]],[[-5.06401,48.799916],[-5.079929,48.828019]],[[-5.079929,48.828019],[-5.15354,48.957978]],[[-5.15354,48.957978],[-5.236329,49.104141]],[[-5.236329,49.104141],[-5.630965,49.800862]],[[-5.630965,49.800862],[-5.672084,49.873457]],[[-5.672084,49.873457],[-5.745026,50.002235]],[[-5.745026,50.002235],[-5.781787,50.067136]]]},"properties":{}},{"type":"Feature","geometry":{"type":"MultiLineString","coordinates":[[[-3.436411,47.685381],[-4.328674,47.769563],[-4.785234,48.038342]],[[-4.785234,48.038342],[-4.780599,48.299559]]]},"properties":{}},{"type":"Feature","geometry":{"type":"LineString","coordinates":[[-4.785234,48.038342],[-5.5,48.6667]]},"properties":{}},{"type":"Feature","geometry":{"type":"LineString","coordinates":[[-4.342579,48.140514],[-4.782917,48.12814],[-4.785234,48.038342]]},"properties":{}},{"type":"Feature","geometry":{"type":"LineString","coordinates":[[-4.351849,48.31035],[-4.509444,48.325761],[-4.54189,48.34733],[-4.780599,48.299559]]},"properties":{}},{"type":"Feature","geometry":{"type":"MultiLineString","coordinates":[[[-2.613675,47.043358],[-2.648099,47.026601]],[[-2.648099,47.026601],[-3.113991,46.799812]],[[-3.113991,46.799812],[-3.829276,46.451623]],[[-3.829276,46.451623],[-4.295678,46.224586]],[[-4.295678,46.224586],[-4.635715,46.059061]],[[-4.635715,46.059061],[-5.705514,45.5383]],[[-5.705514,45.5383],[-6.980618,44.9176]],[[-6.980618,44.9176],[-8.247768,44.300771]],[[-8.247768,44.300771],[-9.019938,43.924891]],[[-9.019938,43.924891],[-9.362674,43.758053]]]},"properties":{}},{"type":"Feature","geometry":{"type":"MultiLineString","coordinates":[[[-5.116646,48.338087],[-4.899391,48.509285]],[[-4.899391,48.509285],[-4.635729,48.717052]],[[-4.635729,48.717052],[-4.635033,48.717601]],[[-4.635033,48.717601],[-4.463092,48.853091],[-4.212755,49.005047]],[[-4.212755,49.005047],[-4.030414,49.115729]],[[-4.030414,49.115729],[-3.987832,49.141576]],[[-3.987832,49.141576],[-3.513166,49.4297]],[[-3.513166,49.4297],[-3.496441,49.439852]],[[-3.496441,49.439852],[-2.85337,49.830199]]]},"properties":{}},{"type":"Feature","geometry":{"type":"MultiLineString","coordinates":[[[-6.331309,52.260207],[-6.274194,52.030384]],[[-6.274194,52.030384],[-6.022929,51.019331]],[[-6.022929,51.019331],[-6.016628,50.993975]],[[-6.016628,50.993975],[-5.8714,50.4096]]]},"properties":{}},{"type":"Feature","geometry":{"type":"MultiLineString","coordinates":[[[-6.599888,55.815946],[-6.599507,55.823045]],[[-6.599507,55.823045],[-6.580727,56.173018]],[[-6.580727,56.173018],[-6.567442,56.420585],[-6.38018,56.622089]],[[-6.38018,56.622089],[-6.2943,56.7145]]]},"properties":{}},{"type":"Feature","geometry":{"type":"MultiLineString","coordinates":[[[-5.6681,56.3175],[-5.80623,56.275973]],[[-5.80623,56.275973],[-6.215172,56.153029],[-6.443142,55.980398]],[[-6.443142,55.980398],[-6.488645,55.945941],[-6.595842,55.820674]],[[-6.595842,55.820674],[-6.599888,55.815946]]]},"properties":{}},{"type":"Feature","geometry":{"type":"MultiLineString","coordinates":[[[-5.848997,55.294238],[-5.854566,55.309107]],[[-5.854566,55.309107],[-5.974526,55.629377]],[[-5.974526,55.629377],[-6.029767,55.776862],[-6.096976,55.831568],[-6.113199,55.886197]],[[-6.113199,55.886197],[-6.041355,55.993929],[-5.6681,56.3175]]]},"properties":{}},{"type":"Feature","geometry":{"type":"MultiLineString","coordinates":[[[-6.175773,56.069034],[-5.80623,56.275973]],[[-5.80623,56.275973],[-5.791058,56.284469]]]},"properties":{}},{"type":"Feature","geometry":{"type":"LineString","coordinates":[[-6.175773,56.069034],[-6.113199,55.886197]]},"properties":{}},{"type":"Feature","geometry":{"type":"LineString","coordinates":[[-6.175773,56.069034],[-6.185333,56.06871]]},"properties":{}},{"type":"Feature","geometry":{"type":"MultiLineString","coordinates":[[[-6.046569,56.369759],[-6.197211,56.349217],[-6.310772,56.439007]],[[-6.310772,56.439007],[-6.33726,56.512126]],[[-6.33726,56.512126],[-6.347853,56.541365],[-6.317724,56.628153]],[[-6.317724,56.628153],[-6.150954,56.664346]],[[-6.150954,56.664346],[-6.141589,56.666378]]]},"properties":{}},{"type":"Feature","geometry":{"type":"MultiLineString","coordinates":[[[-6.2943,56.7145],[-6.317724,56.628153]],[[-6.317724,56.628153],[-6.38018,56.622089]],[[-6.38018,56.622089],[-6.514717,56.609026]]]},"properties":{}},{"type":"Feature","geometry":{"type":"LineString","coordinates":[[-6.514717,56.609026],[-6.751689,56.502694],[-6.79804,56.513244]]},"properties":{}},{"type":"Feature","geometry":{"type":"LineString","coordinates":[[-6.310772,56.439007],[-6.152018,56.4579]]},"properties":{}},{"type":"Feature","geometry":{"type":"MultiLineString","coordinates":[[[-6.339741,56.512285],[-6.33726,56.512126]],[[-6.33726,56.512126],[-6.220387,56.504612],[-6.193735,56.496937],[-6.152018,56.4579]]]},"properties":{}},{"type":"Feature","geometry":{"type":"LineString","coordinates":[[8.25,53.9],[8.536713,53.55888]]},"properties":{}},{"type":"Feature","geometry":{"type":"LineString","coordinates":[[8.25,53.9],[8.745294,53.909831],[9.041942,53.874321],[9.227347,53.877053],[9.336273,53.840148],[9.39653,53.775829],[9.496185,53.710038],[9.535584,53.633153],[9.632921,53.583652],[9.751117,53.55475],[9.927252,53.545112]]},"properties":{}},{"type":"Feature","geometry":{"type":"LineString","coordinates":[[5.3182,52.7274],[5.642073,52.824362]]},"properties":{}},{"type":"Feature","geometry":{"type":"LineString","coordinates":[[5.642073,52.824362],[5.324567,52.82016]]},"properties":{}},{"type":"Feature","geometry":{"type":"MultiLineString","coordinates":[[[4.531959,52.470023],[4.311101,52.513449]],[[4.311101,52.513449],[4.311059,52.513458]],[[4.311059,52.513458],[4.308389,52.513982]],[[4.308389,52.513982],[4.3083,52.514]]]},"properties":{}},{"type":"Feature","geometry":{"type":"LineString","coordinates":[[4.429986,51.71539],[4.209818,51.771355],[4.135656,51.814358],[4.047588,51.835844],[3.996602,51.85732],[3.9,52]]},"properties":{}},{"type":"Feature","geometry":{"type":"MultiLineString","coordinates":[[[1.566259,50.740475],[1.286919,50.27971]],[[1.286919,50.27971],[1.270598,50.252789]],[[1.270598,50.252789],[1.194357,50.127031]],[[1.194357,50.127031],[1.08692,49.949817]]]},"properties":{}},{"type":"Feature","geometry":{"type":"LineString","coordinates":[[0.1107,49.4228],[0.267638,49.434681]]},"properties":{}},{"type":"Feature","geometry":{"type":"MultiLineString","coordinates":[[[0.059058,49.375868],[-0.149175,49.447619]],[[-0.149175,49.447619],[-0.343651,49.51463]],[[-0.343651,49.51463],[-0.343689,49.514643]]]},"properties":{}},{"type":"Feature","geometry":{"type":"MultiLineString","coordinates":[[[-0.247949,49.324247],[-0.149175,49.447619]],[[-0.149175,49.447619],[-0.109,49.4978]]]},"properties":{}},{"type":"Feature","geometry":{"type":"MultiLineString","coordinates":[[[0.371929,49.763637],[0.3404,49.779448]],[[0.3404,49.779448],[0.1,49.9]]]},"properties":{}},{"type":"Feature","geometry":{"type":"MultiLineString","coordinates":[[[1.08692,49.949817],[0.372734,50.105616]],[[0.372734,50.105616],[-0.337914,50.260643]],[[-0.337914,50.260643],[-0.338422,50.260754]]]},"properties":{}},{"type":"Feature","geometry":{"type":"MultiLineString","coordinates":[[[1.366165,50.071041],[1.194357,50.127031]],[[1.194357,50.127031],[0.640538,50.307515]],[[0.640538,50.307515],[1.270598,50.252789]],[[1.270598,50.252789],[1.567793,50.226975]]]},"properties":{}},{"type":"Feature","geometry":{"type":"MultiLineString","coordinates":[[[1.567793,50.226975],[1.286919,50.27971]],[[1.286919,50.27971],[1.27578,50.281801]]]},"properties":{}},{"type":"Feature","geometry":{"type":"LineString","coordinates":[[-0.761361,49.360776],[-0.464712,49.378885],[-0.247949,49.324247]]},"properties":{}},{"type":"Feature","geometry":{"type":"MultiLineString","coordinates":[[[-0.761361,49.360776],[-0.826569,49.438978]],[[-0.826569,49.438978],[-0.924382,49.556281]],[[-0.924382,49.556281],[-0.925908,49.558112]]]},"properties":{}},{"type":"Feature","geometry":{"type":"LineString","coordinates":[[-1.046421,49.404529],[-1.209054,49.576699]]},"properties":{}},{"type":"Feature","geometry":{"type":"MultiLineString","coordinates":[[[-1.046421,49.404529],[-0.826569,49.438978]],[[-0.826569,49.438978],[-0.759778,49.449444]],[[-0.759778,49.449444],[-0.344881,49.514456]],[[-0.344881,49.514456],[-0.343735,49.514636]],[[-0.343735,49.514636],[-0.343689,49.514643]]]},"properties":{}},{"type":"Feature","geometry":{"type":"MultiLineString","coordinates":[[[-0.761361,49.360776],[-0.344772,49.514244]],[[-0.344772,49.514244],[-0.343713,49.514634]],[[-0.343713,49.514634],[-0.343689,49.514643]]]},"properties":{}},{"type":"Feature","geometry":{"type":"MultiLineString","coordinates":[[[-0.761361,49.360776],[-0.759778,49.449444]],[[-0.759778,49.449444],[-0.758083,49.544354]],[[-0.758083,49.544354],[-0.754538,49.742898]],[[-0.754538,49.742898],[-0.754408,49.750162]]]},"properties":{}},{"type":"Feature","geometry":{"type":"LineString","coordinates":[[-1.62165,49.66475],[-1.3,49.95]]},"properties":{}},{"type":"Feature","geometry":{"type":"MultiLineString","coordinates":[[[-0.964727,50.731167],[-0.964834,50.730993]],[[-0.964834,50.730993],[-1.251907,50.264973]],[[-1.251907,50.264973],[-1.278136,50.222393]],[[-1.278136,50.222393],[-1.368069,50.076401]],[[-1.368069,50.076401],[-1.441104,49.957839]],[[-1.441104,49.957839],[-1.456703,49.932516]],[[-1.456703,49.932516],[-1.47977,49.895072]],[[-1.47977,49.895072],[-1.62165,49.66475]]]},"properties":{}},{"type":"Feature","geometry":{"type":"MultiLineString","coordinates":[[[-1.62165,49.66475],[-1.93365,49.75639]],[[-1.93365,49.75639],[-1.988194,49.77241]],[[-1.988194,49.77241],[-2.260032,49.852254]],[[-2.260032,49.852254],[-2.346621,49.877686]],[[-2.346621,49.877686],[-2.360481,49.881757]]]},"properties":{}},{"type":"Feature","geometry":{"type":"MultiLineString","coordinates":[[[-2.360481,49.881757],[-2.510754,49.886991]],[[-2.510754,49.886991],[-2.531981,49.88773]]]},"properties":{}},{"type":"Feature","geometry":{"type":"LineString","coordinates":[[-1.209054,49.576699],[-1.194745,49.642227],[-1.255002,49.7232],[-1.350022,49.741176],[-1.493711,49.71421],[-1.62165,49.66475]]},"properties":{}},{"type":"Feature","geometry":{"type":"MultiLineString","coordinates":[[[-1.209054,49.576699],[-0.75523,49.743161]],[[-0.75523,49.743161],[-0.754529,49.743418]]]},"properties":{}},{"type":"Feature","geometry":{"type":"MultiLineString","coordinates":[[[-0.754408,49.750162],[-0.552357,49.921588]],[[-0.552357,49.921588],[-0.550422,49.923229]],[[-0.550422,49.923229],[-0.550414,49.923236]]]},"properties":{}},{"type":"Feature","geometry":{"type":"LineString","coordinates":[[-0.109,49.4978],[0.082233,49.485898]]},"properties":{}},{"type":"Feature","geometry":{"type":"LineString","coordinates":[[-2.1086,48.703],[-2.040657,48.644695]]},"properties":{}},{"type":"Feature","geometry":{"type":"MultiLineString","coordinates":[[[-2.040657,48.644695],[-2.241773,48.687016]],[[-2.241773,48.687016],[-2.647357,48.772362]],[[-2.647357,48.772362],[-2.963048,48.838793]]]},"properties":{}},{"type":"Feature","geometry":{"type":"LineString","coordinates":[[-2.833264,48.681433],[-2.963048,48.838793]]},"properties":{}},{"type":"Feature","geometry":{"type":"MultiLineString","coordinates":[[[-2.833264,48.681433],[-2.665886,48.686175]],[[-2.665886,48.686175],[-2.293272,48.696732]]]},"properties":{}},{"type":"Feature","geometry":{"type":"MultiLineString","coordinates":[[[-2.226062,48.649289],[-2.241773,48.687016]],[[-2.241773,48.687016],[-2.266456,48.746284]],[[-2.266456,48.746284],[-2.34976,48.946318]]]},"properties":{}},{"type":"Feature","geometry":{"type":"MultiLineString","coordinates":[[[-4.615472,48.624785],[-4.635729,48.717052]],[[-4.635729,48.717052],[-4.635821,48.717469]],[[-4.635821,48.717469],[-4.635825,48.717487],[-4.6794,48.7102]]]},"properties":{}},{"type":"Feature","geometry":{"type":"MultiLineString","coordinates":[[[-2.4821,49.455],[-2.538934,49.403021],[-2.8298,49.285127]],[[-2.8298,49.285127],[-3.946,48.832707]]]},"properties":{}},{"type":"Feature","geometry":{"type":"MultiLineString","coordinates":[[[-2.3118,49.1649],[-2.43115,49.192601]],[[-2.43115,49.192601],[-2.8298,49.285127]],[[-2.8298,49.285127],[-3.197043,49.370363]],[[-3.197043,49.370363],[-3.490388,49.438448]],[[-3.490388,49.438448],[-3.496441,49.439852]],[[-3.496441,49.439852],[-3.499218,49.440497]]]},"properties":{}},{"type":"Feature","geometry":{"type":"MultiLineString","coordinates":[[[-3.499218,49.440497],[-3.714516,49.503567]],[[-3.714516,49.503567],[-3.988896,49.583944]],[[-3.988896,49.583944],[-4.050177,49.601896]],[[-4.050177,49.601896],[-4.868405,49.841589]],[[-4.868405,49.841589],[-5.196944,49.937831]],[[-5.196944,49.937831],[-5.197674,49.938045]],[[-5.197674,49.938045],[-5.19768,49.938047]]]},"properties":{}},{"type":"Feature","geometry":{"type":"MultiLineString","coordinates":[[[-1.870316,49.554353],[-2.015398,49.530792]],[[-2.015398,49.530792],[-2.188345,49.502705]],[[-2.188345,49.502705],[-2.4821,49.455]]]},"properties":{}},{"type":"Feature","geometry":{"type":"LineString","coordinates":[[-1.6252,48.8261],[-1.794995,49.366813]]},"properties":{}},{"type":"Feature","geometry":{"type":"LineString","coordinates":[[-0.534239,50.792921],[-0.47235,50.709643],[-0.321603,50.763429]]},"properties":{}},{"type":"Feature","geometry":{"type":"LineString","coordinates":[[0.2645,52.9033],[0.745057,53.296512]]},"properties":{}},{"type":"Feature","geometry":{"type":"LineString","coordinates":[[0.735468,53.288701],[0.745057,53.296512]]},"properties":{}},{"type":"Feature","geometry":{"type":"MultiLineString","coordinates":[[[4.31106,52.513458],[4.311059,52.513458]],[[4.311059,52.513458],[4.307491,52.512485]],[[4.307491,52.512485],[4.307385,52.512456]],[[4.307385,52.512456],[3.333816,52.247053]],[[3.333816,52.247053],[3.324503,52.244514]]]},"properties":{}},{"type":"Feature","geometry":{"type":"MultiLineString","coordinates":[[[3.324503,52.244514],[3.32465,52.243068]],[[3.32465,52.243068],[3.324964,52.239971]],[[3.324964,52.239971],[3.348285,52.009988]],[[3.348285,52.009988],[3.354826,51.945483]],[[3.354826,51.945483],[3.379037,51.706728]],[[3.379037,51.706728],[3.4,51.5]]]},"properties":{}},{"type":"Feature","geometry":{"type":"LineString","coordinates":[[4.8,58.8],[5.329202,59.100248]]},"properties":{}},{"type":"Feature","geometry":{"type":"LineString","coordinates":[[-21.980992,64.234172],[-23.5,64.1]]},"properties":{}},{"type":"Feature","geometry":{"type":"LineString","coordinates":[[-24,66.5],[-23.056343,66.184498]]},"properties":{}},{"type":"Feature","geometry":{"type":"LineString","coordinates":[[-18.532454,66.206948],[-16.27051,66.622364],[-14.397917,66.422935],[-13.489431,65.509357],[-13,65]]},"properties":{}},{"type":"Feature","geometry":{"type":"MultiLineString","coordinates":[[[-13,65],[-10.959878,64.129561]],[[-10.959878,64.129561],[-7.181551,62.517501]],[[-7.181551,62.517501],[-6.833383,62.368951]]]},"properties":{}},{"type":"Feature","geometry":{"type":"LineString","coordinates":[[-15,64],[-15.306403,64.193845]]},"properties":{}},{"type":"Feature","geometry":{"type":"LineString","coordinates":[[-23.390072,65.020634],[-24.9,65.6]]},"properties":{}},{"type":"Feature","geometry":{"type":"MultiLineString","coordinates":[[[-6.833383,62.368951],[-6.833383,62.300083],[-6.74068,62.234295]],[[-6.74068,62.234295],[-6.631755,62.209453],[-6.541369,62.126137],[-6.715187,62.014328]],[[-6.715187,62.014328],[-6.606261,61.839827]]]},"properties":{}},{"type":"Feature","geometry":{"type":"LineString","coordinates":[[-6.715187,62.014328],[-6.844971,62.118551]]},"properties":{}},{"type":"Feature","geometry":{"type":"LineString","coordinates":[[-6.74068,62.234295],[-6.798619,62.229977]]},"properties":{}},{"type":"Feature","geometry":{"type":"LineString","coordinates":[[-6.606261,61.839827],[-6.738363,61.538673]]},"properties":{}},{"type":"Feature","geometry":{"type":"MultiLineString","coordinates":[[[-6.041575,58.085738],[-5.720463,58.67623]],[[-5.720463,58.67623],[-5.642383,58.819812]],[[-5.642383,58.819812],[-5.449796,59.173959],[-4.934047,60.243448]],[[-4.934047,60.243448],[-4.662789,60.805945]],[[-4.662789,60.805945],[-4.600009,60.93613]],[[-4.600009,60.93613],[-4.068527,62.038244],[-1.706451,63.029843]],[[-1.706451,63.029843],[-0.97702,63.336058]],[[-0.97702,63.336058],[1.984851,64.57945]],[[1.984851,64.57945],[9.670472,67.805873]],[[9.670472,67.805873],[9.680204,67.809958],[9.674205,67.806184]],[[9.674205,67.806184],[2.856321,63.516682]],[[2.856321,63.516682],[1.523381,62.678058]],[[1.523381,62.678058],[0.444522,61.999289]],[[0.444522,61.999289],[-0.347992,61.500675]],[[-0.347992,61.500675],[-1.403357,60.836687]],[[-1.403357,60.836687],[-3.906073,59.262093]],[[-3.906073,59.262093],[-4.354741,58.979811]],[[-4.354741,58.979811],[-4.799483,58.7]],[[-4.799483,58.7],[-5.729708,58.114745]]]},"properties":{}},{"type":"Feature","geometry":{"type":"LineString","coordinates":[[39.5983,65.4453],[36.377629,66.122659]]},"properties":{}},{"type":"Feature","geometry":{"type":"MultiLineString","coordinates":[[[13.790634,55.41101],[13.836081,55.240216]],[[13.836081,55.240216],[13.9,55]]]},"properties":{}},{"type":"Feature","geometry":{"type":"MultiLineString","coordinates":[[[13.790634,55.41101],[14.374661,55.229033]],[[14.374661,55.229033],[14.638863,55.096643]]]},"properties":{}},{"type":"Feature","geometry":{"type":"MultiLineString","coordinates":[[[14.638863,55.096643],[14.497184,54.962028]],[[14.497184,54.962028],[14.181554,54.662135]],[[14.181554,54.662135],[13.910847,54.404924]],[[13.910847,54.404924],[13.767459,54.268685],[13.628405,54.206381],[13.405918,54.209092]]]},"properties":{}},{"type":"Feature","geometry":{"type":"LineString","coordinates":[[11.853149,55.993443],[11.792893,55.837587]]},"properties":{}},{"type":"Feature","geometry":{"type":"LineString","coordinates":[[11.4,57.7],[11.524055,57.879429]]},"properties":{}},{"type":"Feature","geometry":{"type":"MultiLineString","coordinates":[[[9.952745,57.599859],[9.94419,57.661928]],[[9.94419,57.661928],[9.916106,57.865686]],[[9.916106,57.865686],[9.908645,57.91981]],[[9.908645,57.91981],[9.802224,58.69192]],[[9.802224,58.69192],[9.762705,58.978637]]]},"properties":{}},{"type":"Feature","geometry":{"type":"MultiLineString","coordinates":[[[10.7,59.1],[10.601664,59.292512],[10.569218,59.427162]],[[10.569218,59.427162],[10.629475,59.561277],[10.62484,59.664441],[10.546042,59.80694]]]},"properties":{}},{"type":"Feature","geometry":{"type":"LineString","coordinates":[[10.404671,59.522509],[10.569218,59.427162]]},"properties":{}},{"type":"Feature","geometry":{"type":"MultiLineString","coordinates":[[[9.762705,58.978637],[9.890171,58.926045],[10.059925,58.937471]],[[10.059925,58.937471],[10.103387,58.940396],[10.497681,59.008579]],[[10.497681,59.008579],[10.497685,59.00858]]]},"properties":{}},{"type":"Feature","geometry":{"type":"MultiLineString","coordinates":[[[9.762705,58.978637],[9.94527,58.756941]],[[9.94527,58.756941],[10.036575,58.646064]],[[10.036575,58.646064],[10.503596,58.07894]],[[10.503596,58.07894],[10.7333,57.8]]]},"properties":{}},{"type":"Feature","geometry":{"type":"MultiLineString","coordinates":[[[9.762705,58.978637],[10.009312,58.786051]],[[10.009312,58.786051],[10.045526,58.75777]],[[10.045526,58.75777],[10.722305,58.229243]],[[10.722305,58.229243],[10.80987,58.160859]],[[10.80987,58.160859],[11.4,57.7]]]},"properties":{}},{"type":"Feature","geometry":{"type":"MultiLineString","coordinates":[[[11.4,57.7],[11.116467,58.242864]],[[11.116467,58.242864],[10.733681,58.975764]],[[10.733681,58.975764],[10.70164,59.03711]]]},"properties":{}},{"type":"Feature","geometry":{"type":"LineString","coordinates":[[8.05,57.95],[8.052342,58.099327]]},"properties":{}},{"type":"Feature","geometry":{"type":"LineString","coordinates":[[5.211006,60.181289],[4.944486,60.14093],[4.2,60.2]]},"properties":{}},{"type":"Feature","geometry":{"type":"MultiLineString","coordinates":[[[6.077776,60.188203],[6.096316,60.124772],[5.669884,59.864003],[5.569516,59.788912]],[[5.569516,59.788912],[5.52673,59.756901]],[[5.52673,59.756901],[5.489114,59.728758],[5.308344,59.637508],[5.213324,59.561277],[5.192466,59.491933],[5.150749,59.416551],[5.051094,59.355179],[4.953756,59.338637],[4.58339,59.305424]],[[4.58339,59.305424],[4.571358,59.304345],[4.581717,59.309328]],[[4.581717,59.309328],[5.519242,59.760286]]]},"properties":{}},{"type":"Feature","geometry":{"type":"MultiLineString","coordinates":[[[5.329202,59.100248],[5.542418,59.147822]],[[5.542418,59.147822],[5.730141,59.277124],[5.929451,59.345727]]]},"properties":{}},{"type":"Feature","geometry":{"type":"LineString","coordinates":[[5.329202,59.100248],[5.34079,59.246325]]},"properties":{}},{"type":"Feature","geometry":{"type":"LineString","coordinates":[[5.542418,59.147822],[5.533148,59.084773],[5.600357,59.038304]]},"properties":{}},{"type":"Feature","geometry":{"type":"MultiLineString","coordinates":[[[5.519242,59.760286],[5.52673,59.756901]],[[5.52673,59.756901],[5.720871,59.669123],[5.570229,59.78712]]]},"properties":{}},{"type":"Feature","geometry":{"type":"MultiLineString","coordinates":[[[5.211006,60.181289],[5.282851,60.137468]],[[5.282851,60.137468],[5.329202,60.050807],[5.352378,59.98711],[5.516925,59.912836],[5.542418,59.857021],[5.569516,59.788912]],[[5.569516,59.788912],[5.570229,59.78712]]]},"properties":{}},{"type":"Feature","geometry":{"type":"LineString","coordinates":[[5.211006,60.181289],[5.141479,60.264159]]},"properties":{}},{"type":"Feature","geometry":{"type":"LineString","coordinates":[[5.282851,60.137468],[5.528513,60.109761],[5.70233,60.078563]]},"properties":{}},{"type":"Feature","geometry":{"type":"MultiLineString","coordinates":[[[2.214394,61.159758],[4.160202,60.91637]],[[4.160202,60.91637],[4.657108,60.854215],[5.141479,60.264159]]]},"properties":{}},{"type":"Feature","geometry":{"type":"MultiLineString","coordinates":[[[4.096257,61.73794],[4.114615,61.736927]],[[4.114615,61.736927],[4.772986,61.700606],[4.1,62]]]},"properties":{}},{"type":"Feature","geometry":{"type":"MultiLineString","coordinates":[[[6.182066,62.352824],[6.029107,62.445167],[5.389929,62.586332]],[[5.389929,62.586332],[5.380188,62.588483],[6.3,63]]]},"properties":{}},{"type":"Feature","geometry":{"type":"LineString","coordinates":[[6.84489,62.898406],[6.474079,63.058451],[6.3,63]]},"properties":{}},{"type":"Feature","geometry":{"type":"MultiLineString","coordinates":[[[7.799727,63.156988],[7.707024,63.240586],[7.378809,63.399559]],[[7.378809,63.399559],[7.354754,63.41121],[6.3,63]]]},"properties":{}},{"type":"Feature","geometry":{"type":"LineString","coordinates":[[23.60089,70.789663],[23.4,71.15]]},"properties":{}},{"type":"Feature","geometry":{"type":"LineString","coordinates":[[24.7,59.8],[24.907997,60.112071]]},"properties":{}},{"type":"Feature","geometry":{"type":"LineString","coordinates":[[-3.169891,51.22219],[-3.328851,51.184051]]},"properties":{}},{"type":"Feature","geometry":{"type":"LineString","coordinates":[[-3.169891,51.22219],[-3.055479,51.181789]]},"properties":{}},{"type":"Feature","geometry":{"type":"LineString","coordinates":[[-5.129927,51.690603],[-5.009025,51.702862]]},"properties":{}},{"type":"Feature","geometry":{"type":"LineString","coordinates":[[-6.331309,52.260207],[-6.389876,52.309035]]},"properties":{}},{"type":"Feature","geometry":{"type":"MultiLineString","coordinates":[[[-4.806092,52.785658],[-5.081903,52.783932]],[[-5.081903,52.783932],[-5.742388,52.779797]],[[-5.742388,52.779797],[-6.136358,52.777331]]]},"properties":{}},{"type":"Feature","geometry":{"type":"MultiLineString","coordinates":[[[-6.027722,52.977904],[-5.733548,52.917129]],[[-5.733548,52.917129],[-5.088613,52.78389],[-5.742388,52.779797]],[[-5.742388,52.779797],[-6.136358,52.777331]]]},"properties":{}},{"type":"Feature","geometry":{"type":"MultiLineString","coordinates":[[[-4.806092,52.785658],[-4.329113,53.12664],[-4.119099,53.234173],[-3.964322,53.295363]],[[-3.964322,53.295363],[-3.4,53.6]]]},"properties":{}},{"type":"Feature","geometry":{"type":"LineString","coordinates":[[-3.964322,53.295363],[-4.229134,53.441057],[-4.665902,53.490192],[-4.7,53.5]]},"properties":{}},{"type":"Feature","geometry":{"type":"LineString","coordinates":[[-3.172525,53.920942],[-3.4,53.6]]},"properties":{}},{"type":"Feature","geometry":{"type":"MultiLineString","coordinates":[[[-3.832678,53.940947],[-3.741136,54.210075]],[[-3.741136,54.210075],[-3.586334,54.665187]],[[-3.586334,54.665187],[-3.400306,54.935988]]]},"properties":{}},{"type":"Feature","geometry":{"type":"MultiLineString","coordinates":[[[-4.162754,54.389945],[-4.10918,54.642619]],[[-4.10918,54.642619],[-4.08813,54.741899]]]},"properties":{}},{"type":"Feature","geometry":{"type":"LineString","coordinates":[[-4.109244,54.642627],[-4.294477,54.803395],[-4.08813,54.741899]]},"properties":{}},{"type":"Feature","geometry":{"type":"LineString","coordinates":[[-5,55.9],[-4.768562,55.987575]]},"properties":{}},{"type":"Feature","geometry":{"type":"LineString","coordinates":[[-2.3,56.3],[-3.176764,56.015723],[-3.627288,56.033021]]},"properties":{}},{"type":"Feature","geometry":{"type":"LineString","coordinates":[[-2.3,56.3],[-2.809638,56.459614],[-2.936025,56.455813],[-3.199978,56.374961]]},"properties":{}},{"type":"Feature","geometry":{"type":"LineString","coordinates":[[-4.0257,57.6228],[-4.157127,57.527539],[-4.211938,57.506183]]},"properties":{}},{"type":"Feature","geometry":{"type":"LineString","coordinates":[[-1.746,57.664],[-1.775794,57.51157],[-1.4,57.3]]},"properties":{}},{"type":"Feature","geometry":{"type":"LineString","coordinates":[[-3.265106,59.335932],[-2.884654,59.189821],[-2.779331,59.113772],[-2.6414,58.9651]]},"properties":{}},{"type":"Feature","geometry":{"type":"MultiLineString","coordinates":[[[-7.669691,56.492203],[-7.791845,56.865552],[-7.633065,57.469828]],[[-7.633065,57.469828],[-7.5769,57.683575],[-7.495215,57.789847]],[[-7.495215,57.789847],[-7.104021,58.298787],[-5.723212,58.676105]],[[-5.723212,58.676105],[-5.722753,58.67623],[-5.722863,58.67612]],[[-5.722863,58.67612],[-6.251783,58.150615]],[[-6.251783,58.150615],[-6.292591,58.110069]],[[-6.292591,58.110069],[-6.633264,57.771596]],[[-6.633264,57.771596],[-6.747559,57.658038]],[[-6.747559,57.658038],[-6.761499,57.644188]],[[-6.761499,57.644188],[-7.297755,57.111393]],[[-7.297755,57.111393],[-7.471105,56.939162]]]},"properties":{}},{"type":"Feature","geometry":{"type":"LineString","coordinates":[[-7.2886,56.2687],[-7.5,55.417]]},"properties":{}},{"type":"Feature","geometry":{"type":"MultiLineString","coordinates":[[[-7.131964,55.093306],[-6.856834,55.261462]],[[-6.856834,55.261462],[-6.764553,55.460601]],[[-6.764553,55.460601],[-6.599888,55.815946]],[[-6.599888,55.815946],[-6.595846,55.820677]],[[-6.595846,55.820677],[-6.594827,55.821869]]]},"properties":{}},{"type":"Feature","geometry":{"type":"MultiLineString","coordinates":[[[-6.856834,55.261462],[-6.718126,55.232278]],[[-6.718126,55.232278],[-6.676281,55.223474]]]},"properties":{}},{"type":"Feature","geometry":{"type":"MultiLineString","coordinates":[[[-6.783753,55.203854],[-6.718126,55.232278]],[[-6.718126,55.232278],[-6.717947,55.232356]],[[-6.717947,55.232356],[-6.1,55.5]]]},"properties":{}},{"type":"Feature","geometry":{"type":"MultiLineString","coordinates":[[[-5.686931,54.713691],[-5.593188,54.821392]],[[-5.593188,54.821392],[-5.445564,54.990994]],[[-5.445564,54.990994],[-5.091264,55.398045]],[[-5.091264,55.398045],[-5.08139,55.40939]]]},"properties":{}},{"type":"Feature","geometry":{"type":"MultiLineString","coordinates":[[[-5.487915,54.727708],[-5.593188,54.821392]],[[-5.593188,54.821392],[-6.061539,55.238184],[-6.40545,55.274933],[-6.717947,55.232356]],[[-6.717947,55.232356],[-6.718269,55.232312]]]},"properties":{}},{"type":"Feature","geometry":{"type":"MultiLineString","coordinates":[[[2.377196,51.070059],[2.356699,51.178984]],[[2.356699,51.178984],[2.328554,51.328554]],[[2.328554,51.328554],[2.328327,51.32976]],[[2.328327,51.32976],[2.1,51.1]]]},"properties":{}},{"type":"Feature","geometry":{"type":"MultiLineString","coordinates":[[[1.27578,50.281801],[1.117257,50.563512]],[[1.117257,50.563512],[0.922738,50.518891]]]},"properties":{}},{"type":"Feature","geometry":{"type":"LineString","coordinates":[[-0.247949,49.324247],[0.059058,49.375868]]},"properties":{}},{"type":"Feature","geometry":{"type":"LineString","coordinates":[[-4.780599,48.299559],[-5.116646,48.338087]]},"properties":{}},{"type":"Feature","geometry":{"type":"LineString","coordinates":[[-2.613675,47.043358],[-2.276949,47.214947]]},"properties":{}},{"type":"Feature","geometry":{"type":"LineString","coordinates":[[-2.276949,47.214947],[-2.157424,47.281905],[-2.082909,47.294541]]},"properties":{}},{"type":"Feature","geometry":{"type":"LineString","coordinates":[[-1.13142,45.979157],[-1.440941,46.086598],[-1.7,46.1]]},"properties":{}},{"type":"Feature","geometry":{"type":"LineString","coordinates":[[-5.592277,43.583379],[-5.747607,43.652037]]},"properties":{}},{"type":"Feature","geometry":{"type":"LineString","coordinates":[[-5.665324,43.566728],[-5.592277,43.583379]]},"properties":{}},{"type":"Feature","geometry":{"type":"LineString","coordinates":[[-5.8,44.1],[-5.947618,43.646623]]},"properties":{}},{"type":"Feature","geometry":{"type":"MultiLineString","coordinates":[[[-5.947618,43.646623],[-7.03094,43.605132]],[[-7.03094,43.605132],[-7.436823,43.762436]],[[-7.436823,43.762436],[-8.5,43.9]]]},"properties":{}},{"type":"Feature","geometry":{"type":"LineString","coordinates":[[-7.022246,43.559574],[-7.03094,43.605132]]},"properties":{}},{"type":"Feature","geometry":{"type":"MultiLineString","coordinates":[[[-8.366464,43.438883],[-8.843063,43.591243]],[[-8.843063,43.591243],[-9.143299,43.687223]],[[-9.143299,43.687223],[-9.144923,43.687742]],[[-9.144923,43.687742],[-9.145997,43.688085],[-9.142206,43.689329]],[[-9.142206,43.689329],[-8.5,43.9]]]},"properties":{}},{"type":"Feature","geometry":{"type":"MultiLineString","coordinates":[[[-8.775427,42.387668],[-9.346233,42.269608]],[[-9.346233,42.269608],[-9.360942,42.266566],[-9.345486,42.266058]],[[-9.345486,42.266058],[-8.788267,42.247742]]]},"properties":{}},{"type":"Feature","geometry":{"type":"MultiLineString","coordinates":[[[-8.788267,42.247742],[-9.304966,42.07359]],[[-9.304966,42.07359],[-9.312221,42.071145],[-9.3,42.05]]]},"properties":{}},{"type":"Feature","geometry":{"type":"MultiLineString","coordinates":[[[-8.764828,41.067715],[-9.017953,41.022202]],[[-9.017953,41.022202],[-9.01804,41.022187]],[[-9.01804,41.022187],[-9.968519,40.851288]]]},"properties":{}},{"type":"Feature","geometry":{"type":"MultiLineString","coordinates":[[[-9.968519,40.851288],[-9.9844,40.7798]],[[-9.9844,40.7798],[-11.020148,40.443265]],[[-11.020148,40.443265],[-11.120196,40.410757]],[[-11.120196,40.410757],[-11.187656,40.388838]]]},"properties":{}},{"type":"Feature","geometry":{"type":"MultiLineString","coordinates":[[[-8.237497,36.963612],[-8.227005,36.722793]],[[-8.227005,36.722793],[-8.219465,36.549727]],[[-8.219465,36.549727],[-8.209566,36.3225]],[[-8.209566,36.3225],[-8.196204,36.015813]],[[-8.196204,36.015813],[-8.190921,35.89454]],[[-8.190921,35.89454],[-8.186153,35.785108]],[[-8.186153,35.785108],[-8.175114,35.531715]],[[-8.175114,35.531715],[-8.174699,35.522199]],[[-8.174699,35.522199],[-8.168549,35.381037]],[[-8.168549,35.381037],[-8.140997,34.74863],[-8.201492,34.847425]],[[-8.201492,34.847425],[-8.48295,35.307074]],[[-8.48295,35.307074],[-8.571778,35.452141]],[[-8.571778,35.452141],[-8.577958,35.462232]],[[-8.577958,35.462232],[-8.752204,35.746795]],[[-8.752204,35.746795],[-8.83373,35.879934]],[[-8.83373,35.879934],[-8.929005,36.035528]],[[-8.929005,36.035528],[-9.196227,36.47193]],[[-9.196227,36.47193],[-9.197848,36.474577]]]},"properties":{}},{"type":"Feature","geometry":{"type":"MultiLineString","coordinates":[[[-53.2,63.6],[-49.021496,60.448011],[-44.2,58.6]],[[-44.2,58.6],[-42.671671,57.674392]],[[-42.671671,57.674392],[-40.989017,56.65532]],[[-40.989017,56.65532],[-40.003391,56.058392]],[[-40.003391,56.058392],[-36.582627,53.986662]],[[-36.582627,53.986662],[-36.435655,53.89765]],[[-36.435655,53.89765],[-35.517479,53.341572]],[[-35.517479,53.341572],[-33.785385,52.292557]],[[-33.785385,52.292557],[-31.403702,50.850129]],[[-31.403702,50.850129],[-30.170671,50.103364]],[[-30.170671,50.103364],[-30,50]],[[-30,50],[-28.318152,48.930101]],[[-28.318152,48.930101],[-24.143012,46.274109]],[[-24.143012,46.274109],[-24.113938,46.255613]],[[-24.113938,46.255613],[-20.002183,43.639943]],[[-20.002183,43.639943],[-19.999631,43.63832]],[[-19.999631,43.63832],[-18.203629,42.495802]],[[-18.203629,42.495802],[-17.317683,41.932213]],[[-17.317683,41.932213],[-16.177345,41.206793]],[[-16.177345,41.206793],[-13.09895,39.248488]],[[-13.09895,39.248488],[-12.755481,39.029993]],[[-12.755481,39.029993],[-11.81009,38.428587]],[[-11.81009,38.428587],[-10.702671,37.724109]],[[-10.702671,37.724109],[-10.339312,37.49296]],[[-10.339312,37.49296],[-9.387409,36.887412]],[[-9.387409,36.887412],[-9.25,36.8]]]},"properties":{}},{"type":"Feature","geometry":{"type":"MultiLineString","coordinates":[[[-10.8,51.3],[-10.754063,50.707477]],[[-10.754063,50.707477],[-10.736197,50.477028]],[[-10.736197,50.477028],[-10.717387,50.234397]],[[-10.717387,50.234397],[-10.709054,50.126917]],[[-10.709054,50.126917],[-10.694975,49.945308]],[[-10.694975,49.945308],[-10.690172,49.88336]],[[-10.690172,49.88336],[-10.632436,49.138636]],[[-10.632436,49.138636],[-10.630839,49.118042]],[[-10.630839,49.118042],[-10.558668,48.187125]],[[-10.558668,48.187125],[-10.462429,46.945761]],[[-10.462429,46.945761],[-10.404053,46.192784]],[[-10.404053,46.192784],[-10.194961,43.495763]],[[-10.194961,43.495763],[-10.176425,43.256675]],[[-10.176425,43.256675],[-10.167909,43.146826]],[[-10.167909,43.146826],[-10.143696,42.834516]],[[-10.143696,42.834516],[-9.9844,40.7798]]]},"properties":{}},{"type":"Feature","geometry":{"type":"MultiLineString","coordinates":[[[142.20559,-10.581495],[148.411635,-13.866328]],[[148.411635,-13.866328],[150.19416,-14.809811]],[[150.19416,-14.809811],[152.878902,-16.230833]],[[152.878902,-16.230833],[153.643117,-16.635329]],[[153.643117,-16.635329],[156.507125,-18.151236]],[[156.507125,-18.151236],[160,-20]]]},"properties":{}},{"type":"Feature","geometry":{"type":"MultiLineString","coordinates":[[[150.1,-37.7],[155.200959,-36.699076]],[[155.200959,-36.699076],[157.632378,-36.221976]],[[157.632378,-36.221976],[160.002207,-35.756962]],[[160.002207,-35.756962],[160.400011,-35.678904]],[[160.400011,-35.678904],[165.339988,-34.709568]],[[165.339988,-34.709568],[165.740355,-34.631007]],[[165.740355,-34.631007],[165.740356,-34.631007]]]},"properties":{}},{"type":"Feature","geometry":{"type":"MultiLineString","coordinates":[[[-24,66.5],[-29.239044,63.13405]],[[-29.239044,63.13405],[-32.728814,60.891963]],[[-32.728814,60.891963],[-32.728816,60.891962]],[[-32.728816,60.891962],[-32.728816,60.891962]]]},"properties":{}},{"type":"Feature","geometry":{"type":"LineString","coordinates":[[15.6982,37.892786],[15.571908,37.844599]]},"properties":{}},{"type":"Feature","geometry":{"type":"MultiLineString","coordinates":[[[15.727668,38.366322],[14.946978,38.807879]],[[14.946978,38.807879],[14.008272,39.338809]],[[14.008272,39.338809],[13.792421,39.460894]],[[13.792421,39.460894],[13.745541,39.487409]],[[13.745541,39.487409],[13.742924,39.488889]]]},"properties":{}},{"type":"Feature","geometry":{"type":"MultiLineString","coordinates":[[[125.1,-3.7],[124.011897,-3.115501]],[[124.011897,-3.115501],[123.736604,-2.967621]],[[123.736604,-2.967621],[122.001683,-2.03567]]]},"properties":{}},{"type":"Feature","geometry":{"type":"MultiLineString","coordinates":[[[124.342303,-0.31852],[124.339323,-0.331425]],[[124.339323,-0.331425],[123.736099,-2.944108],[123.736604,-2.967621]],[[123.736604,-2.967621],[123.781743,-5.070987]],[[123.781743,-5.070987],[123.78177,-5.072251]],[[123.78177,-5.072251],[123.781943,-5.070779]],[[123.781943,-5.070779],[124.011897,-3.115501]],[[124.011897,-3.115501],[124.339324,-0.331427]]]},"properties":{}},{"type":"Feature","geometry":{"type":"MultiLineString","coordinates":[[[124.339324,-0.331427],[124.339325,-0.331425]],[[124.339325,-0.331425],[125.5,1.2]]]},"properties":{}},{"type":"Feature","geometry":{"type":"MultiLineString","coordinates":[[[125.352642,-0.486906],[125.362105,-0.489209]],[[125.362105,-0.489209],[126.335475,-0.726124]],[[126.335475,-0.726124],[127.912168,-1.109885],[128.236105,-1.331934]],[[128.236105,-1.331934],[129.090897,-1.917868],[131.4,-3]]]},"properties":{}},{"type":"Feature","geometry":{"type":"LineString","coordinates":[[121,-5.5],[120.671403,-3.314012]]},"properties":{}},{"type":"Feature","geometry":{"type":"MultiLineString","coordinates":[[[118.453638,-3.189385],[119.105494,-5.878999]],[[119.105494,-5.878999],[119.505342,-7.528806]],[[119.505342,-7.528806],[119.661064,-8.171327],[119.644225,-9.086977]]]},"properties":{}},{"type":"Feature","geometry":{"type":"MultiLineString","coordinates":[[[124.039201,-10.927583],[124.051531,-10.919753]],[[124.051531,-10.919753],[127.356482,-8.820837],[127.45,-8.3167]]]},"properties":{}},{"type":"Feature","geometry":{"type":"MultiLineString","coordinates":[[[55.286166,-20.924411],[55.181518,-19.784619]],[[55.181518,-19.784619],[54.886062,-16.566596]],[[54.886062,-16.566596],[54.683851,-14.364177]],[[54.683851,-14.364177],[54.286051,-10.031461]],[[54.286051,-10.031461],[53.91782,-6.020799]],[[53.91782,-6.020799],[53.822013,-4.977305]],[[53.822013,-4.977305],[53.656399,-3.173488]],[[53.656399,-3.173488],[53.365033,-0.000017]],[[53.365033,-0.000017],[53.18591,1.950943]],[[53.18591,1.950943],[53.07862,3.119506]],[[53.07862,3.119506],[52.3,11.6]]]},"properties":{}},{"type":"Feature","geometry":{"type":"LineString","coordinates":[[66.975702,24.817412],[66.6,24.3]]},"properties":{}},{"type":"Feature","geometry":{"type":"LineString","coordinates":[[58.566943,23.626782],[59,24]]},"properties":{}},{"type":"Feature","geometry":{"type":"MultiLineString","coordinates":[[[59,24],[61.55539,23.45698]],[[61.55539,23.45698],[64.447045,22.842503]],[[64.447045,22.842503],[65.725774,22.570773]],[[65.725774,22.570773],[67,22.3]]]},"properties":{}},{"type":"Feature","geometry":{"type":"LineString","coordinates":[[50.621796,26.141191],[51.6,26.3]]},"properties":{}},{"type":"Feature","geometry":{"type":"LineString","coordinates":[[48.154587,29.059473],[48.3,29.1]]},"properties":{}},{"type":"Feature","geometry":{"type":"MultiLineString","coordinates":[[[22.888825,39.678356],[23.055193,39.757132]],[[23.055193,39.757132],[23.17973,39.816101]],[[23.17973,39.816101],[23.384154,39.912896]]]},"properties":{}},{"type":"Feature","geometry":{"type":"MultiLineString","coordinates":[[[23.381651,39.190591],[23.843673,39.144868]],[[23.843673,39.144868],[23.863952,39.142861]]]},"properties":{}},{"type":"Feature","geometry":{"type":"MultiLineString","coordinates":[[[170,30],[164.2645,24.9325]],[[164.2645,24.9325],[160,20]]]},"properties":{}},{"type":"Feature","geometry":{"type":"LineString","coordinates":[[155.5219,58.1331],[150.9,58.7]]},"properties":{}},{"type":"Feature","geometry":{"type":"MultiLineString","coordinates":[[[150,40],[152.872916,40.061324]],[[152.872916,40.061324],[155.0004,40.1067],[160,40]]]},"properties":{}},{"type":"Feature","geometry":{"type":"MultiLineString","coordinates":[[[150,10],[148.221324,14.60072]],[[148.221324,14.60072],[147.904789,15.419467]],[[147.904789,15.419467],[147.374938,16.78998]],[[147.374938,16.78998],[146.436962,19.216148]],[[146.436962,19.216148],[146.113119,20.053799]],[[146.113119,20.053799],[144.8665,23.2783],[144.315652,24.574472]],[[144.315652,24.574472],[143.832004,25.712518]],[[143.832004,25.712518],[143.564772,26.341327]],[[143.564772,26.341327],[143.35799,26.827895]],[[143.35799,26.827895],[141.99406,30.037285]],[[141.99406,30.037285],[141.855469,30.363396],[141.285489,31.39756]],[[141.285489,31.39756],[139.616699,34.425385]],[[139.616699,34.425385],[139.3,35]]]},"properties":{}},{"type":"Feature","geometry":{"type":"LineString","coordinates":[[144.615784,13.491131],[140,10]]},"properties":{}},{"type":"Feature","geometry":{"type":"LineString","coordinates":[[144.615784,13.491131],[144.8,13.5]]},"properties":{}},{"type":"Feature","geometry":{"type":"MultiLineString","coordinates":[[[140,20],[141.468561,18.039385]],[[141.468561,18.039385],[144.152298,14.456438]],[[144.152298,14.456438],[144.4046,14.1196],[144.8,13.5]]]},"properties":{}},{"type":"Feature","geometry":{"type":"LineString","coordinates":[[144.841003,13.688688],[145.07234,13.73285]]},"properties":{}},{"type":"Feature","geometry":{"type":"MultiLineString","coordinates":[[[150,20],[147.374938,16.78998]],[[147.374938,16.78998],[147.3559,16.7667],[145.07234,13.73285]]]},"properties":{}},{"type":"Feature","geometry":{"type":"MultiLineString","coordinates":[[[128.5,26.5],[128.781876,26.282774]],[[128.781876,26.282774],[128.9456,26.1566],[132.207017,23.703454]],[[132.207017,23.703454],[132.959759,23.137263]],[[132.959759,23.137263],[133.1473,22.9962],[135.643913,21.079859]],[[135.643913,21.079859],[136.862045,20.14485]],[[136.862045,20.14485],[136.996598,20.04157]],[[136.996598,20.04157],[137.248,19.8486],[138.671098,18.741318]],[[138.671098,18.741318],[139.999633,17.707612]],[[139.999633,17.707612],[140.043023,17.673852]],[[140.043023,17.673852],[141.2706,16.7187],[144.152298,14.456438]],[[144.152298,14.456438],[144.830366,13.924124]]]},"properties":{}},{"type":"Feature","geometry":{"type":"MultiLineString","coordinates":[[[144.841003,13.688688],[144.830366,13.924124]],[[144.830366,13.924124],[145.07234,13.73285]]]},"properties":{}},{"type":"Feature","geometry":{"type":"MultiLineString","coordinates":[[[164.2645,24.9325],[159.999308,22.471521]],[[159.999308,22.471521],[159.2542,22.0416],[158.481471,21.609758]],[[158.481471,21.609758],[155.707322,20.059415]],[[155.707322,20.059415],[154.4295,19.3453],[152.147341,17.966496]],[[152.147341,17.966496],[151.853844,17.789176]],[[151.853844,17.789176],[149.999467,16.668824]],[[149.999467,16.668824],[149.7634,16.5262],[147.904789,15.419467]],[[147.904789,15.419467],[145.07234,13.73285]]]},"properties":{}},{"type":"Feature","geometry":{"type":"MultiLineString","coordinates":[[[145.07234,13.73285],[148.221324,14.60072]],[[148.221324,14.60072],[149.999214,15.090712]],[[149.999214,15.090712],[150.698,15.2833],[153.339105,16.017911]],[[153.339105,16.017911],[153.964489,16.191858]],[[153.964489,16.191858],[156.2469,16.8267],[156.824552,16.969565]],[[156.824552,16.969565],[159.999641,17.754827]],[[159.999641,17.754827],[161.192554,18.049858]],[[161.192554,18.049858],[161.8809,18.2201],[167.091751,19.392125],[167.5,19.5]]]},"properties":{}},{"type":"Feature","geometry":{"type":"LineString","coordinates":[[145.07234,13.73285],[150,10]]},"properties":{}},{"type":"Feature","geometry":{"type":"LineString","coordinates":[[144.841003,13.688688],[144.8,13.5]]},"properties":{}},{"type":"Feature","geometry":{"type":"LineString","coordinates":[[113,-23.5],[114.082964,-21.627662]]},"properties":{}},{"type":"Feature","geometry":{"type":"LineString","coordinates":[[114.082964,-21.627662],[114.5,-20.9]]},"properties":{}},{"type":"Feature","geometry":{"type":"LineString","coordinates":[[-175.5,-21],[-170,-20]]},"properties":{}},{"type":"Feature","geometry":{"type":"MultiLineString","coordinates":[[[-160,-20],[-162.5937,-17.5438],[-165.08606,-15.289484]],[[-165.08606,-15.289484],[-167.5827,-12.5384],[-168.338891,-11.744326]],[[-168.338891,-11.744326],[-169.320094,-10.713968]],[[-169.320094,-10.713968],[-170,-10]]]},"properties":{}},{"type":"Feature","geometry":{"type":"MultiLineString","coordinates":[[[-170,-20],[-169.6531,-19.6552],[-165.08606,-15.289484]],[[-165.08606,-15.289484],[-160,-10]]]},"properties":{}},{"type":"Feature","geometry":{"type":"MultiLineString","coordinates":[[[-170.7,-14.4],[-165.08606,-15.289484]],[[-165.08606,-15.289484],[-159.999327,-15.802832]],[[-159.999327,-15.802832],[-156.233568,-16.386807]],[[-156.233568,-16.386807],[-149.7,-17.4]]]},"properties":{}},{"type":"Feature","geometry":{"type":"MultiLineString","coordinates":[[[-160,-10],[-159.999327,-15.802832]],[[-159.999327,-15.802832],[-160,-20]]]},"properties":{}},{"type":"Feature","geometry":{"type":"LineString","coordinates":[[-170.7,-14.4],[-175.8904,-14.5058]]},"properties":{}},{"type":"Feature","geometry":{"type":"MultiLineString","coordinates":[[[-171.665497,-13.619295],[-173.621219,-12.770014]],[[-173.621219,-12.770014],[-180,-10]]]},"properties":{}},{"type":"Feature","geometry":{"type":"LineString","coordinates":[[-170.7,-14.4],[-171.665497,-13.619295]]},"properties":{}},{"type":"Feature","geometry":{"type":"LineString","coordinates":[[-171.665497,-13.619295],[-171.721115,-13.780735]]},"properties":{}},{"type":"Feature","geometry":{"type":"LineString","coordinates":[[-175.0384,-5.019],[-180,-10]]},"properties":{}},{"type":"Feature","geometry":{"type":"MultiLineString","coordinates":[[[-175.0384,-5.019],[-170,-0.00002]],[[-170,-0.00002],[-166.299302,6.35291]],[[-166.299302,6.35291],[-164.157031,10.030514]],[[-164.157031,10.030514],[-162.51719,12.845604]],[[-162.51719,12.845604],[-160.526743,16.262574]],[[-160.526743,16.262574],[-160.147701,16.913269]],[[-160.147701,16.913269],[-157.67,21.1667]]]},"properties":{}},{"type":"Feature","geometry":{"type":"MultiLineString","coordinates":[[[-140,50],[-139.80673,50.592036]],[[-139.80673,50.592036],[-139.325457,52.066294]],[[-139.325457,52.066294],[-138.899944,53.369746]],[[-138.899944,53.369746],[-138.6909,54.0101],[-137.5127,57.8778]]]},"properties":{}},{"type":"Feature","geometry":{"type":"MultiLineString","coordinates":[[[13.155621,55.345172],[13.229812,55.252805]],[[13.229812,55.252805],[13.522137,54.888864]],[[13.522137,54.888864],[13.910847,54.404924]],[[13.910847,54.404924],[14.286593,53.937125],[14.4,54.4]]]},"properties":{}},{"type":"Feature","geometry":{"type":"LineString","coordinates":[[-5.269383,35.97289],[-5.343132,36.110975]]},"properties":{}},{"type":"Feature","geometry":{"type":"MultiLineString","coordinates":[[[-3.529299,36.721416],[-3.811553,36.6]],[[-3.811553,36.6],[-4.070282,36.488703]],[[-4.070282,36.488703],[-4.417056,36.339533]],[[-4.417056,36.339533],[-5.269383,35.97289]]]},"properties":{}},{"type":"Feature","geometry":{"type":"MultiLineString","coordinates":[[[-5.75,35.95],[-5.354867,35.968819]],[[-5.354867,35.968819],[-5.269383,35.97289]],[[-5.269383,35.97289],[-4.7,36]]]},"properties":{"passage":"gibraltar"}},{"type":"Feature","geometry":{"type":"MultiLineString","coordinates":[[[-5.8714,50.4096],[-5.783648,49.997799]],[[-5.783648,49.997799],[-5.754764,49.862255]],[[-5.754764,49.862255],[-5.740436,49.795016]],[[-5.740436,49.795016],[-5.566244,48.977568]],[[-5.566244,48.977568],[-5.531544,48.814729]],[[-5.531544,48.814729],[-5.5,48.6667]]]},"properties":{}},{"type":"Feature","geometry":{"type":"LineString","coordinates":[[1.566259,50.740475],[1.567687,50.892845]]},"properties":{}},{"type":"Feature","geometry":{"type":"MultiLineString","coordinates":[[[2.1,51.1],[1.813195,50.988387]],[[1.813195,50.988387],[1.567687,50.892845]],[[1.567687,50.892845],[1.441366,50.849032]],[[1.441366,50.849032],[1.3,50.8]]]},"properties":{}},{"type":"Feature","geometry":{"type":"MultiLineString","coordinates":[[[0.344247,50.785762],[0.621778,50.779082]],[[0.621778,50.779082],[1.149895,50.76637]],[[1.149895,50.76637],[1.193894,50.765311]],[[1.193894,50.765311],[1.271747,50.763438]],[[1.271747,50.763438],[1.396366,50.760438]],[[1.396366,50.760438],[1.566259,50.740475]]]},"properties":{}},{"type":"Feature","geometry":{"type":"MultiLineString","coordinates":[[[5.053412,52.636301],[5.236121,52.579456]],[[5.236121,52.579456],[5.6231,52.6208]]]},"properties":{}},{"type":"Feature","geometry":{"type":"MultiLineString","coordinates":[[[5.1259,52.38],[5.236121,52.579456]],[[5.236121,52.579456],[5.3182,52.7274]],[[5.3182,52.7274],[5.3264,53.0736]],[[5.3264,53.0736],[4.9337,53.0637]],[[4.9337,53.0637],[4.6233,52.8917],[4.311101,52.513449]],[[4.311101,52.513449],[4.3,52.5]]]},"properties":{}},{"type":"Feature","geometry":{"type":"MultiLineString","coordinates":[[[-5.9,51.25],[-5.784013,52.133125]],[[-5.784013,52.133125],[-5.781725,52.16867]],[[-5.781725,52.16867],[-5.742388,52.779797]],[[-5.742388,52.779797],[-5.742388,52.779797]],[[-5.742388,52.779797],[-5.733548,52.917129]],[[-5.733548,52.917129],[-5.7075,53.3218],[-5.7,53.4]]]},"properties":{}},{"type":"Feature","geometry":{"type":"LineString","coordinates":[[-5.784013,52.133125],[-6.331309,52.260207]]},"properties":{}},{"type":"Feature","geometry":{"type":"MultiLineString","coordinates":[[[-4.358558,52.763575],[-4.806092,52.785658]],[[-4.806092,52.785658],[-4.7,53.5]]]},"properties":{}},{"type":"Feature","geometry":{"type":"MultiLineString","coordinates":[[[-4.97217,52.033832],[-4.358558,52.763575]],[[-4.358558,52.763575],[-4.292908,52.840936]]]},"properties":{}},{"type":"Feature","geometry":{"type":"MultiLineString","coordinates":[[[-2.921677,51.498912],[-3.123721,51.397362]],[[-3.123721,51.397362],[-3.169891,51.22219]]]},"properties":{}},{"type":"Feature","geometry":{"type":"MultiLineString","coordinates":[[[-2.990341,51.365779],[-3.123721,51.397362]],[[-3.123721,51.397362],[-3.172958,51.457935],[-2.921677,51.498912]]]},"properties":{}},{"type":"Feature","geometry":{"type":"LineString","coordinates":[[-2.921677,51.498912],[-2.986908,51.538221],[-2.977998,51.561935]]},"properties":{}},{"type":"Feature","geometry":{"type":"MultiLineString","coordinates":[[[-2.734909,51.501049],[-2.782288,51.519853]],[[-2.782288,51.519853],[-2.303386,51.838751]]]},"properties":{}},{"type":"Feature","geometry":{"type":"LineString","coordinates":[[-2.921677,51.498912],[-2.782288,51.519853]]},"properties":{}},{"type":"Feature","geometry":{"type":"MultiLineString","coordinates":[[[-4.297714,51.100073],[-4.575119,51.17633],[-4.126358,51.432338]],[[-4.126358,51.432338],[-5.056458,51.546335],[-5.129927,51.690603]]]},"properties":{}},{"type":"Feature","geometry":{"type":"MultiLineString","coordinates":[[[-3.123721,51.397362],[-3.260193,51.32203]],[[-3.260193,51.32203],[-4.126358,51.432338]]]},"properties":{}},{"type":"Feature","geometry":{"type":"LineString","coordinates":[[-3.260193,51.32203],[-3.169891,51.22219]]},"properties":{}},{"type":"Feature","geometry":{"type":"MultiLineString","coordinates":[[[-9.6,51.3333],[-8.045595,51.659101]],[[-8.045595,51.659101],[-6.843006,51.911162]],[[-6.843006,51.911162],[-6.274194,52.030384]],[[-6.274194,52.030384],[-5.784013,52.133125]]]},"properties":{}},{"type":"Feature","geometry":{"type":"LineString","coordinates":[[34.5,27],[33.75,27.9],[32.6,29.7],[32.557983,30.213982],[32.382202,30.318359],[32.306671,30.945814]]},"properties":{"passage":"suez"}},{"type":"Feature","geometry":{"type":"LineString","coordinates":[[31.5802,31.459125],[31.702834,31.679165],[32.1,31.7]]},"properties":{}},{"type":"Feature","geometry":{"type":"LineString","coordinates":[[32.306671,30.945814],[32.387159,31.298117]]},"properties":{}},{"type":"Feature","geometry":{"type":"LineString","coordinates":[[33.741444,31.439033],[32.390763,31.727717]]},"properties":{}},{"type":"Feature","geometry":{"type":"LineString","coordinates":[[34.8,33],[34.3217,32.126],[34.221929,31.941392]]},"properties":{}},{"type":"Feature","geometry":{"type":"MultiLineString","coordinates":[[[33.823963,31.169451],[33.741444,31.439033]],[[33.741444,31.439033],[34.221929,31.941392]]]},"properties":{}},{"type":"Feature","geometry":{"type":"LineString","coordinates":[[34.221929,31.941392],[34.8,33]]},"properties":{}},{"type":"Feature","geometry":{"type":"MultiLineString","coordinates":[[[34.601827,31.827521],[34.221929,31.941392]],[[34.221929,31.941392],[32.886029,32.337658]],[[32.886029,32.337658],[32.543549,32.439248]],[[32.543549,32.439248],[31.615427,32.714555]],[[31.615427,32.714555],[30.786707,32.960377]],[[30.786707,32.960377],[30.699385,32.986279]],[[30.699385,32.986279],[29.589708,33.315441]],[[29.589708,33.315441],[28.697527,33.580087]],[[28.697527,33.580087],[28.510884,33.63545]],[[28.510884,33.63545],[27.568268,33.915057]],[[27.568268,33.915057],[26.481951,34.237289]],[[26.481951,34.237289],[25.784366,34.444213]],[[25.784366,34.444213],[25.784011,34.444318]],[[25.784011,34.444318],[25.778894,34.445836]]]},"properties":{}},{"type":"Feature","geometry":{"type":"MultiLineString","coordinates":[[[34.681919,35.670499],[34.818517,35.488641]],[[34.818517,35.488641],[34.880638,35.405939]],[[34.880638,35.405939],[35.293398,34.856419]],[[35.293398,34.856419],[35.36502,34.761066]],[[35.36502,34.761066],[35.552359,34.511656]]]},"properties":{}},{"type":"Feature","geometry":{"type":"MultiLineString","coordinates":[[[35.798355,34.51077],[35.552359,34.511656]],[[35.552359,34.511656],[35.291514,34.511149]],[[35.291514,34.511149],[35.02537,34.510631]],[[35.02537,34.510631],[34.889633,34.510367]],[[34.889633,34.510367],[33.883295,34.50841]],[[33.883295,34.50841],[33.784931,34.508219]],[[33.784931,34.508219],[33.778087,34.508205]],[[33.778087,34.508205],[33.457247,34.507581]],[[33.457247,34.507581],[33.040031,34.50677]],[[33.040031,34.50677],[32.881404,34.508296]],[[32.881404,34.508296],[31.76258,34.519058]],[[31.76258,34.519058],[30.762008,34.528683]],[[30.762008,34.528683],[30.73498,34.528943]],[[30.73498,34.528943],[30.731265,34.528979]],[[30.731265,34.528979],[30.724273,34.529046]],[[30.724273,34.529046],[30.724207,34.529047],[30.728751,34.531146]],[[30.728751,34.531146],[30.7293,34.5314]]]},"properties":{}},{"type":"Feature","geometry":{"type":"LineString","coordinates":[[72.80777,18.941361],[72.4,19]]},"properties":{}},{"type":"Feature","geometry":{"type":"MultiLineString","coordinates":[[[70,20],[69.592463,20.809334]],[[69.592463,20.809334],[68.719482,22.543001],[66.6,24.3]]]},"properties":{}},{"type":"Feature","geometry":{"type":"LineString","coordinates":[[72.4,19],[71.992831,20.264107]]},"properties":{}},{"type":"Feature","geometry":{"type":"MultiLineString","coordinates":[[[72.388916,21.289374],[71.992831,20.264107]],[[71.992831,20.264107],[71,20],[69.592463,20.809334]],[[69.592463,20.809334],[67,22.3]]]},"properties":{}},{"type":"Feature","geometry":{"type":"LineString","coordinates":[[137.6,-12],[136.812744,-10.892648],[131.8,-10.5]]},"properties":{}},{"type":"Feature","geometry":{"type":"LineString","coordinates":[[136.669922,-12.023203],[137.6,-12]]},"properties":{}},{"type":"Feature","geometry":{"type":"MultiLineString","coordinates":[[[142.133,-10.55],[141.493263,-12.690919]],[[141.493263,-12.690919],[141.2,-13]]]},"properties":{}},{"type":"Feature","geometry":{"type":"MultiLineString","coordinates":[[[141.493263,-12.690919],[137.177226,-9.886132]],[[137.177226,-9.886132],[136.883394,-9.695184]],[[136.883394,-9.695184],[135.775966,-8.975519]],[[135.775966,-8.975519],[129.830852,-5.112073]],[[129.830852,-5.112073],[129.665895,-5.004875]],[[129.665895,-5.004875],[127.612658,-3.670574],[127.002345,-2.263543]],[[127.002345,-2.263543],[126.335475,-0.726124]],[[126.335475,-0.726124],[125.5,1.2]]]},"properties":{}},{"type":"Feature","geometry":{"type":"LineString","coordinates":[[141.493263,-12.690919],[141.804657,-12.649718]]},"properties":{}},{"type":"Feature","geometry":{"type":"LineString","coordinates":[[145.588511,-16.495125],[145.838013,-16.742743],[146,-16.7]]},"properties":{}},{"type":"Feature","geometry":{"type":"LineString","coordinates":[[173.1,1.1],[172.902935,1.343262],[166.4,9.1]]},"properties":{}},{"type":"Feature","geometry":{"type":"MultiLineString","coordinates":[[[173.1,1.1],[174.89565,3.43905]],[[174.89565,3.43905],[176.5241,5.5603],[180,10]]]},"properties":{}},{"type":"Feature","geometry":{"type":"MultiLineString","coordinates":[[[-81.4,6.9],[-82.8605,7.2437],[-86.781866,8.613213]],[[-86.781866,8.613213],[-87.1658,8.7473],[-88.188451,9.091208]],[[-88.188451,9.091208],[-90.034888,9.712148]],[[-90.034888,9.712148],[-91.5049,10.2065],[-93.209132,10.753919]],[[-93.209132,10.753919],[-94.04786,11.023328]],[[-94.04786,11.023328],[-95.8827,11.6127],[-99.956128,12.851702]],[[-99.956128,12.851702],[-100.3033,12.9573],[-100.306659,12.958258]],[[-100.306659,12.958258],[-103.664642,13.916211]],[[-103.664642,13.916211],[-104.7702,14.2316],[-109.2859,15.427],[-110.000704,15.60046]],[[-110.000704,15.60046],[-111.954512,16.074588]],[[-111.954512,16.074588],[-112.560328,16.2216]],[[-112.560328,16.2216],[-113.66262,16.489092]],[[-113.66262,16.489092],[-113.8518,16.535],[-117.107112,17.248726]],[[-117.107112,17.248726],[-118.468,17.5471],[-120.000345,17.844977]],[[-120.000345,17.844977],[-121.887858,18.211897]],[[-121.887858,18.211897],[-123.1338,18.4541],[-127.8463,19.2498],[-129.448998,19.478208]],[[-129.448998,19.478208],[-130.000071,19.556744]],[[-130.000071,19.556744],[-130.406788,19.614707]],[[-130.406788,19.614707],[-132.6016,19.9275],[-133.170208,19.993165]],[[-133.170208,19.993165],[-133.669159,20.050785]],[[-133.669159,20.050785],[-137.3945,20.481],[-139.381413,20.655671]],[[-139.381413,20.655671],[-140.000199,20.710069]],[[-140.000199,20.710069],[-140.730414,20.774263]],[[-140.730414,20.774263],[-142.2187,20.9051],[-147.0664,21.1959],[-148.81917,21.251621]],[[-148.81917,21.251621],[-150.000361,21.289172]],[[-150.000361,21.289172],[-151.253697,21.329016]],[[-151.253697,21.329016],[-151.9295,21.3505],[-156.7991,21.3673],[-157.319903,21.333936]],[[-157.319903,21.333936],[-157.430657,21.326841]],[[-157.430657,21.326841],[-157.5109,21.3217]]]},"properties":{}},{"type":"Feature","geometry":{"type":"LineString","coordinates":[[-80,9.75],[-79.900612,9.208176],[-79.821304,9.173012],[-79.803246,9.118307],[-79.741379,9.118236],[-79.689331,9.10639],[-79.641747,9.035982],[-79.585922,8.992656],[-79.494118,8.796576],[-79.5,8.6],[-80,7]]},"properties":{"passage":"panama"}},{"type":"Feature","geometry":{"type":"LineString","coordinates":[[-80,9.75],[-82,9.5],[-81.981354,9.21056]]},"properties":{}},{"type":"Feature","geometry":{"type":"MultiLineString","coordinates":[[[-86.05,21.7333],[-85.599913,20.933101]],[[-85.599913,20.933101],[-82.8698,16.0793],[-82.166049,14.527189]],[[-82.166049,14.527189],[-80,9.75]]]},"properties":{}},{"type":"Feature","geometry":{"type":"MultiLineString","coordinates":[[[-64.7325,17.7528],[-65.827306,17.258974]],[[-65.827306,17.258974],[-66.274325,17.05734]],[[-66.274325,17.05734],[-67.078784,16.694479]],[[-67.078784,16.694479],[-68.6191,15.9997],[-69.392684,15.630755]],[[-69.392684,15.630755],[-69.848385,15.413417]],[[-69.848385,15.413417],[-70.568459,15.069992]],[[-70.568459,15.069992],[-70.79342,14.962702]],[[-70.79342,14.962702],[-71.738548,14.511942]],[[-71.738548,14.511942],[-72.4379,14.1784],[-73.777685,13.507848]],[[-73.777685,13.507848],[-76.1956,12.2977],[-80,9.75]]]},"properties":{}},{"type":"Feature","geometry":{"type":"MultiLineString","coordinates":[[[-62.25,17],[-62.7359,17.0444],[-64.177577,17.153263]],[[-64.177577,17.153263],[-64.9859,17.2143],[-65.827306,17.258974]],[[-65.827306,17.258974],[-66.6,17.3]]]},"properties":{}},{"type":"Feature","geometry":{"type":"LineString","coordinates":[[-94.5678,26.1633],[-97,26]]},"properties":{}},{"type":"Feature","geometry":{"type":"LineString","coordinates":[[-88.9828,29.4279],[-88.8734,29.2661],[-88.8491,29.2104],[-89.0089,28.9357]]},"properties":{}},{"type":"Feature","geometry":{"type":"MultiLineString","coordinates":[[[-82.7,24.3],[-83.465187,25.095549]],[[-83.465187,25.095549],[-84.015582,25.667784]],[[-84.015582,25.667784],[-84.143107,25.800369]],[[-84.143107,25.800369],[-85.212975,26.912689]],[[-85.212975,26.912689],[-85.321,27.025],[-86.265935,28.07434]],[[-86.265935,28.07434],[-86.339822,28.156391]],[[-86.339822,28.156391],[-86.504488,28.33925]],[[-86.504488,28.33925],[-87.322445,29.247582]],[[-87.322445,29.247582],[-87.405885,29.340242]],[[-87.405885,29.340242],[-88,30],[-88.057343,30.031838],[-88.0972,30.1015]]]},"properties":{}},{"type":"Feature","geometry":{"type":"LineString","coordinates":[[-88.0972,30.1015],[-87.970001,30.548088]]},"properties":{}},{"type":"Feature","geometry":{"type":"LineString","coordinates":[[-88.0972,30.1015],[-88.526184,30.288609]]},"properties":{}},{"type":"Feature","geometry":{"type":"MultiLineString","coordinates":[[[-86,22],[-85.949199,23.337261]],[[-85.949199,23.337261],[-85.886016,25.000444]],[[-85.886016,25.000444],[-85.8556,25.8011],[-85.868843,25.874468]],[[-85.868843,25.874468],[-85.946123,26.302592]],[[-85.946123,26.302592],[-85.978071,26.479585]],[[-85.978071,26.479585],[-86.017892,26.700191]],[[-86.017892,26.700191],[-86.265935,28.07434]],[[-86.265935,28.07434],[-86.281,28.1578]]]},"properties":{}},{"type":"Feature","geometry":{"type":"LineString","coordinates":[[-81.1122,24.6271],[-81.1599,24.6718],[-81.1606,24.7045],[-81.1247,24.7262],[-81.265594,24.900732],[-81.5207,25.0404]]},"properties":{}},{"type":"Feature","geometry":{"type":"LineString","coordinates":[[-80.9,24.6],[-81.825,24.2187]]},"properties":{}},{"type":"Feature","geometry":{"type":"LineString","coordinates":[[-82.2,23.25],[-80.869263,23.407944],[-79,23]]},"properties":{}},{"type":"Feature","geometry":{"type":"MultiLineString","coordinates":[[[-118.1215,33.6276],[-120.670713,33.204516]],[[-120.670713,33.204516],[-122.645883,32.876705]],[[-122.645883,32.876705],[-123.5238,32.731],[-124.312422,32.568132]],[[-124.312422,32.568132],[-126.597773,32.096154]],[[-126.597773,32.096154],[-128.524303,31.698281]],[[-128.524303,31.698281],[-128.8312,31.6349],[-130.000562,31.339017]],[[-130.000562,31.339017],[-130.999172,31.086338]],[[-130.999172,31.086338],[-134.0049,30.3258],[-134.793473,30.089647]],[[-134.793473,30.089647],[-138.8188,28.884186]],[[-138.8188,28.884186],[-139.0338,28.8198],[-140.000424,28.485731]],[[-140.000424,28.485731],[-140.914542,28.169809]],[[-140.914542,28.169809],[-142.527255,27.612449]],[[-142.527255,27.612449],[-143.9128,27.1336],[-146.07208,26.289367]],[[-146.07208,26.289367],[-148.6417,25.2847],[-150.001314,24.692986]],[[-150.001314,24.692986],[-153.138905,23.327482]],[[-153.138905,23.327482],[-153.2248,23.2901],[-157.319903,21.333936]],[[-157.319903,21.333936],[-157.323202,21.33236]],[[-157.323202,21.33236],[-157.67,21.1667]]]},"properties":{}},{"type":"Feature","geometry":{"type":"MultiLineString","coordinates":[[[-118.1215,33.6276],[-120.613458,32.930968]],[[-120.613458,32.930968],[-122.269889,32.46791]],[[-122.269889,32.46791],[-123.545381,32.111344]],[[-123.545381,32.111344],[-124.1651,31.9381],[-127.348981,30.880553]],[[-127.348981,30.880553],[-130,30]]]},"properties":{}},{"type":"Feature","geometry":{"type":"LineString","coordinates":[[-118.4867,33.7056],[-118.511718,33.950617],[-118.85257,33.983209],[-119.2671,34.0786]]},"properties":{}},{"type":"Feature","geometry":{"type":"MultiLineString","coordinates":[[[-123.4028,37.4364],[-123.317,37.2792],[-123.31485,37.275242]],[[-123.31485,37.275242],[-123.259905,37.174108]],[[-123.259905,37.174108],[-123.1281,36.9315],[-123.0581,36.8027],[-122.9663,36.6328],[-122.0464,35.4383],[-121.8686,35.139],[-121.532,34.5768]],[[-121.532,34.5768],[-120.8841,34.4361]]]},"properties":{}},{"type":"Feature","geometry":{"type":"MultiLineString","coordinates":[[[-125.5016,48.5683],[-129.1692,46.5683],[-129.799655,46.230989]],[[-129.799655,46.230989],[-130.002327,46.122553]],[[-130.002327,46.122553],[-130.892007,45.64655]],[[-130.892007,45.64655],[-133.0432,44.4956],[-133.790236,44.040343]],[[-133.790236,44.040343],[-133.920346,43.961052]],[[-133.920346,43.961052],[-134.700168,43.485814]],[[-134.700168,43.485814],[-136.645,42.3006],[-138.265558,41.189346]],[[-138.265558,41.189346],[-139.803936,40.134446]],[[-139.803936,40.134446],[-140,40]]]},"properties":{}},{"type":"Feature","geometry":{"type":"LineString","coordinates":[[-130,50],[-125.5016,48.5683]]},"properties":{}},{"type":"Feature","geometry":{"type":"LineString","coordinates":[[-131.2,54.3],[-130.7582,53.595]]},"properties":{}},{"type":"Feature","geometry":{"type":"MultiLineString","coordinates":[[[-130.3302,54.3],[-130.7582,53.595]],[[-130.7582,53.595],[-129.388184,52.168367]],[[-129.388184,52.168367],[-128.2191,51.4191],[-127.3618,50.8984],[-125.5688,50.5508],[-124.5711,49.8731]]]},"properties":{}},{"type":"Feature","geometry":{"type":"MultiLineString","coordinates":[[[-129.388184,52.168367],[-129.690071,51.098433]],[[-129.690071,51.098433],[-130,50]]]},"properties":{}},{"type":"Feature","geometry":{"type":"LineString","coordinates":[[-133.9805,54.6499],[-133.3198,54.7909]]},"properties":{}},{"type":"Feature","geometry":{"type":"MultiLineString","coordinates":[[[-133.9805,54.6499],[-133.487183,53.719021],[-132.5175,52.8064],[-129.690071,51.098433]],[[-129.690071,51.098433],[-125.5016,48.5683]]]},"properties":{}},{"type":"Feature","geometry":{"type":"LineString","coordinates":[[-135.073609,53.348889],[-133.9805,54.6499]]},"properties":{}},{"type":"Feature","geometry":{"type":"LineString","coordinates":[[-135.073609,53.348889],[-130,50]]},"properties":{}},{"type":"Feature","geometry":{"type":"MultiLineString","coordinates":[[[-149,59.7],[-147.739763,59.713884]],[[-147.739763,59.713884],[-146.7694,60.1439]]]},"properties":{}},{"type":"Feature","geometry":{"type":"MultiLineString","coordinates":[[[-150,50],[-149.889443,51.230017]],[[-149.889443,51.230017],[-149.79205,52.31358]],[[-149.79205,52.31358],[-149.780145,52.44603]],[[-149.780145,52.44603],[-149.695735,53.385143]],[[-149.695735,53.385143],[-149.5638,54.853],[-148.912599,59.353464]],[[-148.912599,59.353464],[-149,59.7]]]},"properties":{}},{"type":"Feature","geometry":{"type":"LineString","coordinates":[[-150.7582,58.6791],[-149.7918,58.8478],[-148.912599,59.353464]]},"properties":{}},{"type":"Feature","geometry":{"type":"LineString","coordinates":[[-148.912599,59.353464],[-147.739763,59.713884]]},"properties":{}},{"type":"Feature","geometry":{"type":"MultiLineString","coordinates":[[[-161.5025,57.7522],[-158.9906,58.3681]],[[-158.9906,58.3681],[-158.4113,58.4566]]]},"properties":{}},{"type":"Feature","geometry":{"type":"MultiLineString","coordinates":[[[-165.2246,59.8046],[-163.9015,59.3229],[-163.61244,59.135366]],[[-163.61244,59.135366],[-163.3631,58.9736],[-162.638,58.4659],[-162.0228,58.3335],[-161.3966,58.3623]],[[-161.3966,58.3623],[-160.8912,58.6264],[-160.3167,59.0555],[-160.946417,58.363385]],[[-160.946417,58.363385],[-161.5025,57.7522]]]},"properties":{}},{"type":"Feature","geometry":{"type":"MultiLineString","coordinates":[[[-166.725,54.1699],[-166.743668,54.21908]],[[-166.743668,54.21908],[-166.744489,54.221244]],[[-166.744489,54.221244],[-166.744546,54.221394]],[[-166.744546,54.221394],[-166.858375,54.521274]],[[-166.858375,54.521274],[-167.225406,55.488208]],[[-167.225406,55.488208],[-168.5744,59.0421]]]},"properties":{}},{"type":"Feature","geometry":{"type":"LineString","coordinates":[[-178,58],[-168.5744,59.0421]]},"properties":{}},{"type":"Feature","geometry":{"type":"LineString","coordinates":[[-180,62.1],[-177.416051,64.720739]]},"properties":{}},{"type":"Feature","geometry":{"type":"MultiLineString","coordinates":[[[-54.2,69],[-57.547407,71.066868]],[[-57.547407,71.066868],[-60.8433,72.9097],[-71,76.5],[-71.562587,76.668154]]]},"properties":{}},{"type":"Feature","geometry":{"type":"MultiLineString","coordinates":[[[-57.547407,71.066868],[-55.894044,70.797894],[-54.7303,70.6896]],[[-54.7303,70.6896],[-54.0711,70.8849]],[[-54.0711,70.8849],[-52.4012,70.7549],[-51.6761,70.5876]]]},"properties":{}},{"type":"Feature","geometry":{"type":"MultiLineString","coordinates":[[[-24,66.5],[-21.11792,66.846445]],[[-21.11792,66.846445],[-18,67]]]},"properties":{}},{"type":"Feature","geometry":{"type":"MultiLineString","coordinates":[[[-21.11792,66.846445],[-18.532454,66.206948]],[[-18.532454,66.206948],[-18.347049,66.004182]]]},"properties":{}},{"type":"Feature","geometry":{"type":"LineString","coordinates":[[-21.11792,66.846445],[-21.071778,65.643438]]},"properties":{}},{"type":"Feature","geometry":{"type":"MultiLineString","coordinates":[[[-24.9,65.6],[-24.317138,64.712177]],[[-24.317138,64.712177],[-23.5,64.1]]]},"properties":{}},{"type":"Feature","geometry":{"type":"MultiLineString","coordinates":[[[-24.317138,64.712177],[-22.743897,64.646552]],[[-22.743897,64.646552],[-21.980992,64.234172]]]},"properties":{}},{"type":"Feature","geometry":{"type":"LineString","coordinates":[[-23.5,64.1],[-22.743897,64.646552]]},"properties":{}},{"type":"Feature","geometry":{"type":"MultiLineString","coordinates":[[[-15,64],[-16.015291,62.687825]],[[-16.015291,62.687825],[-20,60]]]},"properties":{}},{"type":"Feature","geometry":{"type":"MultiLineString","coordinates":[[[-10,60],[-11.887274,62.360912]],[[-11.887274,62.360912],[-15,64]]]},"properties":{}},{"type":"Feature","geometry":{"type":"MultiLineString","coordinates":[[[-11.887274,62.360912],[-16.015291,62.687825]],[[-16.015291,62.687825],[-20,63]]]},"properties":{}},{"type":"Feature","geometry":{"type":"MultiLineString","coordinates":[[[-10,60],[-8.45288,61.650153]],[[-8.45288,61.650153],[-7.181551,62.517501]],[[-7.181551,62.517501],[-5.6145,63.5866],[-4.501165,64.263465]],[[-4.501165,64.263465],[-4.404249,64.322386]],[[-4.404249,64.322386],[0,67]]]},"properties":{}},{"type":"Feature","geometry":{"type":"MultiLineString","coordinates":[[[-11.887274,62.360912],[-8.45288,61.650153]],[[-8.45288,61.650153],[-5.555784,60.836989]],[[-5.555784,60.836989],[-5.419745,60.798806],[-5.390568,60.799081]],[[-5.390568,60.799081],[-4.662789,60.805945]],[[-4.662789,60.805945],[-1.403357,60.836687]],[[-1.403357,60.836687],[-0.622307,60.844054],[0.485138,60.426579]],[[0.485138,60.426579],[2.162431,59.794288]],[[2.162431,59.794288],[2.888221,59.520686]],[[2.888221,59.520686],[4.8,58.8]]]},"properties":{}},{"type":"Feature","geometry":{"type":"MultiLineString","coordinates":[[[-2.9088,58.6048],[-2.908737,58.604749]],[[-2.908737,58.604749],[-2.908261,58.604364]],[[-2.908261,58.604364],[-2.908066,58.604206]],[[-2.908066,58.604206],[-1.746,57.664]],[[-1.746,57.664],[-2,58.4]],[[-2,58.4],[-1.882382,58.608655]],[[-1.882382,58.608655],[-1.820406,58.718601]],[[-1.820406,58.718601],[-1.640941,59.036976]],[[-1.640941,59.036976],[-1.0703,60.0493]]]},"properties":{}},{"type":"Feature","geometry":{"type":"MultiLineString","coordinates":[[[-0.7533,54.8225],[0.828785,55.955654]],[[0.828785,55.955654],[1.351983,56.330389]],[[1.351983,56.330389],[3.831853,58.106573]],[[3.831853,58.106573],[3.881716,58.142288]],[[3.881716,58.142288],[4.8,58.8]]]},"properties":{}},{"type":"Feature","geometry":{"type":"LineString","coordinates":[[-1.25,45.6],[-1.051941,45.583846],[-0.769043,45.391199],[-0.65,45.1]]},"properties":{}},{"type":"Feature","geometry":{"type":"MultiLineString","coordinates":[[[-1.25,45.6],[-1.401306,44.603323]],[[-1.401306,44.603323],[-1.9,43.9]]]},"properties":{}},{"type":"Feature","geometry":{"type":"LineString","coordinates":[[-1.401306,44.603323],[-1.274414,44.588586],[-1.224976,44.614021],[-1.224976,44.670721],[-1.123352,44.69612],[-1.060181,44.672675]]},"properties":{}},{"type":"Feature","geometry":{"type":"LineString","coordinates":[[-1.568247,46.310725],[-1.7,46.1]]},"properties":{}},{"type":"Feature","geometry":{"type":"MultiLineString","coordinates":[[[-1.261231,46.239161],[-1.568247,46.310725]],[[-1.568247,46.310725],[-1.92304,46.522834],[-2.523473,46.925111]],[[-2.523473,46.925111],[-2.539513,46.935858],[-2.648099,47.026601]],[[-2.648099,47.026601],[-3.436411,47.685381]]]},"properties":{}},{"type":"Feature","geometry":{"type":"LineString","coordinates":[[-78.8,26.3],[-79.3328,26.7372]]},"properties":{}},{"type":"Feature","geometry":{"type":"MultiLineString","coordinates":[[[-69.5,40.3],[-69.507631,40.291104]],[[-69.507631,40.291104],[-70.459343,39.181669]],[[-70.459343,39.181669],[-70.821123,38.759933]],[[-70.821123,38.759933],[-71.271542,38.234868]],[[-71.271542,38.234868],[-71.442752,38.035284]],[[-71.442752,38.035284],[-71.665218,37.775949]],[[-71.665218,37.775949],[-71.802786,37.615583]],[[-71.802786,37.615583],[-71.924699,37.473466]],[[-71.924699,37.473466],[-71.952622,37.440915]],[[-71.952622,37.440915],[-72.4054,36.9131],[-72.571965,36.696595]],[[-72.571965,36.696595],[-72.835037,36.354647]],[[-72.835037,36.354647],[-72.938996,36.21952]],[[-72.938996,36.21952],[-73.269223,35.790283]],[[-73.269223,35.790283],[-73.727118,35.1951]],[[-73.727118,35.1951],[-73.835242,35.054558]],[[-73.835242,35.054558],[-74.145485,34.651297]],[[-74.145485,34.651297],[-74.185985,34.598655]],[[-74.185985,34.598655],[-74.355375,34.378477]],[[-74.355375,34.378477],[-74.953498,33.601023]],[[-74.953498,33.601023],[-75.0623,33.4596],[-75.443714,32.914103]],[[-75.443714,32.914103],[-75.453412,32.900234]],[[-75.453412,32.900234],[-76.207991,31.821037]],[[-76.207991,31.821037],[-76.419727,31.518213]],[[-76.419727,31.518213],[-77.037106,30.635239]],[[-77.037106,30.635239],[-77.210108,30.387812]],[[-77.210108,30.387812],[-77.238895,30.346641]],[[-77.238895,30.346641],[-77.5149,29.9519],[-77.859413,29.342678]],[[-77.859413,29.342678],[-78.18058,28.774739]],[[-78.18058,28.774739],[-78.579305,28.069649]],[[-78.579305,28.069649],[-78.658587,27.929451]],[[-78.658587,27.929451],[-79.3328,26.7372]]]},"properties":{}},{"type":"Feature","geometry":{"type":"MultiLineString","coordinates":[[[-75.1,35.6],[-75.377113,35.085112]],[[-75.377113,35.085112],[-76.310708,33.350453]],[[-76.310708,33.350453],[-76.315731,33.341121]],[[-76.315731,33.341121],[-76.97004,32.125387]],[[-76.97004,32.125387],[-77.020719,32.031224]],[[-77.020719,32.031224],[-77.322242,31.470982]],[[-77.322242,31.470982],[-77.5634,31.0229],[-77.655752,30.799211]],[[-77.655752,30.799211],[-77.838263,30.357149]],[[-77.838263,30.357149],[-78.070959,29.793532]],[[-78.070959,29.793532],[-78.411825,28.967913]],[[-78.411825,28.967913],[-78.704647,28.258662]],[[-78.704647,28.258662],[-78.788447,28.05569]],[[-78.788447,28.05569],[-79.3328,26.7372]]]},"properties":{}},{"type":"Feature","geometry":{"type":"LineString","coordinates":[[-78.8,26.3],[-79.5356,26.0942]]},"properties":{}},{"type":"Feature","geometry":{"type":"LineString","coordinates":[[-79.9386,25.9805],[-79.3328,26.7372]]},"properties":{}},{"type":"Feature","geometry":{"type":"LineString","coordinates":[[-79.9386,25.9805],[-79.815,25.7903]]},"properties":{}},{"type":"Feature","geometry":{"type":"MultiLineString","coordinates":[[[-78.8,26.3],[-78.164429,26.280548],[-77.698059,26.513377],[-77.646459,26.662941]],[[-77.646459,26.662941],[-77.641418,26.677553],[-77.664809,26.690612]],[[-77.664809,26.690612],[-77.968872,26.86037],[-77.982056,26.921361],[-77.850212,26.970195]],[[-77.850212,26.970195],[-77.721035,27.018041]],[[-77.721035,27.018041],[-76.909675,27.318563]],[[-76.909675,27.318563],[-76.582487,27.439751]],[[-76.582487,27.439751],[-76.062868,27.632214]],[[-76.062868,27.632214],[-74.809296,28.096527]],[[-74.809296,28.096527],[-74.4754,28.2202],[-74.46563,28.224086]],[[-74.46563,28.224086],[-74.108712,28.366026]],[[-74.108712,28.366026],[-73.868832,28.461423]],[[-73.868832,28.461423],[-73.711518,28.523985]],[[-73.711518,28.523985],[-73.196988,28.728606]],[[-73.196988,28.728606],[-72.946257,28.828318]],[[-72.946257,28.828318],[-71.830207,29.272154]],[[-71.830207,29.272154],[-71.789659,29.288279]],[[-71.789659,29.288279],[-71.252822,29.501771]],[[-71.252822,29.501771],[-70.491548,29.804519]],[[-70.491548,29.804519],[-70,30]]]},"properties":{}},{"type":"Feature","geometry":{"type":"LineString","coordinates":[[-81.32135,31.047187],[-80.1228,30.3972]]},"properties":{}},{"type":"Feature","geometry":{"type":"MultiLineString","coordinates":[[[-70,30],[-70.592445,30.033682]],[[-70.592445,30.033682],[-71.561454,30.088773]],[[-71.561454,30.088773],[-71.607312,30.09138]],[[-71.607312,30.09138],[-71.643236,30.093423]],[[-71.643236,30.093423],[-72.81029,30.159773]],[[-72.81029,30.159773],[-73.085647,30.175428]],[[-73.085647,30.175428],[-73.86123,30.219522]],[[-73.86123,30.219522],[-73.978383,30.226183]],[[-73.978383,30.226183],[-74.183158,30.237825]],[[-74.183158,30.237825],[-74.645097,30.264087]],[[-74.645097,30.264087],[-75.317705,30.302327]],[[-75.317705,30.302327],[-75.5881,30.3177],[-76.936837,30.341345]],[[-76.936837,30.341345],[-77.164089,30.345329]],[[-77.164089,30.345329],[-77.238895,30.346641]],[[-77.238895,30.346641],[-77.838263,30.357149]],[[-77.838263,30.357149],[-78.339538,30.365937]],[[-78.339538,30.365937],[-78.588453,30.370301]],[[-78.588453,30.370301],[-79.259686,30.382068]],[[-79.259686,30.382068],[-80.1228,30.3972]],[[-80.1228,30.3972],[-81.2,30.4]]]},"properties":{}},{"type":"Feature","geometry":{"type":"LineString","coordinates":[[-79.2207,32.2439],[-79.8,32.75]]},"properties":{}},{"type":"Feature","geometry":{"type":"LineString","coordinates":[[-60.2,47.75],[-63.3547,48.9284]]},"properties":{}},{"type":"Feature","geometry":{"type":"MultiLineString","coordinates":[[[-6.5833,49.75],[-6.686732,49.773745]],[[-6.686732,49.773745],[-10.603497,50.672911]],[[-10.603497,50.672911],[-10.754063,50.707477]],[[-10.754063,50.707477],[-11.238784,50.818753]],[[-11.238784,50.818753],[-12.36921,51.078264]],[[-12.36921,51.078264],[-13.2789,51.2871]],[[-13.2789,51.2871],[-16.177338,51.67483]],[[-16.177338,51.67483],[-18.318775,51.961295]],[[-18.318775,51.961295],[-20.00188,52.186447]],[[-20.00188,52.186447],[-22.406822,52.508162]],[[-22.406822,52.508162],[-26.5724,53.0654],[-27.341253,53.101719]],[[-27.341253,53.101719],[-30.002774,53.227444]],[[-30.002774,53.227444],[-30.964823,53.272889]],[[-30.964823,53.272889],[-31.0328,53.2761],[-33.174257,53.307363]],[[-33.174257,53.307363],[-35.517479,53.341572]],[[-35.517479,53.341572],[-37.1156,53.364903]],[[-37.1156,53.364903],[-38.1634,53.3802]],[[-38.1634,53.3802],[-40.002797,53.253745]],[[-40.002797,53.253745],[-42.927683,53.052664]],[[-42.927683,53.052664],[-46.591543,52.800781]],[[-46.591543,52.800781],[-47.662265,52.727171]],[[-47.662265,52.727171],[-48.9186,52.6408],[-50.002244,52.610773]],[[-50.002244,52.610773],[-54,52.5]],[[-54,52.5],[-57.3015,60.082]]]},"properties":{}},{"type":"Feature","geometry":{"type":"MultiLineString","coordinates":[[[-71.3569,41.1171],[-69.919152,40.484441]],[[-69.919152,40.484441],[-69.5,40.3]]]},"properties":{}},{"type":"Feature","geometry":{"type":"MultiLineString","coordinates":[[[-75.0737,35.8144],[-74.994466,36.061714]],[[-74.994466,36.061714],[-74.505617,37.587567]],[[-74.505617,37.587567],[-74.499983,37.605152]],[[-74.499983,37.605152],[-74.374817,37.995834]],[[-74.374817,37.995834],[-74.073738,38.935598]],[[-74.073738,38.935598],[-73.921285,39.411453]]]},"properties":{}},{"type":"Feature","geometry":{"type":"LineString","coordinates":[[-74.5743,38.787],[-73.921285,39.411453]]},"properties":{}},{"type":"Feature","geometry":{"type":"LineString","coordinates":[[-74.2471,39.3921],[-73.921285,39.411453]]},"properties":{}},{"type":"Feature","geometry":{"type":"MultiLineString","coordinates":[[[-73.783,40.0331],[-73.7709,39.759]],[[-73.7709,39.759],[-73.921285,39.411453]]]},"properties":{}},{"type":"Feature","geometry":{"type":"MultiLineString","coordinates":[[[-73.9,20],[-73.899407,20.178668]],[[-73.899407,20.178668],[-73.899209,20.238204]],[[-73.899209,20.238204],[-73.898851,20.346136]],[[-73.898851,20.346136],[-73.896643,21.011241]],[[-73.896643,21.011241],[-73.895929,21.226265]],[[-73.895929,21.226265],[-73.894602,21.625928]],[[-73.894602,21.625928],[-73.891536,22.549546]],[[-73.891536,22.549546],[-73.887445,23.78198]],[[-73.887445,23.78198],[-73.8833,25.0305],[-73.882699,25.173104]],[[-73.882699,25.173104],[-73.877374,26.435706]],[[-73.877374,26.435706],[-73.87461,27.091075]],[[-73.87461,27.091075],[-73.874355,27.151575]],[[-73.874355,27.151575],[-73.868832,28.461423]],[[-73.868832,28.461423],[-73.867836,28.697605]],[[-73.867836,28.697605],[-73.8621,30.0577],[-73.86123,30.219522]],[[-73.86123,30.219522],[-73.860704,30.317457]],[[-73.860704,30.317457],[-73.856125,31.169391]],[[-73.856125,31.169391],[-73.851225,32.081065]],[[-73.851225,32.081065],[-73.851055,32.112533]],[[-73.851055,32.112533],[-73.840136,34.144019]],[[-73.840136,34.144019],[-73.839731,34.219318]],[[-73.839731,34.219318],[-73.835242,35.054558]],[[-73.835242,35.054558],[-73.8351,35.081],[-73.833105,35.226359]],[[-73.833105,35.226359],[-73.822953,35.966106]],[[-73.822953,35.966106],[-73.822134,36.025763]],[[-73.822134,36.025763],[-73.817593,36.356635]],[[-73.817593,36.356635],[-73.817452,36.36695]],[[-73.817452,36.36695],[-73.813155,36.68003]],[[-73.813155,36.68003],[-73.810546,36.870169]],[[-73.810546,36.870169],[-73.795419,37.972408]],[[-73.795419,37.972408],[-73.781008,39.022499]],[[-73.781008,39.022499],[-73.7709,39.759]]]},"properties":{}},{"type":"Feature","geometry":{"type":"MultiLineString","coordinates":[[[-33.8,-5.25],[-36.2625,-2.4223],[-38.149857,-0.00002]],[[-38.149857,-0.00002],[-38.160536,0.013685]],[[-38.160536,0.013685],[-38.5146,0.4681],[-38.994859,1.01962]],[[-38.994859,1.01962],[-40.00013,2.174057]],[[-40.00013,2.174057],[-40.257474,2.469586]],[[-40.257474,2.469586],[-40.782065,3.072017]],[[-40.782065,3.072017],[-40.9192,3.2295],[-43.280149,5.940813]],[[-43.280149,5.940813],[-43.4529,6.1392],[-45.811,8.8386],[-46.847234,10.02314]],[[-46.847234,10.02314],[-48.3033,11.6876],[-48.346186,11.736433]],[[-48.346186,11.736433],[-50.000579,13.620255]],[[-50.000579,13.620255],[-50.8127,14.545],[-51.665217,15.516218]],[[-51.665217,15.516218],[-53.277398,17.352874]],[[-53.277398,17.352874],[-53.4643,17.5658],[-55.664981,20.044655]],[[-55.664981,20.044655],[-55.678431,20.059806]],[[-55.678431,20.059806],[-55.7174,20.1037],[-57.746641,22.388498]],[[-57.746641,22.388498],[-58.1051,22.7921],[-58.675784,23.43076]],[[-58.675784,23.43076],[-60.001376,24.914246]],[[-60.001376,24.914246],[-60.5213,25.4961],[-60.618883,25.604749]],[[-60.618883,25.604749],[-62.306029,27.483223]],[[-62.306029,27.483223],[-63.0953,28.362]],[[-63.0953,28.362],[-64.663385,30.087214]],[[-64.663385,30.087214],[-64.892149,30.338901]],[[-64.892149,30.338901],[-65.5892,31.1058],[-65.904498,31.453459]],[[-65.904498,31.453459],[-65.936882,31.489168]],[[-65.936882,31.489168],[-66.13623,31.708975]],[[-66.13623,31.708975],[-67.531454,33.247402]],[[-67.531454,33.247402],[-67.841464,33.589231]],[[-67.841464,33.589231],[-68.2354,34.0236],[-68.415982,34.222444]],[[-68.415982,34.222444],[-69.725053,35.663903]],[[-69.725053,35.663903],[-70.047602,36.019072]],[[-70.047602,36.019072],[-70.079098,36.053753]],[[-70.079098,36.053753],[-70.136352,36.116797]],[[-70.136352,36.116797],[-70.789314,36.835794]],[[-70.789314,36.835794],[-70.92907,36.989684]],[[-70.92907,36.989684],[-70.9764,37.0418],[-71.574999,37.679793]],[[-71.574999,37.679793],[-71.665218,37.775949]],[[-71.665218,37.775949],[-71.878481,38.003246]],[[-71.878481,38.003246],[-71.907054,38.0337]],[[-71.907054,38.0337],[-71.978938,38.110315]],[[-71.978938,38.110315],[-72.036231,38.171378]],[[-72.036231,38.171378],[-72.501941,38.667736]],[[-72.501941,38.667736],[-72.505411,38.671434]],[[-72.505411,38.671434],[-73.040934,39.242199]],[[-73.040934,39.242199],[-73.783,40.0331]]]},"properties":{}},{"type":"Feature","geometry":{"type":"MultiLineString","coordinates":[[[-73.783,40.0331],[-72.78466,39.318277]],[[-72.78466,39.318277],[-72.486417,39.104732]],[[-72.486417,39.104732],[-72.280515,38.957304]],[[-72.280515,38.957304],[-72.150135,38.863951]],[[-72.150135,38.863951],[-71.798223,38.611978]],[[-71.798223,38.611978],[-71.643369,38.501101]],[[-71.643369,38.501101],[-71.472185,38.378531]],[[-71.472185,38.378531],[-71.271542,38.234868]],[[-71.271542,38.234868],[-70.98362,38.028713]],[[-70.98362,38.028713],[-70.521347,37.697721]],[[-70.521347,37.697721],[-69.975985,37.307235]],[[-69.975985,37.307235],[-69.848971,37.216292]],[[-69.848971,37.216292],[-69.761138,37.153403]],[[-69.761138,37.153403],[-69.73835,37.137086]],[[-69.73835,37.137086],[-69.656388,37.0784]],[[-69.656388,37.0784],[-69.436,36.9206],[-68.147963,35.936306]],[[-68.147963,35.936306],[-67.057094,35.102685]],[[-67.057094,35.102685],[-65.80232,34.143809]],[[-65.80232,34.143809],[-65.2756,33.7413],[-64.370232,33.029719]],[[-64.370232,33.029719],[-63.465852,32.318914]],[[-63.465852,32.318914],[-63.143196,32.06532]],[[-63.143196,32.06532],[-62.024698,31.186227]],[[-62.024698,31.186227],[-61.320443,30.632712]],[[-61.320443,30.632712],[-61.2619,30.5867],[-60.541592,30.010129]],[[-60.541592,30.010129],[-60.223798,29.75575]],[[-60.223798,29.75575],[-60.000119,29.576705]],[[-60.000119,29.576705],[-58.995496,28.772554]],[[-58.995496,28.772554],[-57.951012,27.936496]],[[-57.951012,27.936496],[-57.3616,27.4647],[-57.046567,27.210057]],[[-57.046567,27.210057],[-54.840663,25.427012]],[[-54.840663,25.427012],[-54.686707,25.302569]],[[-54.686707,25.302569],[-53.5498,24.3836],[-51.302049,22.551019]],[[-51.302049,22.551019],[-50.000417,21.489805]],[[-50.000417,21.489805],[-49.8114,21.3357],[-49.207335,20.840203]],[[-49.207335,20.840203],[-48.21318,20.024728]],[[-48.21318,20.024728],[-46.1331,18.3185],[-46.036889,18.239233]],[[-46.036889,18.239233],[-43.776444,16.37688]],[[-43.776444,16.37688],[-42.5036,15.3282],[-40.000523,13.2666]],[[-40.000523,13.2666],[-38.922,12.3783],[-38.257452,11.8296]],[[-38.257452,11.8296],[-36.07644,10.028798]],[[-36.07644,10.028798],[-35.984599,9.952967]],[[-35.984599,9.952967],[-35.3712,9.4465],[-34.4259,8.664676]],[[-34.4259,8.664676],[-32.762118,7.288622]],[[-32.762118,7.288622],[-31.8433,6.5287],[-30.0003,5.002688]],[[-30.0003,5.002688],[-29.829347,4.861138]],[[-29.829347,4.861138],[-29.222944,4.359034]],[[-29.222944,4.359034],[-28.331,3.6205],[-27.159236,2.649749]],[[-27.159236,2.649749],[-27.041927,2.552564]],[[-27.041927,2.552564],[-24.8276,0.7181],[-23.960846,-0.00002]],[[-23.960846,-0.00002],[-21.780662,-1.806339]],[[-21.780662,-1.806339],[-21.3258,-2.1832],[-19.999803,-3.28153]],[[-19.999803,-3.28153],[-17.819,-5.0879],[-14.3,-8]]]},"properties":{}},{"type":"Feature","geometry":{"type":"MultiLineString","coordinates":[[[-64.8,32.3],[-67.613187,34.742467]],[[-67.613187,34.742467],[-68.030629,35.104899]],[[-68.030629,35.104899],[-69.2362,36.1516],[-69.682868,36.532911]],[[-69.682868,36.532911],[-69.889537,36.709339]],[[-69.889537,36.709339],[-69.964704,36.773507]],[[-69.964704,36.773507],[-70.226628,36.997106]],[[-70.226628,36.997106],[-70.354406,37.106187]],[[-70.354406,37.106187],[-70.417568,37.160107]],[[-70.417568,37.160107],[-71.250562,37.871215]],[[-71.250562,37.871215],[-71.442752,38.035284]],[[-71.442752,38.035284],[-71.66538,38.225336]],[[-71.66538,38.225336],[-71.817357,38.355075]],[[-71.817357,38.355075],[-71.830603,38.366383]],[[-71.830603,38.366383],[-72.174707,38.660136]],[[-72.174707,38.660136],[-72.311211,38.776667]],[[-72.311211,38.776667],[-72.492572,38.931491]],[[-72.492572,38.931491],[-72.904115,39.282816]],[[-72.904115,39.282816],[-73.783,40.0331]]]},"properties":{}},{"type":"Feature","geometry":{"type":"MultiLineString","coordinates":[[[-69.5,40.3],[-69.527061,40.285336]],[[-69.527061,40.285336],[-71.022869,39.474791]],[[-71.022869,39.474791],[-71.735368,39.088703]],[[-71.735368,39.088703],[-72.150135,38.863951]],[[-72.150135,38.863951],[-72.231565,38.819826]],[[-72.231565,38.819826],[-72.311211,38.776667]],[[-72.311211,38.776667],[-72.501739,38.673424]],[[-72.501739,38.673424],[-72.505411,38.671434]],[[-72.505411,38.671434],[-73.795419,37.972408]],[[-73.795419,37.972408],[-74.241818,37.730514]],[[-74.241818,37.730514],[-74.499347,37.590965]],[[-74.499347,37.590965],[-74.505617,37.587567]],[[-74.505617,37.587567],[-74.712593,37.475411]],[[-74.712593,37.475411],[-75.4399,37.0813]]]},"properties":{}},{"type":"Feature","geometry":{"type":"LineString","coordinates":[[-75.3372,36.6311],[-75.4399,37.0813]]},"properties":{}},{"type":"Feature","geometry":{"type":"MultiLineString","coordinates":[[[-55,45],[-60.5618,42.9936],[-63.295397,41.804622]],[[-63.295397,41.804622],[-64.632986,41.222837]],[[-64.632986,41.222837],[-65.7532,40.7356],[-66.667038,40.268045]],[[-66.667038,40.268045],[-68.618387,39.26966]],[[-68.618387,39.26966],[-68.792396,39.180631]],[[-68.792396,39.180631],[-69.241398,38.950904]],[[-69.241398,38.950904],[-69.37565,38.882215]],[[-69.37565,38.882215],[-69.573745,38.780862]],[[-69.573745,38.780862],[-70.5906,38.2606],[-70.667412,38.21528]],[[-70.667412,38.21528],[-70.98362,38.028713]],[[-70.98362,38.028713],[-71.250562,37.871215]],[[-71.250562,37.871215],[-71.574999,37.679793]],[[-71.574999,37.679793],[-71.782134,37.557581]],[[-71.782134,37.557581],[-71.924699,37.473466]],[[-71.924699,37.473466],[-71.950324,37.458347]],[[-71.950324,37.458347],[-72.557633,37.100027]],[[-72.557633,37.100027],[-73.613489,36.477059]],[[-73.613489,36.477059],[-73.817593,36.356635]],[[-73.817593,36.356635],[-73.852792,36.335868]],[[-73.852792,36.335868],[-74.427892,35.996552]],[[-74.427892,35.996552],[-74.817038,35.766951]],[[-74.817038,35.766951],[-75.085867,35.608339]],[[-75.085867,35.608339],[-75.1,35.6]]]},"properties":{}},{"type":"Feature","geometry":{"type":"MultiLineString","coordinates":[[[-23.5,64.1],[-20,60]],[[-20,60],[-18.941948,57.695725]],[[-18.941948,57.695725],[-18.562576,56.869513]],[[-18.562576,56.869513],[-17.009956,53.488145]],[[-17.009956,53.488145],[-16.177338,51.67483]],[[-16.177338,51.67483],[-15.754615,50.754204]],[[-15.754615,50.754204],[-15.688076,50.609294]],[[-15.688076,50.609294],[-15.602269,50.422419]],[[-15.602269,50.422419],[-15.429461,50.04607]],[[-15.429461,50.04607],[-15.355327,49.884617]],[[-15.355327,49.884617],[-15.205893,49.559174]],[[-15.205893,49.559174],[-14.710836,48.481015]],[[-14.710836,48.481015],[-14.408313,47.822168]],[[-14.408313,47.822168],[-14.261833,47.503157]],[[-14.261833,47.503157],[-13.519151,45.885709]],[[-13.519151,45.885709],[-13.506469,45.858089]],[[-13.506469,45.858089],[-12.989088,44.731314]],[[-12.989088,44.731314],[-11.909672,42.380511]],[[-11.909672,42.380511],[-11.515445,41.521946]],[[-11.515445,41.521946],[-11.070622,40.553191]],[[-11.070622,40.553191],[-11.020148,40.443265]],[[-11.020148,40.443265],[-10.724728,39.799887]],[[-10.724728,39.799887],[-10.171972,38.596068]],[[-10.171972,38.596068],[-9.998959,38.219273]],[[-9.998959,38.219273],[-9.753034,37.683687]],[[-9.753034,37.683687],[-9.387409,36.887412]],[[-9.387409,36.887412],[-9.36445,36.83741]],[[-9.36445,36.83741],[-9.359563,36.826768]],[[-9.359563,36.826768],[-9.352406,36.81118]],[[-9.352406,36.81118],[-9.199435,36.478034]],[[-9.199435,36.478034],[-9.197848,36.474577]]]},"properties":{}},{"type":"Feature","geometry":{"type":"LineString","coordinates":[[-9.035024,53.254543],[-9.634502,53.129489],[-9.39151,53.096378]]},"properties":{}},{"type":"Feature","geometry":{"type":"MultiLineString","coordinates":[[[-9.035024,53.254543],[-9.39151,53.096378]],[[-9.39151,53.096378],[-9.450047,53.033269],[-9.990333,52.607883]],[[-9.990333,52.607883],[-10.472335,52.228385]],[[-10.472335,52.228385],[-10.476276,52.225282]],[[-10.476276,52.225282],[-10.476288,52.225249]],[[-10.476288,52.225249],[-10.659923,51.739587]]]},"properties":{}},{"type":"Feature","geometry":{"type":"LineString","coordinates":[[-8.600889,54.570082],[-10.10565,54.313209],[-10.5,54.4]]},"properties":{}},{"type":"Feature","geometry":{"type":"MultiLineString","coordinates":[[[-7.1,56.9],[-7.543681,56.417799]],[[-7.543681,56.417799],[-7.916465,56.012652],[-8.611544,55.040187]],[[-8.611544,55.040187],[-8.887279,54.654413],[-8.600889,54.570082]],[[-8.600889,54.570082],[-8.32489,54.524869]]]},"properties":{}},{"type":"Feature","geometry":{"type":"MultiLineString","coordinates":[[[-3.946,48.832707],[-3.986163,49.129249]],[[-3.986163,49.129249],[-3.987832,49.141576]],[[-3.987832,49.141576],[-4.001458,49.242182]],[[-4.001458,49.242182],[-4.021109,49.387276]],[[-4.021109,49.387276],[-4.044821,49.562352]],[[-4.044821,49.562352],[-4.050177,49.601896]],[[-4.050177,49.601896],[-4.088283,49.883253]],[[-4.088283,49.883253],[-4.115519,50.084349]],[[-4.115519,50.084349],[-4.145765,50.307669]]]},"properties":{}},{"type":"Feature","geometry":{"type":"MultiLineString","coordinates":[[[-3.946,48.832707],[-4.212755,49.005047]],[[-4.212755,49.005047],[-4.270518,49.042365]],[[-4.270518,49.042365],[-4.36419,49.102883]],[[-4.36419,49.102883],[-4.514653,49.200092]],[[-4.514653,49.200092],[-4.690354,49.313605]],[[-4.690354,49.313605],[-5.366943,49.750723],[-5.445655,49.810759]],[[-5.445655,49.810759],[-5.549612,49.89005]],[[-5.549612,49.89005],[-5.703021,50.007059]],[[-5.703021,50.007059],[-5.781787,50.067136]],[[-5.781787,50.067136],[-5.8714,50.4096]]]},"properties":{}},{"type":"Feature","geometry":{"type":"MultiLineString","coordinates":[[[-1.794995,49.366813],[-2.027971,49.419123]],[[-2.027971,49.419123],[-2.221699,49.46262]],[[-2.221699,49.46262],[-2.259064,49.471009],[-2.4821,49.455]]]},"properties":{}},{"type":"Feature","geometry":{"type":"MultiLineString","coordinates":[[[-2.692472,48.562514],[-2.665886,48.686175]],[[-2.665886,48.686175],[-2.647357,48.772362]],[[-2.647357,48.772362],[-2.631448,48.846364]],[[-2.631448,48.846364],[-2.60904,48.950592],[-2.43115,49.192601]],[[-2.43115,49.192601],[-2.373835,49.270574]],[[-2.373835,49.270574],[-2.315782,49.349551]]]},"properties":{}},{"type":"Feature","geometry":{"type":"MultiLineString","coordinates":[[[-2.1086,48.703],[-2.34976,48.946318]],[[-2.34976,48.946318],[-2.3118,49.1649]],[[-2.3118,49.1649],[-2.315782,49.349551]],[[-2.315782,49.349551],[-2.221699,49.46262]],[[-2.221699,49.46262],[-2.188345,49.502705]],[[-2.188345,49.502705],[-1.992179,49.738459]],[[-1.992179,49.738459],[-1.992179,49.738459]]]},"properties":{}},{"type":"Feature","geometry":{"type":"MultiLineString","coordinates":[[[-2.040657,48.644695],[-1.926727,48.767249]],[[-1.926727,48.767249],[-1.6252,48.8261]]]},"properties":{}},{"type":"Feature","geometry":{"type":"MultiLineString","coordinates":[[[-1.6252,48.8261],[-1.978912,48.873605]],[[-1.978912,48.873605],[-1.926727,48.767249]]]},"properties":{}},{"type":"Feature","geometry":{"type":"MultiLineString","coordinates":[[[-1.794995,49.366813],[-1.920862,49.029278]],[[-1.920862,49.029278],[-1.938904,48.980896]],[[-1.938904,48.980896],[-1.978912,48.873605]],[[-1.978912,48.873605],[-2.1086,48.703]]]},"properties":{}},{"type":"Feature","geometry":{"type":"MultiLineString","coordinates":[[[1.3,50.8],[1.384634,51.049171]],[[1.384634,51.049171],[1.4181,51.1477]],[[1.4181,51.1477],[1.474566,51.467902]],[[1.474566,51.467902],[1.4922,51.5679],[1.539869,51.652703]],[[1.539869,51.652703],[1.613617,51.783903]]]},"properties":{}},{"type":"Feature","geometry":{"type":"MultiLineString","coordinates":[[[1.296638,51.921686],[1.5065,51.878829]],[[1.5065,51.878829],[1.613617,51.783903]]]},"properties":{}},{"type":"Feature","geometry":{"type":"MultiLineString","coordinates":[[[1.25,51.6],[1.5065,51.878829]],[[1.5065,51.878829],[1.761684,52.03871]],[[1.761684,52.03871],[2.1349,52.7457]],[[2.1349,52.7457],[1.075698,53.5]],[[1.075698,53.5],[0.946317,53.592137]],[[0.946317,53.592137],[0.71596,53.756184]],[[0.71596,53.756184],[0.3771,53.9975],[-0.750184,54.820226]],[[-0.750184,54.820226],[-0.7533,54.8225]],[[-0.7533,54.8225],[-0.749048,54.820561]],[[-0.749048,54.820561],[1.028705,54.009761]],[[1.028705,54.009761],[1.148942,53.954923]],[[1.148942,53.954923],[1.674948,53.715022]],[[1.674948,53.715022],[2.146404,53.5]],[[2.146404,53.5],[3.175785,53.030519]],[[3.175785,53.030519],[3.207339,53.016127]],[[3.207339,53.016127],[3.900173,52.700139]],[[3.900173,52.700139],[4.3083,52.514]]]},"properties":{}},{"type":"Feature","geometry":{"type":"MultiLineString","coordinates":[[[1.504578,52.043362],[1.761684,52.03871]],[[1.761684,52.03871],[2.791374,52.020069]],[[2.791374,52.020069],[2.93236,52.017517]],[[2.93236,52.017517],[3.044362,52.01549]],[[3.044362,52.01549],[3.348285,52.009988]],[[3.348285,52.009988],[3.9,52]]]},"properties":{}},{"type":"Feature","geometry":{"type":"MultiLineString","coordinates":[[[0.4,53.5],[2.1349,52.7457]],[[2.1349,52.7457],[2.791374,52.020069]],[[2.791374,52.020069],[2.9,51.9]]]},"properties":{}},{"type":"Feature","geometry":{"type":"MultiLineString","coordinates":[[[1.8694,51.2362],[2.328327,51.32976]],[[2.328327,51.32976],[2.330031,51.330031]],[[2.330031,51.330031],[3.4,51.5]]]},"properties":{}},{"type":"Feature","geometry":{"type":"MultiLineString","coordinates":[[[-0.5047,50.3968],[0.218778,50.64232]],[[0.218778,50.64232],[0.621778,50.779082]],[[0.621778,50.779082],[0.985201,50.902413]],[[0.985201,50.902413],[1.1434,50.9561],[1.384634,51.049171]],[[1.384634,51.049171],[1.560854,51.117159]],[[1.560854,51.117159],[1.868832,51.235981]],[[1.868832,51.235981],[1.8694,51.2362]],[[1.8694,51.2362],[1.806977,51.701268]],[[1.806977,51.701268],[1.761684,52.03871]],[[1.761684,52.03871],[2.9,51.9]]]},"properties":{}},{"type":"Feature","geometry":{"type":"MultiLineString","coordinates":[[[1.3,50.8],[1.498302,50.961124]],[[1.498302,50.961124],[1.648479,51.072443]],[[1.648479,51.072443],[1.868984,51.235892]],[[1.868984,51.235892],[1.8694,51.2362]],[[1.8694,51.2362],[2.3601,51.6089],[2.9,51.9]]]},"properties":{}},{"type":"Feature","geometry":{"type":"MultiLineString","coordinates":[[[1.844154,50.972588],[1.813195,50.988387]],[[1.813195,50.988387],[1.648479,51.072443]],[[1.648479,51.072443],[1.560854,51.117159]],[[1.560854,51.117159],[1.533005,51.131371],[1.4181,51.1477]]]},"properties":{}},{"type":"Feature","geometry":{"type":"MultiLineString","coordinates":[[[1.317535,51.102112],[1.4181,51.1477]],[[1.4181,51.1477],[1.868695,51.236062]],[[1.868695,51.236062],[1.8694,51.2362]]]},"properties":{}},{"type":"Feature","geometry":{"type":"MultiLineString","coordinates":[[[0.1,49.9],[0.372734,50.105616]],[[0.372734,50.105616],[0.63949,50.306725]],[[0.63949,50.306725],[0.640538,50.307515]],[[0.640538,50.307515],[1.117257,50.563512]],[[1.117257,50.563512],[1.271747,50.763438]],[[1.271747,50.763438],[1.3,50.8]]]},"properties":{}},{"type":"Feature","geometry":{"type":"MultiLineString","coordinates":[[[1.08692,49.949817],[0.689435,49.892209],[0.404375,49.801048],[0.3404,49.779448]],[[0.3404,49.779448],[0.200429,49.732189],[0.107726,49.669233],[0.039095,49.532857]],[[0.039095,49.532857],[0.082233,49.485898]],[[0.082233,49.485898],[0.1107,49.4228]],[[0.1107,49.4228],[0.059058,49.375868]]]},"properties":{}},{"type":"Feature","geometry":{"type":"MultiLineString","coordinates":[[[0.1107,49.4228],[-0.109,49.4978]],[[-0.109,49.4978],[-0.057054,49.637359]],[[-0.057054,49.637359],[0.1,49.9]]]},"properties":{}},{"type":"Feature","geometry":{"type":"MultiLineString","coordinates":[[[0.039095,49.532857],[-0.057054,49.637359]],[[-0.057054,49.637359],[-0.313513,49.914768]],[[-0.313513,49.914768],[-0.39055,49.998098],[-0.545959,50.196513]],[[-0.545959,50.196513],[-0.564242,50.219856]],[[-0.564242,50.219856],[-0.672505,50.358079]],[[-0.672505,50.358079],[-0.909332,50.660442]],[[-0.909332,50.660442],[-0.964727,50.731167]]]},"properties":{}},{"type":"Feature","geometry":{"type":"MultiLineString","coordinates":[[[-1.85393,50.578724],[-2.100162,50.138244]],[[-2.100162,50.138244],[-2.17812,49.998784]],[[-2.17812,49.998784],[-2.185907,49.984855]],[[-2.185907,49.984855],[-2.213026,49.936342]],[[-2.213026,49.936342],[-2.218259,49.926981]],[[-2.218259,49.926981],[-2.260032,49.852254]],[[-2.260032,49.852254],[-2.39189,49.616376]],[[-2.39189,49.616376],[-2.4821,49.455]]]},"properties":{}},{"type":"Feature","geometry":{"type":"MultiLineString","coordinates":[[[-1.62165,49.66475],[-1.665743,49.838248]],[[-1.665743,49.838248],[-1.683276,49.907238]],[[-1.683276,49.907238],[-1.699789,49.97221]],[[-1.699789,49.97221],[-1.711788,50.019426]],[[-1.711788,50.019426],[-1.728893,50.08673]],[[-1.728893,50.08673],[-1.735418,50.112405]],[[-1.735418,50.112405],[-1.755087,50.189798]],[[-1.755087,50.189798],[-1.85393,50.578724]]]},"properties":{}},{"type":"Feature","geometry":{"type":"LineString","coordinates":[[-1.85393,50.578724],[-1.921882,50.657764]]},"properties":{}},{"type":"Feature","geometry":{"type":"MultiLineString","coordinates":[[[-2.414364,50.484075],[-2.359617,50.605817],[-2.138214,50.561591]],[[-2.138214,50.561591],[-1.85393,50.578724]],[[-1.85393,50.578724],[-1.62871,50.657029]]]},"properties":{}},{"type":"Feature","geometry":{"type":"MultiLineString","coordinates":[[[-2.138214,50.561591],[-2.414364,50.484075]],[[-2.414364,50.484075],[-1.85393,50.578724]],[[-1.85393,50.578724],[-1.303092,50.571]]]},"properties":{}},{"type":"Feature","geometry":{"type":"MultiLineString","coordinates":[[[-3.527955,50.419884],[-3.467698,50.403639]],[[-3.467698,50.403639],[-2.588182,50.444243]],[[-2.588182,50.444243],[-2.414364,50.484075]]]},"properties":{}},{"type":"Feature","geometry":{"type":"MultiLineString","coordinates":[[[-2.588182,50.444243],[-3.398171,50.597487],[-3.467698,50.403639]],[[-3.467698,50.403639],[-3.514049,50.327504]],[[-3.514049,50.327504],[-3.555765,50.331202]]]},"properties":{}},{"type":"Feature","geometry":{"type":"MultiLineString","coordinates":[[[5,43],[4.356591,42.541967]],[[4.356591,42.541967],[3.3104,41.7972]],[[3.3104,41.7972],[2.5,41.3]]]},"properties":{}},{"type":"Feature","geometry":{"type":"MultiLineString","coordinates":[[[3.06863,43.013524],[3.427734,42.769633]],[[3.427734,42.769633],[4.356591,42.541967]],[[4.356591,42.541967],[4.491049,42.509012]],[[4.491049,42.509012],[5.01348,42.380962]],[[5.01348,42.380962],[5.013733,42.3809]],[[5.013733,42.3809],[5.023145,42.381348]],[[5.023145,42.381348],[5.220606,42.390748]],[[5.220606,42.390748],[5.466835,42.402469]],[[5.466835,42.402469],[5.4801,42.4031]]]},"properties":{}},{"type":"Feature","geometry":{"type":"MultiLineString","coordinates":[[[3.7499,43.3504],[3.427734,42.769633]],[[3.427734,42.769633],[3.494842,42.453731],[3.3104,41.7972]]]},"properties":{}},{"type":"Feature","geometry":{"type":"MultiLineString","coordinates":[[[11.715,42.1138],[11.1,42.2]],[[11.1,42.2],[10.496072,42.499448]],[[10.496072,42.499448],[10.335874,42.578879]],[[10.335874,42.578879],[10.1041,42.6938]],[[10.1041,42.6938],[10.0451,42.8531]]]},"properties":{}},{"type":"Feature","geometry":{"type":"MultiLineString","coordinates":[[[-2.1,36.6],[-0.182736,37.508837]],[[-0.182736,37.508837],[0.075557,37.631275]],[[0.075557,37.631275],[0.128088,37.656176]],[[0.128088,37.656176],[1.542546,38.326669]],[[1.542546,38.326669],[2.426923,38.745888]],[[2.426923,38.745888],[3.028701,39.031147]],[[3.028701,39.031147],[3.031664,39.032552]],[[3.031664,39.032552],[3.424877,39.218946]],[[3.424877,39.218946],[3.487307,39.24854]],[[3.487307,39.24854],[4.509103,39.7329]],[[4.509103,39.7329],[4.586432,39.769556]],[[4.586432,39.769556],[5.0654,39.9966]],[[5.0654,39.9966],[5.983631,40.283479]],[[5.983631,40.283479],[6.898928,40.569443]],[[6.898928,40.569443],[7.566268,40.777937]],[[7.566268,40.777937],[7.566954,40.778151]],[[7.566954,40.778151],[7.569235,40.778864]],[[7.569235,40.778864],[8.426443,41.046678]],[[8.426443,41.046678],[9.2235,41.2957]]]},"properties":{}},{"type":"Feature","geometry":{"type":"MultiLineString","coordinates":[[[1.1722,41.0019],[1.806981,40.837987]],[[1.806981,40.837987],[2.451655,40.67152]],[[2.451655,40.67152],[2.557895,40.644087]],[[2.557895,40.644087],[2.764258,40.5908]],[[2.764258,40.5908],[3.061062,40.514159]],[[3.061062,40.514159],[3.198451,40.478683]],[[3.198451,40.478683],[3.343246,40.441294]],[[3.343246,40.441294],[3.728416,40.341835]],[[3.728416,40.341835],[4.644947,40.105169]],[[4.644947,40.105169],[5.0654,39.9966]]]},"properties":{}},{"type":"Feature","geometry":{"type":"MultiLineString","coordinates":[[[2.5,41.3],[2.983281,41.05446]],[[2.983281,41.05446],[3.450519,40.817071]],[[3.450519,40.817071],[4.0018,40.536982]],[[4.0018,40.536982],[4.661772,40.201671]],[[4.661772,40.201671],[5.0654,39.9966]],[[5.0654,39.9966],[6.266836,39.501343]],[[6.266836,39.501343],[7.531001,38.980228]],[[7.531001,38.980228],[8.4301,38.6096]]]},"properties":{}},{"type":"Feature","geometry":{"type":"MultiLineString","coordinates":[[[15.9,37.7],[16.043935,37.814193]],[[16.043935,37.814193],[16.152761,37.900531]],[[16.152761,37.900531],[17.258567,38.777835]],[[17.258567,38.777835],[18,39.3]]]},"properties":{}},{"type":"Feature","geometry":{"type":"MultiLineString","coordinates":[[[17.1,40.4],[17.405802,39.240949]],[[17.405802,39.240949],[17.258567,38.777835]]]},"properties":{}},{"type":"Feature","geometry":{"type":"LineString","coordinates":[[17.170872,39.106692],[17.258567,38.777835]]},"properties":{}},{"type":"Feature","geometry":{"type":"MultiLineString","coordinates":[[[18,39.3],[17.7886,39.559961]],[[17.7886,39.559961],[17.1,40.4]]]},"properties":{}},{"type":"Feature","geometry":{"type":"MultiLineString","coordinates":[[[17.170872,39.106692],[17.405802,39.240949]],[[17.405802,39.240949],[17.7886,39.559961]],[[17.7886,39.559961],[18.1859,39.7508]]]},"properties":{}},{"type":"Feature","geometry":{"type":"MultiLineString","coordinates":[[[18.0047,42.6272],[17.84558,42.42964]],[[17.84558,42.42964],[17.619341,42.148747]],[[17.619341,42.148747],[17.407153,41.885299]],[[17.407153,41.885299],[17.21018,41.640741]],[[17.21018,41.640741],[17.153728,41.570651]],[[17.153728,41.570651],[17.126307,41.536606]],[[17.126307,41.536606],[17.116269,41.524143]],[[17.116269,41.524143],[17.09377,41.496209]],[[17.09377,41.496209],[16.8291,41.1676]],[[16.8291,41.1676],[17.553035,41.194409]],[[17.553035,41.194409],[17.700276,41.199862]],[[17.700276,41.199862],[17.809376,41.203902]],[[17.809376,41.203902],[18.017625,41.211614]],[[18.017625,41.211614],[18.245282,41.220045]],[[18.245282,41.220045],[18.352001,41.223997]],[[18.352001,41.223997],[18.507903,41.229771]],[[18.507903,41.229771],[18.720104,41.237629]],[[18.720104,41.237629],[19.3944,41.2626]],[[19.3944,41.2626],[19.104583,40.581085]],[[19.104583,40.581085],[19.076028,40.513936]],[[19.076028,40.513936],[19.058808,40.473442]],[[19.058808,40.473442],[19.011287,40.361696]],[[19.011287,40.361696],[18.9,40.1]]]},"properties":{}},{"type":"Feature","geometry":{"type":"MultiLineString","coordinates":[[[16.0558,42.9293],[16.058441,42.927981]],[[16.058441,42.927981],[16.795932,42.55981]],[[16.795932,42.55981],[17.619341,42.148747]],[[17.619341,42.148747],[18.130095,41.893768]],[[18.130095,41.893768],[18.326772,41.795583]],[[18.326772,41.795583],[18.435063,41.741521]],[[18.435063,41.741521],[18.658023,41.630215]],[[18.658023,41.630215],[18.735864,41.591355]],[[18.735864,41.591355],[19.3944,41.2626]],[[19.3944,41.2626],[18.749921,41.049069]],[[18.749921,41.049069],[18.3,40.9]]]},"properties":{}},{"type":"Feature","geometry":{"type":"MultiLineString","coordinates":[[[18.538505,42.386023],[18.562221,42.236046]],[[18.562221,42.236046],[18.612901,41.915558]],[[18.612901,41.915558],[18.658023,41.630215]],[[18.658023,41.630215],[18.678545,41.500438]],[[18.678545,41.500438],[18.720104,41.237629]],[[18.720104,41.237629],[18.749921,41.049069]],[[18.749921,41.049069],[18.805157,40.69977]],[[18.805157,40.69977],[18.827151,40.560681]],[[18.827151,40.560681],[18.838272,40.490354]],[[18.838272,40.490354],[18.843188,40.459268]],[[18.843188,40.459268],[18.9,40.1]]]},"properties":{}},{"type":"Feature","geometry":{"type":"MultiLineString","coordinates":[[[19.05789,42.102145],[18.735864,41.591355]],[[18.735864,41.591355],[18.678545,41.500438]],[[18.678545,41.500438],[18.507903,41.229771]],[[18.507903,41.229771],[18.3,40.9]]]},"properties":{}},{"type":"Feature","geometry":{"type":"MultiLineString","coordinates":[[[18.538505,42.386023],[18.51642,42.248419]],[[18.51642,42.248419],[18.45218,41.848167]],[[18.45218,41.848167],[18.435063,41.741521]],[[18.435063,41.741521],[18.352001,41.223997]],[[18.352001,41.223997],[18.3,40.9]]]},"properties":{}},{"type":"Feature","geometry":{"type":"LineString","coordinates":[[19.3944,41.2626],[19.103851,41.865834]]},"properties":{}},{"type":"Feature","geometry":{"type":"MultiLineString","coordinates":[[[19.05789,42.102145],[19.103851,41.865834]],[[19.103851,41.865834],[19.476562,41.76159]]]},"properties":{}},{"type":"Feature","geometry":{"type":"LineString","coordinates":[[19.476562,41.76159],[19.3944,41.2626]]},"properties":{}},{"type":"Feature","geometry":{"type":"MultiLineString","coordinates":[[[18.0047,42.6272],[18.047817,42.375008]],[[18.047817,42.375008],[18.130095,41.893768]],[[18.130095,41.893768],[18.158915,41.7252]],[[18.158915,41.7252],[18.245282,41.220045]],[[18.245282,41.220045],[18.3,40.9]]]},"properties":{}},{"type":"Feature","geometry":{"type":"MultiLineString","coordinates":[[[16.3457,43.2385],[16.320196,43.084808]],[[16.320196,43.084808],[16.611248,42.763618]],[[16.611248,42.763618],[16.795932,42.55981]],[[16.795932,42.55981],[17.407153,41.885299]],[[17.407153,41.885299],[17.719276,41.540856]],[[17.719276,41.540856],[18.017625,41.211614]],[[18.017625,41.211614],[18.3,40.9]]]},"properties":{}},{"type":"Feature","geometry":{"type":"MultiLineString","coordinates":[[[21.1468,38.2266],[21.010439,38.456953]],[[21.010439,38.456953],[21.08325,38.521543]]]},"properties":{}},{"type":"Feature","geometry":{"type":"MultiLineString","coordinates":[[[22.828287,38.02424],[22.6117,38.2252]],[[22.6117,38.2252],[22.658395,38.344734]]]},"properties":{}},{"type":"Feature","geometry":{"type":"MultiLineString","coordinates":[[[23.396213,37.953465],[23.175353,37.880707]],[[23.175353,37.880707],[23.405921,37.767598]]]},"properties":{}},{"type":"Feature","geometry":{"type":"MultiLineString","coordinates":[[[23.027304,37.913266],[23.396213,37.953465]],[[23.396213,37.953465],[23.401569,37.850922]],[[23.401569,37.850922],[23.405921,37.767598]]]},"properties":{}},{"type":"Feature","geometry":{"type":"MultiLineString","coordinates":[[[21.5038,36.8502],[21.000731,37.867297]],[[21.000731,37.867297],[20.980311,38.076292]],[[20.980311,38.076292],[20.980307,38.07633]],[[20.980307,38.07633],[20.9803,38.0764]]]},"properties":{}},{"type":"Feature","geometry":{"type":"MultiLineString","coordinates":[[[32.424259,34.62214],[31.963969,34.826398]],[[31.963969,34.826398],[31.57014,35.001163]],[[31.57014,35.001163],[30.828994,35.330053]],[[30.828994,35.330053],[30.192667,35.612428]],[[30.192667,35.612428],[29.635565,35.859647]],[[29.635565,35.859647],[28.240572,36.478687],[28.019712,36.494444]]]},"properties":{}},{"type":"Feature","geometry":{"type":"MultiLineString","coordinates":[[[27.2,36.2],[28.88059,35.568887]],[[28.88059,35.568887],[29.7436,35.2448]],[[29.7436,35.2448],[30.4579,35.078883]],[[30.4579,35.078883],[30.788068,35.002192]],[[30.788068,35.002192],[31.341774,34.873578]],[[31.341774,34.873578],[31.90861,34.741914]],[[31.90861,34.741914],[32.424259,34.62214]],[[32.424259,34.62214],[32.881404,34.508296]],[[32.881404,34.508296],[33.6604,34.3143]]]},"properties":{}},{"type":"Feature","geometry":{"type":"MultiLineString","coordinates":[[[30.640908,36.829164],[30.859965,36.601976]],[[30.859965,36.601976],[30.973115,36.484626]],[[30.973115,36.484626],[31.158964,36.291878]],[[31.158964,36.291878],[31.539347,35.897377]],[[31.539347,35.897377],[32.111736,35.303742]],[[32.111736,35.303742],[32.209986,35.201845]],[[32.209986,35.201845],[32.424259,34.62214]]]},"properties":{}},{"type":"Feature","geometry":{"type":"MultiLineString","coordinates":[[[33.69169,34.929694],[33.840932,34.601554]],[[33.840932,34.601554],[33.870143,34.537328]],[[33.870143,34.537328],[33.883295,34.50841]],[[33.883295,34.50841],[33.960724,34.338168]],[[33.960724,34.338168],[33.982556,34.290165]],[[33.982556,34.290165],[34.343674,33.496173]]]},"properties":{}},{"type":"Feature","geometry":{"type":"MultiLineString","coordinates":[[[34.8,33],[34.343674,33.496173]],[[34.343674,33.496173],[34.959295,34.002161]],[[34.959295,34.002161],[35.090178,34.109736]],[[35.090178,34.109736],[35.2,34.2]]]},"properties":{}},{"type":"Feature","geometry":{"type":"MultiLineString","coordinates":[[[32.1,31.7],[32.886029,32.337658]],[[32.886029,32.337658],[33.138181,32.542215]],[[33.138181,32.542215],[33.899796,33.160068]],[[33.899796,33.160068],[34.343674,33.496173]]]},"properties":{}},{"type":"Feature","geometry":{"type":"MultiLineString","coordinates":[[[35.2,34.2],[35.552359,34.511656]],[[35.552359,34.511656],[35.55462,34.891271]],[[35.55462,34.891271],[35.557748,35.416345]],[[35.557748,35.416345],[35.5578,35.425],[35.59023,35.533328]],[[35.59023,35.533328],[35.7,35.9]]]},"properties":{}},{"type":"Feature","geometry":{"type":"MultiLineString","coordinates":[[[16.8291,41.1676],[16.779068,41.643021]],[[16.779068,41.643021],[16.766723,41.760322]],[[16.766723,41.760322],[16.759944,41.824743]],[[16.759944,41.824743],[16.743773,41.978398]],[[16.743773,41.978398],[16.735312,42.058803]],[[16.735312,42.058803],[16.700027,42.39409],[16.513145,42.603453],[16.055348,42.929313]],[[16.055348,42.929313],[16.055347,42.929313],[16.0558,42.9293]]]},"properties":{}},{"type":"Feature","geometry":{"type":"MultiLineString","coordinates":[[[18.3,40.9],[18.805157,40.69977]],[[18.805157,40.69977],[19.104583,40.581085]],[[19.104583,40.581085],[19.452283,40.443267]]]},"properties":{}},{"type":"Feature","geometry":{"type":"MultiLineString","coordinates":[[[19.9547,39.8141],[19.011287,40.361696]],[[19.011287,40.361696],[18.843188,40.459268]],[[18.843188,40.459268],[18.782226,40.494652]],[[18.782226,40.494652],[18.668146,40.590546]],[[18.668146,40.590546],[18.3,40.9]]]},"properties":{}},{"type":"Feature","geometry":{"type":"MultiLineString","coordinates":[[[19.452283,40.443267],[19.058808,40.473442]],[[19.058808,40.473442],[18.838272,40.490354]],[[18.838272,40.490354],[18.782226,40.494652]],[[18.782226,40.494652],[18.644636,40.594961]],[[18.644636,40.594961],[18.389003,40.781329]],[[18.389003,40.781329],[18.264508,40.872091]],[[18.264508,40.872091],[18.06518,41.01741]],[[18.06518,41.01741],[17.809376,41.203902]],[[17.809376,41.203902],[17.483052,41.441806]],[[17.483052,41.441806],[17.21018,41.640741]],[[17.21018,41.640741],[16.899521,41.867226]],[[16.899521,41.867226],[16.843222,41.90827],[16.743773,41.978398]],[[16.743773,41.978398],[15.51034,42.84818]],[[15.51034,42.84818],[15.509069,42.849076],[15.399297,42.94749]],[[15.399297,42.94749],[15.39929,42.947496]]]},"properties":{}},{"type":"Feature","geometry":{"type":"LineString","coordinates":[[15.503499,42.108447],[15.1372,42.071]]},"properties":{}},{"type":"Feature","geometry":{"type":"MultiLineString","coordinates":[[[16.416064,43.488501],[16.022885,43.469128]],[[16.022885,43.469128],[15.362021,43.531649]],[[15.362021,43.531649],[15.24138,43.543062],[14.66401,43.601537]],[[14.66401,43.601537],[14.525376,43.615578]],[[14.525376,43.615578],[13.932002,43.675674]],[[13.932002,43.675674],[13.673727,43.701832]],[[13.673727,43.701832],[13.413823,43.643256]]]},"properties":{}},{"type":"Feature","geometry":{"type":"MultiLineString","coordinates":[[[13.6,43.9],[13.673727,43.701832]],[[13.673727,43.701832],[13.8024,43.3544]],[[13.8024,43.3544],[14.0166,42.9858]],[[14.0166,42.9858],[14.0771,42.7564]],[[14.0771,42.7564],[14.3352,42.5058]],[[14.3352,42.5058],[14.5,42.3761]],[[14.5,42.3761],[14.8351,42.2664]],[[14.8351,42.2664],[15.1372,42.071]],[[15.1372,42.071],[15.9667,42.022]],[[15.9667,42.022],[16.54825,41.7507]],[[16.54825,41.7507],[16.779068,41.643021]],[[16.779068,41.643021],[17.09377,41.496209]],[[17.09377,41.496209],[17.3,41.4]]]},"properties":{}},{"type":"Feature","geometry":{"type":"MultiLineString","coordinates":[[[13.6,43.9],[13.522164,44.108499]],[[13.522164,44.108499],[13.410183,44.408466]],[[13.410183,44.408466],[13.28155,44.742132]],[[13.28155,44.742132],[13.167765,45.091772]],[[13.167765,45.091772],[13.1,45.3]]]},"properties":{}},{"type":"Feature","geometry":{"type":"MultiLineString","coordinates":[[[12.575283,44.083348],[12.687836,44.216466]],[[12.687836,44.216466],[12.757311,43.978651]]]},"properties":{}},{"type":"Feature","geometry":{"type":"MultiLineString","coordinates":[[[13.673727,43.701832],[13.201458,43.907001]],[[13.201458,43.907001],[13.019431,44.027532]],[[13.019431,44.027532],[12.890798,44.106008]],[[12.890798,44.106008],[12.687836,44.216466]],[[12.687836,44.216466],[12.358064,44.518459]]]},"properties":{}},{"type":"Feature","geometry":{"type":"MultiLineString","coordinates":[[[14.396772,44.542681],[14.188601,44.458549]],[[14.188601,44.458549],[13.882241,44.334734]],[[13.882241,44.334734],[13.522164,44.108499]],[[13.522164,44.108499],[13.478202,44.080878]],[[13.478202,44.080878],[13.371456,44.01381]],[[13.371456,44.01381],[13.201458,43.907001]],[[13.201458,43.907001],[13.007295,43.86677]]]},"properties":{}},{"type":"Feature","geometry":{"type":"MultiLineString","coordinates":[[[25.75,32.2],[26.144477,33.297976]],[[26.144477,33.297976],[26.306431,33.748752]],[[26.306431,33.748752],[26.481951,34.237289]],[[26.481951,34.237289],[26.522437,34.349978]],[[26.522437,34.349978],[26.651996,34.710588]],[[26.651996,34.710588],[26.652,34.7106]]]},"properties":{}},{"type":"Feature","geometry":{"type":"MultiLineString","coordinates":[[[24.1578,37.5703],[24.278995,37.538463]],[[24.278995,37.538463],[24.376582,37.512828]],[[24.376582,37.512828],[24.490983,37.482776]],[[24.490983,37.482776],[24.492076,37.482489],[24.932525,37.529168]],[[24.932525,37.529168],[25.082541,37.500721]],[[25.082541,37.500721],[25.172462,37.48367]],[[25.172462,37.48367],[25.172657,37.483633]],[[25.172657,37.483633],[25.172825,37.483601]],[[25.172825,37.483601],[25.318424,37.455992]]]},"properties":{}},{"type":"Feature","geometry":{"type":"MultiLineString","coordinates":[[[24.490529,37.483062],[24.490983,37.482776]],[[24.490983,37.482776],[24.494513,37.480556]],[[24.494513,37.480556],[24.830765,37.26906]],[[24.830765,37.26906],[25.11698,37.089037]]]},"properties":{}},{"type":"Feature","geometry":{"type":"MultiLineString","coordinates":[[[24.45,37.8],[24.437988,37.690383],[24.376582,37.512828]],[[24.376582,37.512828],[24.339386,37.405274]],[[24.339386,37.405274],[24.295629,37.351701]],[[24.295629,37.351701],[24.236675,37.27952]],[[24.236675,37.27952],[24.1095,37.123812]],[[24.1095,37.123812],[23.999544,36.989186]],[[23.999544,36.989186],[23.886715,36.851042]],[[23.886715,36.851042],[23.6,36.5]]]},"properties":{}},{"type":"Feature","geometry":{"type":"MultiLineString","coordinates":[[[27.585273,37.253422],[27.517316,37.216708],[26.938326,37.243358]],[[26.938326,37.243358],[26.628517,37.257617]],[[26.628517,37.257617],[26.177005,37.278399]],[[26.177005,37.278399],[26.09022,37.282394],[26.023353,37.283125]],[[26.023353,37.283125],[25.539779,37.288408]],[[25.539779,37.288408],[25.531077,37.288503]],[[25.531077,37.288503],[25.145718,37.292713]],[[25.145718,37.292713],[25.145682,37.292713]],[[25.145682,37.292713],[25.169274,37.459685]],[[25.169274,37.459685],[25.17197,37.478766]],[[25.17197,37.478766],[25.172636,37.48348]],[[25.172636,37.48348],[25.172642,37.483521]]]},"properties":{}},{"type":"Feature","geometry":{"type":"MultiLineString","coordinates":[[[27.2,36.2],[26.831176,36.486854]],[[26.831176,36.486854],[26.649029,36.62852]],[[26.649029,36.62852],[26.218853,36.96309]],[[26.218853,36.96309],[25.538442,37.285018]],[[25.538442,37.285018],[25.531077,37.288503]],[[25.531077,37.288503],[25.169278,37.459683]],[[25.169278,37.459683],[25.169274,37.459685]],[[25.169274,37.459685],[25.149893,37.468855]],[[25.149893,37.468855],[25.082541,37.500721]],[[25.082541,37.500721],[24.45,37.8]]]},"properties":{}},{"type":"Feature","geometry":{"type":"MultiLineString","coordinates":[[[25.315085,36.131935],[25.315275,36.13173]],[[25.315275,36.13173],[25.527149,35.902819],[25.826731,35.719356]],[[25.826731,35.719356],[26.3941,35.3719]]]},"properties":{}},{"type":"Feature","geometry":{"type":"MultiLineString","coordinates":[[[27.592554,35.869391],[27.548237,35.88019]],[[27.548237,35.88019],[27.337183,35.931621]],[[27.337183,35.931621],[27.01518,36.010089]],[[27.01518,36.010089],[26.804254,36.061489]],[[26.804254,36.061489],[26.432432,36.152097],[25.315313,36.131939]],[[25.315313,36.131939],[25.315085,36.131935]],[[25.315085,36.131935],[24.7862,36.11617]],[[24.7862,36.11617],[24.603968,36.110738]],[[24.603968,36.110738],[24.077413,36.095043]],[[24.077413,36.095043],[23.82499,36.087518]],[[23.82499,36.087518],[23.450478,36.076355]],[[23.450478,36.076355],[23.449324,36.076321]],[[23.449324,36.076321],[23.449263,36.076319]]]},"properties":{}},{"type":"Feature","geometry":{"type":"MultiLineString","coordinates":[[[24.382095,37.402403],[24.339386,37.405274]],[[24.339386,37.405274],[24.371246,37.488611],[24.494513,37.480556]],[[24.494513,37.480556],[24.497893,37.480335],[24.959738,37.346569]],[[24.959738,37.346569],[25.015863,37.330313]],[[25.015863,37.330313],[25.145682,37.292713]],[[25.145682,37.292713],[25.145718,37.292709]],[[25.145718,37.292709],[25.525085,37.251137]],[[25.525085,37.251137],[26.218853,36.96309]]]},"properties":{}},{"type":"Feature","geometry":{"type":"MultiLineString","coordinates":[[[25.769568,37.90579],[25.769473,37.905497]],[[25.769473,37.905497],[25.706749,37.711938]],[[25.706749,37.711938],[25.539779,37.288408]],[[25.539779,37.288408],[25.538442,37.285018]],[[25.538442,37.285018],[25.525085,37.251137]],[[25.525085,37.251137],[25.31357,37.123878]],[[25.31357,37.123878],[25.257671,36.849342]],[[25.257671,36.849342],[25.228623,36.706678]],[[25.228623,36.706678],[25.328394,36.521984]],[[25.328394,36.521984],[25.371818,36.441599]],[[25.371818,36.441599],[25.355776,36.353685]],[[25.355776,36.353685],[25.315313,36.131939]],[[25.315313,36.131939],[25.315275,36.13173]],[[25.315275,36.13173],[25.2,35.5]]]},"properties":{}},{"type":"Feature","geometry":{"type":"MultiLineString","coordinates":[[[27.2,36.2],[27.030399,36.498505]],[[27.030399,36.498505],[27.002785,36.547106]],[[27.002785,36.547106],[27.002784,36.547109]],[[27.002784,36.547109],[26.628517,37.257617]],[[26.628517,37.257617],[26.317601,37.847862]],[[26.317601,37.847862],[26.126767,38.210142]],[[26.126767,38.210142],[25.925704,38.591841]],[[25.925704,38.591841],[25.887945,38.663523]],[[25.887945,38.663523],[25.864702,38.707648]],[[25.864702,38.707648],[25.713407,38.994867]],[[25.713407,38.994867],[25.704549,39.011683]],[[25.704549,39.011683],[25.584511,39.239564]],[[25.584511,39.239564],[25.5,39.4]]]},"properties":{}},{"type":"Feature","geometry":{"type":"MultiLineString","coordinates":[[[33.899796,33.160068],[33.166376,33.477293]],[[33.166376,33.477293],[31.5407,34.180446]],[[31.5407,34.180446],[30.73498,34.528943]],[[30.73498,34.528943],[30.73027,34.53098]],[[30.73027,34.53098],[30.730121,34.531045]],[[30.730121,34.531045],[30.7293,34.5314]],[[30.7293,34.5314],[28.573927,35.450783]],[[28.573927,35.450783],[27.592554,35.869391]]]},"properties":{}},{"type":"Feature","geometry":{"type":"MultiLineString","coordinates":[[[23,34.8],[25.77685,34.445233]],[[25.77685,34.445233],[25.784011,34.444318]],[[25.784011,34.444318],[26.522437,34.349978]],[[26.522437,34.349978],[27.297549,34.25095]],[[27.297549,34.25095],[28.259059,34.128109]],[[28.259059,34.128109],[28.34367,34.117299]],[[28.34367,34.117299],[28.9628,34.0382],[29.474038,33.943663]],[[29.474038,33.943663],[29.703004,33.901323]],[[29.703004,33.901323],[31.178959,33.628393]],[[31.178959,33.628393],[33.062511,33.304186]],[[33.062511,33.304186],[33.899796,33.160068]],[[33.899796,33.160068],[34.8,33]]]},"properties":{}},{"type":"Feature","geometry":{"type":"MultiLineString","coordinates":[[[29.7545,31.2025],[30.072508,31.744076]],[[30.072508,31.744076],[30.32611,32.175967]],[[30.32611,32.175967],[30.408377,32.316071]],[[30.408377,32.316071],[30.609751,32.659015]],[[30.609751,32.659015],[30.765996,32.925106]],[[30.765996,32.925106],[30.786707,32.960377]],[[30.786707,32.960377],[31.178959,33.628393]],[[31.178959,33.628393],[31.324362,33.850293]],[[31.324362,33.850293],[31.5407,34.180446]],[[31.5407,34.180446],[31.722285,34.457564]],[[31.722285,34.457564],[31.76258,34.519058]],[[31.76258,34.519058],[31.90861,34.741914]],[[31.90861,34.741914],[31.963969,34.826398]],[[31.963969,34.826398],[32.209986,35.201845]],[[32.209986,35.201845],[33,35.8]]]},"properties":{}},{"type":"Feature","geometry":{"type":"MultiLineString","coordinates":[[[30,36],[30.192667,35.612428]],[[30.192667,35.612428],[30.4579,35.078883]],[[30.4579,35.078883],[30.729453,34.532624]],[[30.729453,34.532624],[30.729896,34.531733]],[[30.729896,34.531733],[30.730242,34.531036]],[[30.730242,34.531036],[30.73027,34.53098]],[[30.73027,34.53098],[30.731265,34.528979]],[[30.731265,34.528979],[31.021853,33.944429]],[[31.021853,33.944429],[31.178959,33.628393]],[[31.178959,33.628393],[31.615427,32.714555]],[[31.615427,32.714555],[32.1,31.7]]]},"properties":{}},{"type":"Feature","geometry":{"type":"MultiLineString","coordinates":[[[34.221929,31.941392],[33.138181,32.542215]],[[33.138181,32.542215],[32.738332,32.763887]],[[32.738332,32.763887],[31.178959,33.628393]],[[31.178959,33.628393],[30.0927,34.231911]],[[30.0927,34.231911],[30.091312,34.232682]],[[30.091312,34.232682],[30.087873,34.234593]]]},"properties":{}},{"type":"Feature","geometry":{"type":"MultiLineString","coordinates":[[[32.1,31.7],[32.390763,31.727717]],[[32.390763,31.727717],[34.221929,31.941392]]]},"properties":{}},{"type":"Feature","geometry":{"type":"MultiLineString","coordinates":[[[17,32],[15.3048,32.4046]],[[15.3048,32.4046],[14.348129,32.757347]],[[14.348129,32.757347],[13.2935,33.1446],[13.1,33.2]]]},"properties":{}},{"type":"Feature","geometry":{"type":"MultiLineString","coordinates":[[[14.279068,32.662716],[14.278519,32.676133],[14.348129,32.757347]],[[14.348129,32.757347],[14.919696,32.921677]],[[14.919696,32.921677],[15.204067,33.003436]],[[15.204067,33.003436],[16.250097,33.304179]],[[16.250097,33.304179],[17.382273,33.629689]],[[17.382273,33.629689],[19.466556,34.228938]],[[19.466556,34.228938],[19.478861,34.232476]],[[19.478861,34.232476],[19.4939,34.2368]],[[19.4939,34.2368],[20.646971,34.773058]],[[20.646971,34.773058],[21.407365,35.126694]],[[21.407365,35.126694],[21.77807,35.299098]],[[21.77807,35.299098],[22.340682,35.560752]],[[22.340682,35.560752],[22.786664,35.768164]],[[22.786664,35.768164],[22.866114,35.805114]],[[22.866114,35.805114],[23.449263,36.076319]]]},"properties":{}},{"type":"Feature","geometry":{"type":"MultiLineString","coordinates":[[[13.5442,37.2273],[13.34884,37.004193]],[[13.34884,37.004193],[13.263819,36.907095]],[[13.263819,36.907095],[13.229801,36.868246]],[[13.229801,36.868246],[13.053885,36.667344]],[[13.053885,36.667344],[12.931289,36.527336]],[[12.931289,36.527336],[12.554654,36.097206]],[[12.554654,36.097206],[11.6,35]]]},"properties":{}},{"type":"Feature","geometry":{"type":"MultiLineString","coordinates":[[[11,37.5],[11.065591,37.369642]],[[11.065591,37.369642],[11.3579,36.7887]],[[11.3579,36.7887],[11.215206,36.603309]],[[11.215206,36.603309],[10.6905,35.9216],[11.363598,35.985007]],[[11.363598,35.985007],[12.554654,36.097206]],[[12.554654,36.097206],[13.907007,36.035931]],[[13.907007,36.035931],[14.7,36]]]},"properties":{}},{"type":"Feature","geometry":{"type":"LineString","coordinates":[[14.518707,35.920414],[14.7,36]]},"properties":{}},{"type":"Feature","geometry":{"type":"MultiLineString","coordinates":[[[11.6,35],[13.090889,35.377207]],[[13.090889,35.377207],[14.5047,35.734912]]]},"properties":{}},{"type":"Feature","geometry":{"type":"LineString","coordinates":[[14.5047,35.734912],[14.7,36]]},"properties":{}},{"type":"Feature","geometry":{"type":"MultiLineString","coordinates":[[[13.1,33.2],[13.787885,34.441353]],[[13.787885,34.441353],[14.5047,35.734912]]]},"properties":{}},{"type":"Feature","geometry":{"type":"MultiLineString","coordinates":[[[14.5047,35.734912],[13.907007,36.035931]],[[13.907007,36.035931],[12.931289,36.527336]],[[12.931289,36.527336],[12.23823,36.876384]],[[12.23823,36.876384],[12.004388,36.994155]],[[12.004388,36.994155],[11.699218,37.147849]],[[11.699218,37.147849],[11.140283,37.429349]],[[11.140283,37.429349],[11,37.5]]]},"properties":{}},{"type":"Feature","geometry":{"type":"MultiLineString","coordinates":[[[11,34],[13.284477,35.117277]],[[13.284477,35.117277],[14.183899,35.557161],[14.5047,35.734912]]]},"properties":{}},{"type":"Feature","geometry":{"type":"LineString","coordinates":[[11,34],[10.802335,34.684582],[10.805054,34.432271],[10.373291,34.235303],[11,34]]},"properties":{}},{"type":"Feature","geometry":{"type":"LineString","coordinates":[[43.3,12.7],[38.6238,18.6444],[36.108,24.0443],[34.5,27]]},"properties":{}},{"type":"Feature","geometry":{"type":"MultiLineString","coordinates":[[[51.6,26.3],[53.148966,26.25488]],[[53.148966,26.25488],[55.2,25.6]]]},"properties":{}},{"type":"Feature","geometry":{"type":"LineString","coordinates":[[53.148966,26.25488],[52.1,24.7]]},"properties":{}},{"type":"Feature","geometry":{"type":"MultiLineString","coordinates":[[[48.540441,28.413529],[49.046281,28.218032]],[[49.046281,28.218032],[49.054796,28.214741]],[[49.054796,28.214741],[49.055127,28.214613]],[[49.055127,28.214613],[49.054902,28.213451]],[[49.054902,28.213451],[49.054017,28.208889]],[[49.054017,28.208889],[48.964966,27.749648]]]},"properties":{}},{"type":"Feature","geometry":{"type":"MultiLineString","coordinates":[[[50.1,28.6],[51.221979,27.181631]],[[51.221979,27.181631],[51.6,26.3]]]},"properties":{}},{"type":"Feature","geometry":{"type":"MultiLineString","coordinates":[[[53.148966,26.25488],[51.221979,27.181631]],[[51.221979,27.181631],[49.055127,28.214613]]]},"properties":{}},{"type":"Feature","geometry":{"type":"MultiLineString","coordinates":[[[49.055127,28.214613],[50.1,28.6]],[[50.1,28.6],[50.3649,29.2472]],[[50.3649,29.2472],[51.4475,27.5435],[51.221979,27.181631]]]},"properties":{}},{"type":"Feature","geometry":{"type":"MultiLineString","coordinates":[[[48.9,30.1],[50.3649,29.2472]],[[50.3649,29.2472],[51.221979,27.181631]],[[51.221979,27.181631],[53.3693,26.5789],[53.148966,26.25488]]]},"properties":{}},{"type":"Feature","geometry":{"type":"MultiLineString","coordinates":[[[66.6,24.3],[64.447045,22.842503]],[[64.447045,22.842503],[62.375976,21.440441]],[[62.375976,21.440441],[59,20]]]},"properties":{}},{"type":"Feature","geometry":{"type":"MultiLineString","coordinates":[[[60.4,22.7],[62.375976,21.440441]],[[62.375976,21.440441],[64.5005,20.0838]],[[64.5005,20.0838],[64.952594,19.426191]],[[64.952594,19.426191],[66.257926,17.527476]],[[66.257926,17.527476],[66.688152,16.901677]],[[66.688152,16.901677],[67.5721,15.6159],[68.801755,14.678599]],[[68.801755,14.678599],[69.999398,13.765698]],[[69.999398,13.765698],[71.4585,12.6535],[75.3,9.7]]]},"properties":{}},{"type":"Feature","geometry":{"type":"MultiLineString","coordinates":[[[66.6,24.3],[65.725774,22.570773]],[[65.725774,22.570773],[65.1085,21.3498],[65.005269,20.076108]],[[65.005269,20.076108],[64.952594,19.426191]],[[64.952594,19.426191],[64.766386,17.128701]],[[64.766386,17.128701],[64.5965,15.0326]],[[64.5965,15.0326],[64.696861,10.034474]],[[64.696861,10.034474],[64.698862,9.934828]],[[64.698862,9.934828],[64.707692,9.495093]],[[64.707692,9.495093],[64.731807,8.294133]],[[64.731807,8.294133],[64.79265,5.264054]],[[64.79265,5.264054],[64.800833,4.856544]],[[64.800833,4.856544],[64.898351,-0.00001]],[[64.898351,-0.00001],[64.901577,-0.16069]],[[64.901577,-0.16069],[64.999898,-5.057191]],[[64.999898,-5.057191],[64.999898,-5.057196]],[[64.999898,-5.057196],[64.9999,-5.0573]]]},"properties":{}},{"type":"Feature","geometry":{"type":"MultiLineString","coordinates":[[[70,20],[67.795105,17.911613]],[[67.795105,17.911613],[67.4073,17.5443],[66.688152,16.901677]],[[66.688152,16.901677],[64.5965,15.0326]],[[64.5965,15.0326],[62.4181,12.5389],[60.825733,10.866984]],[[60.825733,10.866984],[60,10]]]},"properties":{}},{"type":"Feature","geometry":{"type":"MultiLineString","coordinates":[[[79.646485,7.229672],[77,8]],[[77,8],[70.821972,8.364223],[70.84994,8.356493]],[[70.84994,8.356493],[75.947618,6.947618]],[[75.947618,6.947618],[80.1,5.8]]]},"properties":{}},{"type":"Feature","geometry":{"type":"MultiLineString","coordinates":[[[77,8],[75.966807,6.966807]],[[75.966807,6.966807],[75.947618,6.947618]],[[75.947618,6.947618],[73.845613,4.845613]],[[73.845613,4.845613],[73,4]]]},"properties":{}},{"type":"Feature","geometry":{"type":"MultiLineString","coordinates":[[[73,4],[73.342529,-0.000017]],[[73.342529,-0.000017],[72.84758,-4.175078]],[[72.84758,-4.175078],[72.477607,-7.29593]],[[72.477607,-7.29593],[72.476984,-7.301181]],[[72.476984,-7.301181],[72.475433,-7.314267]],[[72.475433,-7.314267],[72.475079,-7.317252]],[[72.475079,-7.317252],[72.47392,-7.327029],[72.4667,-7.3111]]]},"properties":{}},{"type":"Feature","geometry":{"type":"MultiLineString","coordinates":[[[80,-0.00002],[77.693043,-0.000019]],[[77.693043,-0.000019],[76.598856,-0.000018]],[[76.598856,-0.000018],[73.342529,-0.000017]],[[73.342529,-0.000017],[70,-0.00003]]]},"properties":{}},{"type":"Feature","geometry":{"type":"MultiLineString","coordinates":[[[92,20],[91.6295,21.7994]],[[91.6295,21.7994],[91,22]]]},"properties":{}},{"type":"Feature","geometry":{"type":"MultiLineString","coordinates":[[[97,12],[97.610408,13.415672]],[[97.610408,13.415672],[97,16]]]},"properties":{}},{"type":"Feature","geometry":{"type":"MultiLineString","coordinates":[[[93.3,14.4],[97.610408,13.415672]],[[97.610408,13.415672],[97,12]]]},"properties":{}},{"type":"Feature","geometry":{"type":"MultiLineString","coordinates":[[[100.6823,7.3179],[102.041019,9.16096]],[[102.041019,9.16096],[103.341,10.5516]]]},"properties":{}},{"type":"Feature","geometry":{"type":"MultiLineString","coordinates":[[[100.4,13],[103.341,10.5516]],[[103.341,10.5516],[104.9,8.4]]]},"properties":{}},{"type":"Feature","geometry":{"type":"MultiLineString","coordinates":[[[100.4,13],[102.041019,9.16096]],[[102.041019,9.16096],[102.439502,7.769072]],[[102.439502,7.769072],[103.9303,4.6903],[104.482294,1.341312]]]},"properties":{}},{"type":"Feature","geometry":{"type":"MultiLineString","coordinates":[[[100.6823,7.3179],[102.439502,7.769072]],[[102.439502,7.769072],[104.9,8.4]]]},"properties":{}},{"type":"Feature","geometry":{"type":"MultiLineString","coordinates":[[[-44.6816,-25.7764],[-44.670202,-25.778351]],[[-44.670202,-25.778351],[-42.873028,-26.085889]],[[-42.873028,-26.085889],[-41.28908,-26.35694]],[[-41.28908,-26.35694],[-39.822593,-26.60789]],[[-39.822593,-26.60789],[-36.932742,-27.102411]],[[-36.932742,-27.102411],[-32.074495,-27.933771]],[[-32.074495,-27.933771],[-29.999521,-28.288848]],[[-29.999521,-28.288848],[-28.466397,-28.551201]],[[-28.466397,-28.551201],[-20,-30]],[[-20,-30],[-10.839833,-30.913051]],[[-10.839833,-30.913051],[-10.3016,-30.9667],[-9.999576,-31.009742]],[[-9.999576,-31.009742],[-8.931245,-31.161991]],[[-8.931245,-31.161991],[-1.979997,-32.152623]],[[-1.979997,-32.152623],[0.001027,-32.434942]],[[0.001027,-32.434942],[2.577253,-32.802083]],[[2.577253,-32.802083],[6.861079,-33.412577]],[[6.861079,-33.412577],[10.001621,-33.86014]],[[10.001621,-33.86014],[18,-35]]]},"properties":{}},{"type":"Feature","geometry":{"type":"MultiLineString","coordinates":[[[-18,21],[-13.618653,27.705078],[-12.194387,29.156452]],[[-12.194387,29.156452],[-10.1,31.8]]]},"properties":{}},{"type":"Feature","geometry":{"type":"MultiLineString","coordinates":[[[-15.3,28.3],[-12.194387,29.156452]],[[-12.194387,29.156452],[-10.1,30.2]]]},"properties":{}},{"type":"Feature","geometry":{"type":"MultiLineString","coordinates":[[[-5.75,35.95],[-8.018851,34.507302]],[[-8.018851,34.507302],[-8.396585,34.267112]],[[-8.396585,34.267112],[-8.810842,34.003698]],[[-8.810842,34.003698],[-11.1264,32.5313],[-15.172119,29.337503]],[[-15.172119,29.337503],[-16.1,28.9]]]},"properties":{}},{"type":"Feature","geometry":{"type":"MultiLineString","coordinates":[[[-10.0729,43.4198],[-10.075998,43.410899]],[[-10.075998,43.410899],[-10.087631,43.377475]],[[-10.087631,43.377475],[-10.091286,43.366973]],[[-10.091286,43.366973],[-10.167909,43.146826]],[[-10.167909,43.146826],[-10.289669,42.796988]],[[-10.289669,42.796988],[-11.070622,40.553191]],[[-11.070622,40.553191],[-11.120196,40.410757]],[[-11.120196,40.410757],[-11.158374,40.301066]],[[-11.158374,40.301066],[-11.664545,38.84676]],[[-11.664545,38.84676],[-11.81009,38.428587]],[[-11.81009,38.428587],[-12.057515,37.717697]],[[-12.057515,37.717697],[-12.131862,37.504085]],[[-12.131862,37.504085],[-12.262448,37.128892]],[[-12.262448,37.128892],[-12.32612,36.945951]],[[-12.32612,36.945951],[-12.493983,36.463656]],[[-12.493983,36.463656],[-12.608538,36.134522]],[[-12.608538,36.134522],[-12.761203,35.695892]],[[-12.761203,35.695892],[-12.839781,35.470126]],[[-12.839781,35.470126],[-13.114888,34.6797]],[[-13.114888,34.6797],[-13.125687,34.648673]],[[-13.125687,34.648673],[-13.32875,34.065242]],[[-13.32875,34.065242],[-13.9051,32.4093],[-15.172119,29.337503]]]},"properties":{}},{"type":"Feature","geometry":{"type":"MultiLineString","coordinates":[[[-43.9,-1.4],[-42.781385,-0.211655]],[[-42.781385,-0.211655],[-42.582168,-0.00002]],[[-42.582168,-0.00002],[-41.320869,1.339903]],[[-41.320869,1.339903],[-40.950664,1.733185]],[[-40.950664,1.733185],[-40.257474,2.469586]],[[-40.257474,2.469586],[-40.000165,2.742935]],[[-40.000165,2.742935],[-36.455448,6.508614]],[[-36.455448,6.508614],[-34.4259,8.664676]],[[-34.4259,8.664676],[-33.147184,10.023101]],[[-33.147184,10.023101],[-31.527261,11.744004]],[[-31.527261,11.744004],[-30.000538,13.365895]],[[-30.000538,13.365895],[-28.1434,15.3388],[-26.500758,17.508345]],[[-26.500758,17.508345],[-24.169787,20.587008]],[[-24.169787,20.587008],[-21.885281,23.604304]],[[-21.885281,23.604304],[-21.704728,23.842772]],[[-21.704728,23.842772],[-19.309905,27.00577]],[[-19.309905,27.00577],[-17.8,29]],[[-17.8,29],[-16.126816,28.531508]],[[-16.126816,28.531508],[-15.3,28.3]]]},"properties":{}},{"type":"Feature","geometry":{"type":"MultiLineString","coordinates":[[[-33.8,-5.25],[-32.849085,-3.254699]],[[-32.849085,-3.254699],[-31.746,-0.9401],[-31.299233,-0.000013]],[[-31.299233,-0.000013],[-30.87662,0.889252]],[[-30.87662,0.889252],[-30.000164,2.733492]],[[-30.000164,2.733492],[-29.6971,3.3712],[-29.222944,4.359034]],[[-29.222944,4.359034],[-27.630212,7.677259]],[[-27.630212,7.677259],[-27.63,7.6777],[-26.332848,10.319482]],[[-26.332848,10.319482],[-25.5208,11.9733],[-24.526719,13.926802]],[[-24.526719,13.926802],[-23.713957,15.523988]],[[-23.713957,15.523988],[-23.3439,16.2512],[-21.0708,20.5041],[-20.89753,20.808497]],[[-20.89753,20.808497],[-19.939079,22.49228]],[[-19.939079,22.49228],[-18.76187,24.560373]],[[-18.76187,24.560373],[-18.6689,24.7237],[-16.186157,27.71606],[-16.126816,28.531508]],[[-16.126816,28.531508],[-16.1,28.9]]]},"properties":{}},{"type":"Feature","geometry":{"type":"MultiLineString","coordinates":[[[-17,33],[-16.031249,32.677097],[-15.172119,29.337503]],[[-15.172119,29.337503],[-15.3,28.3]]]},"properties":{}},{"type":"Feature","geometry":{"type":"MultiLineString","coordinates":[[[-5.269383,35.97289],[-5.412677,36.166941],[-5.354867,35.968819]],[[-5.354867,35.968819],[-5.336225,35.904932],[-5.269383,35.97289]]]},"properties":{}},{"type":"Feature","geometry":{"type":"MultiLineString","coordinates":[[[117.710911,-16.488495],[117.710827,-16.487893]],[[117.710827,-16.487893],[117.70237,-16.427602]],[[117.70237,-16.427602],[116.72006,-9.423859]],[[116.72006,-9.423859],[116.674637,-9.1]],[[116.674637,-9.1],[116.636667,-8.829281],[116.809387,-8.296954],[116.693918,-7.291679]]]},"properties":{}},{"type":"Feature","geometry":{"type":"MultiLineString","coordinates":[[[116.664478,-20.18796],[116.445875,-17.910922]],[[116.445875,-17.910922],[115.6,-9.1]]]},"properties":{}},{"type":"Feature","geometry":{"type":"MultiLineString","coordinates":[[[118.6,-19.6],[116.664478,-20.18796]],[[116.664478,-20.18796],[114.5,-20.9]]]},"properties":{}},{"type":"Feature","geometry":{"type":"LineString","coordinates":[[113.56821,-25.298256],[113.031738,-25.350146],[112.746252,-25.490973]]},"properties":{}},{"type":"Feature","geometry":{"type":"MultiLineString","coordinates":[[[113,-23.5],[112.746252,-25.490973]],[[112.746252,-25.490973],[112.7,-26]]]},"properties":{}},{"type":"Feature","geometry":{"type":"LineString","coordinates":[[129.1,-32.1],[132.264404,-32.493152],[134.5,-34]]},"properties":{}},{"type":"Feature","geometry":{"type":"MultiLineString","coordinates":[[[173.1,1.1],[169.8542,-1.6924],[168.457366,-2.888399]],[[168.457366,-2.888399],[166.5992,-4.4794],[165.645395,-5.700857]],[[165.645395,-5.700857],[162.70752,-9.463144]],[[162.70752,-9.463144],[160,-10]]]},"properties":{}},{"type":"Feature","geometry":{"type":"LineString","coordinates":[[162.70752,-9.463144],[160.0003,-5.0004],[160,-0.00002]]},"properties":{}},{"type":"Feature","geometry":{"type":"MultiLineString","coordinates":[[[116.95,-5.4],[118.453638,-3.189385]],[[118.453638,-3.189385],[118.2277,-2.1506]],[[118.2277,-2.1506],[119.5,1.1]]]},"properties":{}},{"type":"Feature","geometry":{"type":"MultiLineString","coordinates":[[[114.411804,-3.707578],[113.756047,-4.480697]],[[113.756047,-4.480697],[113.174172,-5.773844]],[[113.174172,-5.773844],[112.966712,-6.234898]],[[112.966712,-6.234898],[112.650454,-6.937744]]]},"properties":{}},{"type":"Feature","geometry":{"type":"MultiLineString","coordinates":[[[116.95,-5.4],[114.100124,-4.579731]],[[114.100124,-4.579731],[113.756047,-4.480697]],[[113.756047,-4.480697],[110.7,-3.6]]]},"properties":{}},{"type":"Feature","geometry":{"type":"MultiLineString","coordinates":[[[111.9,-5.9],[113.756047,-4.480697]],[[113.756047,-4.480697],[114.099995,-4.579754],[114.100124,-4.579731]],[[114.100124,-4.579731],[117.508216,-3.981888],[118.453638,-3.189385]]]},"properties":{}},{"type":"Feature","geometry":{"type":"LineString","coordinates":[[-118.194489,33.703898],[-118.1215,33.6276]]},"properties":{}},{"type":"Feature","geometry":{"type":"MultiLineString","coordinates":[[[-117.7702,32.6652],[-116.130461,27.989265]],[[-116.130461,27.989265],[-113.4508,24.926],[-111.0067,22.3104],[-109.832589,21.395093]],[[-109.832589,21.395093],[-108.2357,20.1502],[-107.20629,19.341106]],[[-107.20629,19.341106],[-105.5,18]],[[-105.5,18],[-99.913376,15.63055]],[[-99.913376,15.63055],[-99.644,15.5163]],[[-99.644,15.5163],[-93.9243,12.9057],[-90.991341,11.48884]],[[-90.991341,11.48884],[-89.110835,10.580401]],[[-89.110835,10.580401],[-88.3178,10.1973],[-87.997356,10.035818]],[[-87.997356,10.035818],[-82.8,7.4167],[-81.4,6.9]]]},"properties":{}},{"type":"Feature","geometry":{"type":"MultiLineString","coordinates":[[[-115.2,27.5],[-116.130461,27.989265]],[[-116.130461,27.989265],[-117.491362,28.696433]],[[-117.491362,28.696433],[-120,30]]]},"properties":{}},{"type":"Feature","geometry":{"type":"MultiLineString","coordinates":[[[-81.4,6.9],[-82.675316,6.409235]],[[-82.675316,6.409235],[-85.6025,5.2828],[-85.742297,5.227789]],[[-85.742297,5.227789],[-89.238446,3.852041]],[[-89.238446,3.852041],[-89.7834,3.6376],[-90.595838,3.313011]],[[-90.595838,3.313011],[-92.511534,2.547643]],[[-92.511534,2.547643],[-93.9491,1.9733],[-98.1066,0.2987],[-100,-0.00002]],[[-100,-0.00002],[-102.2629,-1.3775],[-103.444083,-1.851137]],[[-103.444083,-1.851137],[-105.370314,-2.623527]],[[-105.370314,-2.623527],[-106.4249,-3.0464],[-106.833632,-3.20824]],[[-106.833632,-3.20824],[-108.677777,-3.938441]],[[-108.677777,-3.938441],[-109.999732,-4.461878]],[[-109.999732,-4.461878],[-110.5996,-4.6994],[-114.02527,-6.029318]],[[-114.02527,-6.029318],[-114.7936,-6.3276],[-117.177048,-7.228058]],[[-117.177048,-7.228058],[-119.0136,-7.9219],[-119.999897,-8.281897]],[[-119.999897,-8.281897],[-121.277234,-8.748123]],[[-121.277234,-8.748123],[-123.2654,-9.4738],[-124.871763,-10.035757]],[[-124.871763,-10.035757],[-127.5546,-10.9743],[-128.707198,-11.357568]],[[-128.707198,-11.357568],[-129.999714,-11.787362]],[[-129.999714,-11.787362],[-130.876464,-12.078904]],[[-130.876464,-12.078904],[-131.886,-12.4146],[-132.478029,-12.600069]],[[-132.478029,-12.600069],[-136.2636,-13.786],[-136.338883,-13.807999]],[[-136.338883,-13.807999],[-139.99922,-14.877634]],[[-139.99922,-14.877634],[-140.6907,-15.0797],[-144.147271,-16.011589]],[[-144.147271,-16.011589],[-145.1692,-16.2871],[-149.7,-17.4]]]},"properties":{}},{"type":"Feature","geometry":{"type":"MultiLineString","coordinates":[[[-121.532,34.5768],[-124.335754,35.602083]],[[-124.335754,35.602083],[-124.7876,35.767315]],[[-124.7876,35.767315],[-125.4023,35.9921],[-125.79613,36.120424]],[[-125.79613,36.120424],[-126.521154,36.356665]],[[-126.521154,36.356665],[-126.936629,36.492042]],[[-126.936629,36.492042],[-130.001054,37.490546]],[[-130.001054,37.490546],[-130.0893,37.5193],[-132.090419,38.070858]],[[-132.090419,38.070858],[-134.818074,38.822668]],[[-134.818074,38.822668],[-134.9586,38.8614],[-137.425836,39.418625]],[[-137.425836,39.418625],[-140,40]]]},"properties":{}},{"type":"Feature","geometry":{"type":"LineString","coordinates":[[-118.0244,33.3332],[-120,30]]},"properties":{}},{"type":"Feature","geometry":{"type":"LineString","coordinates":[[10.249394,56.158999],[10.345001,56.08583],[10.675964,56.023716],[10.950623,56.119529]]},"properties":{}},{"type":"Feature","geometry":{"type":"MultiLineString","coordinates":[[[10.950623,56.119529],[11.391819,56.41166]],[[11.391819,56.41166],[11.988567,56.905254]],[[11.988567,56.905254],[12.205419,57.084621]]]},"properties":{}},{"type":"Feature","geometry":{"type":"MultiLineString","coordinates":[[[10.9,55.6],[10.923273,55.838842]],[[10.923273,55.838842],[10.950623,56.119529]],[[10.950623,56.119529],[11.135092,56.714561]],[[11.135092,56.714561],[11.4,57.7]]]},"properties":{}},{"type":"Feature","geometry":{"type":"LineString","coordinates":[[10.950623,56.119529],[12.224865,56.202121]]},"properties":{}},{"type":"Feature","geometry":{"type":"MultiLineString","coordinates":[[[10.7333,57.8],[10.694366,57.370646],[10.773164,57.137476],[11.135092,56.714561]],[[11.135092,56.714561],[11.391819,56.41166]],[[11.391819,56.41166],[12.224865,56.202121]],[[12.224865,56.202121],[12.629725,56.063887]]]},"properties":{}},{"type":"Feature","geometry":{"type":"MultiLineString","coordinates":[[[12.75,55.9],[12.629725,56.063887]],[[12.629725,56.063887],[12.409121,56.337379]],[[12.409121,56.337379],[12.409118,56.337382],[11.988567,56.905254]],[[11.988567,56.905254],[11.4,57.7]]]},"properties":{}},{"type":"Feature","geometry":{"type":"MultiLineString","coordinates":[[[12.821892,56.638669],[12.409121,56.337379]],[[12.409121,56.337379],[12.407509,56.336203],[12.224865,56.202121]],[[12.224865,56.202121],[11.853149,55.993443]]]},"properties":{}},{"type":"Feature","geometry":{"type":"MultiLineString","coordinates":[[[9.781246,55.662808],[10.174941,55.659037]],[[10.174941,55.659037],[10.9,55.6]]]},"properties":{}},{"type":"Feature","geometry":{"type":"MultiLineString","coordinates":[[[10.7333,57.8],[9.952745,57.599859]],[[9.952745,57.599859],[8.9354,57.406],[7.983627,56.821663]],[[7.983627,56.821663],[7.981533,56.820377]],[[7.981533,56.820377],[7.7379,56.6708],[6.837383,55.808317]],[[6.837383,55.808317],[6.475957,55.462156]],[[6.475957,55.462156],[5.895222,54.905948]],[[5.895222,54.905948],[5.7822,54.7977]]]},"properties":{}},{"type":"Feature","geometry":{"type":"MultiLineString","coordinates":[[[10.063989,58.988191],[10.059925,58.937471]],[[10.059925,58.937471],[10.049246,58.804203]],[[10.049246,58.804203],[10.045526,58.75777]],[[10.045526,58.75777],[10.036575,58.646064]],[[10.036575,58.646064],[9.979909,57.938871]],[[9.979909,57.938871],[9.973674,57.861058]],[[9.973674,57.861058],[9.957911,57.664329]],[[9.957911,57.664329],[9.952745,57.599859]]]},"properties":{}},{"type":"Feature","geometry":{"type":"MultiLineString","coordinates":[[[10.7333,57.8],[9.973674,57.861058]],[[9.973674,57.861058],[9.916106,57.865686]],[[9.916106,57.865686],[9.754772,57.878654]],[[9.754772,57.878654],[8.05,57.95]]]},"properties":{}},{"type":"Feature","geometry":{"type":"MultiLineString","coordinates":[[[0.4,53.5],[0.4513,53.1725],[0.2645,52.9033]],[[0.2645,52.9033],[0.6133,53.0439],[1.7064,52.8569],[2.1349,52.7457]],[[2.1349,52.7457],[3.175785,53.030519]],[[3.175785,53.030519],[3.1907,53.0346],[3.219351,53.059747]],[[3.219351,53.059747],[3.720947,53.5]],[[3.720947,53.5],[4.201185,53.921507]],[[4.201185,53.921507],[4.33098,54.035429]],[[4.33098,54.035429],[4.508,54.1908],[5.239022,54.960863]],[[5.239022,54.960863],[5.241469,54.96344]],[[5.241469,54.96344],[5.737296,55.485746]],[[5.737296,55.485746],[6.2438,56.0193],[6.392305,56.179661]],[[6.392305,56.179661],[7.3436,57.2069]],[[7.3436,57.2069],[8.05,57.95]]]},"properties":{}},{"type":"Feature","geometry":{"type":"MultiLineString","coordinates":[[[-1.1033,54.7161],[-0.754169,54.819051]],[[-0.754169,54.819051],[-0.750184,54.820226]],[[-0.750184,54.820226],[-0.749048,54.820561]],[[-0.749048,54.820561],[1.57465,55.505767]],[[1.57465,55.505767],[2.727554,55.845732]],[[2.727554,55.845732],[3.616286,56.107799]],[[3.616286,56.107799],[4.097765,56.249776]],[[4.097765,56.249776],[5.648299,56.706994]],[[5.648299,56.706994],[7.3436,57.2069]],[[7.3436,57.2069],[7.549486,57.242924]],[[7.549486,57.242924],[8.01318,57.324057]],[[8.01318,57.324057],[9.94419,57.661928]],[[9.94419,57.661928],[9.957911,57.664329]],[[9.957911,57.664329],[10.7333,57.8]]]},"properties":{}},{"type":"Feature","geometry":{"type":"MultiLineString","coordinates":[[[11.287663,58.288653],[11.116467,58.242864]],[[11.116467,58.242864],[10.80987,58.160859]],[[10.80987,58.160859],[10.72464,58.138062]],[[10.72464,58.138062],[10.503596,58.07894]],[[10.503596,58.07894],[9.979909,57.938871]],[[9.979909,57.938871],[9.908645,57.91981]],[[9.908645,57.91981],[9.754772,57.878654]],[[9.754772,57.878654],[8.017329,57.394601]],[[8.017329,57.394601],[7.568299,57.269501]],[[7.568299,57.269501],[7.3436,57.2069]]]},"properties":{}},{"type":"Feature","geometry":{"type":"MultiLineString","coordinates":[[[10.247076,59.032342],[10.497681,59.008579]],[[10.497681,59.008579],[10.498669,59.008486]],[[10.498669,59.008486],[10.511279,59.00729],[10.703071,58.980103]],[[10.703071,58.980103],[10.733681,58.975764]],[[10.733681,58.975764],[10.975342,58.941507],[10.831103,59.057376],[10.701577,59.03842]],[[10.701577,59.03842],[10.499442,59.008837]],[[10.499442,59.008837],[10.497685,59.00858]]]},"properties":{}},{"type":"Feature","geometry":{"type":"LineString","coordinates":[[9.762705,58.978637],[9.763069,59.011047],[9.705563,59.049826]]},"properties":{}},{"type":"Feature","geometry":{"type":"MultiLineString","coordinates":[[[17,56.4],[16.209967,55.954553]],[[16.209967,55.954553],[15.80658,55.72711]],[[15.80658,55.72711],[14.374661,55.229033]],[[14.374661,55.229033],[13.9,55]]]},"properties":{}},{"type":"Feature","geometry":{"type":"MultiLineString","coordinates":[[[13.9,55],[14.497184,54.962028]],[[14.497184,54.962028],[15.033417,54.927931]],[[15.033417,54.927931],[19,55]]]},"properties":{}},{"type":"Feature","geometry":{"type":"MultiLineString","coordinates":[[[15.556619,54.195535],[15.324419,54.520576]],[[15.324419,54.520576],[15.033417,54.927931]],[[15.033417,54.927931],[14.638863,55.096643]]]},"properties":{}},{"type":"Feature","geometry":{"type":"MultiLineString","coordinates":[[[27.7743,59.4767],[24.011424,59.701632]],[[24.011424,59.701632],[23.127,59.7545],[22.192976,59.669593]],[[22.192976,59.669593],[20.054149,59.475165]],[[20.054149,59.475165],[19.092865,59.38778]]]},"properties":{}},{"type":"Feature","geometry":{"type":"LineString","coordinates":[[19.092865,59.38778],[18.363647,58.762503],[17.1,58.5]]},"properties":{}},{"type":"Feature","geometry":{"type":"MultiLineString","coordinates":[[[20.6,58.2],[19.61991,58.977031]],[[19.61991,58.977031],[19.092865,59.38778]]]},"properties":{}},{"type":"Feature","geometry":{"type":"MultiLineString","coordinates":[[[21.4,60],[20.052651,59.645586]],[[20.052651,59.645586],[19.092865,59.38778]]]},"properties":{}},{"type":"Feature","geometry":{"type":"LineString","coordinates":[[21.4,60],[20.786133,60.890372],[21.1715,61.4685]]},"properties":{}},{"type":"Feature","geometry":{"type":"LineString","coordinates":[[21.1715,61.4685],[20,62.35]]},"properties":{}},{"type":"Feature","geometry":{"type":"MultiLineString","coordinates":[[[19.307013,60.09207],[20.052651,59.645586]],[[20.052651,59.645586],[20.054493,59.475559],[20.054149,59.475165]],[[20.054149,59.475165],[19.61991,58.977031]],[[19.61991,58.977031],[18.828244,58.351865]],[[18.828244,58.351865],[18.360874,57.98279],[17.703696,57.399026]],[[17.703696,57.399026],[17.702685,57.398128],[17,56.4]]]},"properties":{}},{"type":"Feature","geometry":{"type":"MultiLineString","coordinates":[[[20,62.35],[19.845614,61.846972]],[[19.845614,61.846972],[19.668669,61.270439]],[[19.668669,61.270439],[19.307013,60.09207]],[[19.307013,60.09207],[19.092865,59.38778]]]},"properties":{}},{"type":"Feature","geometry":{"type":"MultiLineString","coordinates":[[[18.2701,62.2967],[19.307013,60.09207]],[[19.307013,60.09207],[19.480133,59.707249],[19.092865,59.38778]]]},"properties":{}},{"type":"Feature","geometry":{"type":"MultiLineString","coordinates":[[[17.546,60.7466],[17.826866,61.347857]],[[17.826866,61.347857],[18.2701,62.2967]],[[18.2701,62.2967],[19.845614,61.846972]],[[19.845614,61.846972],[21.1715,61.4685]],[[21.1715,61.4685],[20.287802,60.816123]],[[20.287802,60.816123],[19.307013,60.09207]]]},"properties":{}},{"type":"Feature","geometry":{"type":"MultiLineString","coordinates":[[[19.307013,60.09207],[18.588867,60.970442],[17.826866,61.347857]],[[17.826866,61.347857],[17.290158,61.613686],[17.546,60.7466]],[[17.546,60.7466],[18.446045,60.667797],[19.032968,60.26071],[19.307013,60.09207]]]},"properties":{}},{"type":"Feature","geometry":{"type":"MultiLineString","coordinates":[[[18.2701,62.2967],[21,63.2]],[[21,63.2],[21.438376,63.604554],[21.455909,63.610318]],[[21.455909,63.610318],[22.7535,64.0369],[23.771079,65.009096]],[[23.771079,65.009096],[23.901805,65.133992],[24.235352,65.444353],[24.365488,65.554722]]]},"properties":{}},{"type":"Feature","geometry":{"type":"MultiLineString","coordinates":[[[14.4,54.4],[15.033417,54.927931]],[[15.033417,54.927931],[16.634547,55.741513]],[[16.634547,55.741513],[16.740769,55.932908]],[[16.740769,55.932908],[17,56.4]]]},"properties":{}},{"type":"Feature","geometry":{"type":"MultiLineString","coordinates":[[[17,56.4],[17.587692,55.898371]],[[17.587692,55.898371],[17.748766,55.760886]],[[17.748766,55.760886],[19,55]]]},"properties":{}},{"type":"Feature","geometry":{"type":"MultiLineString","coordinates":[[[20.8419,55.7126],[20,55.8]],[[20,55.8],[18.548021,55.85921]],[[18.548021,55.85921],[17.587692,55.898371]],[[17.587692,55.898371],[16.740769,55.932908]],[[16.740769,55.932908],[16.209967,55.954553]],[[16.209967,55.954553],[14.946899,56.00606],[15.80658,55.72711]],[[15.80658,55.72711],[16.634547,55.741513]],[[16.634547,55.741513],[17.748766,55.760886]],[[17.748766,55.760886],[18.595433,55.772744]],[[18.595433,55.772744],[20,55.8]]]},"properties":{}},{"type":"Feature","geometry":{"type":"MultiLineString","coordinates":[[[19,55],[18.595433,55.772744]],[[18.595433,55.772744],[18.548021,55.85921]],[[18.548021,55.85921],[17.982205,56.891102]],[[17.982205,56.891102],[17.703696,57.399026]],[[17.703696,57.399026],[17.1,58.5]]]},"properties":{}},{"type":"Feature","geometry":{"type":"LineString","coordinates":[[-65.4,43.2],[-64.2,42.3]]},"properties":{}},{"type":"Feature","geometry":{"type":"LineString","coordinates":[[-65.4,43.2],[-63.5,44.4]]},"properties":{}},{"type":"Feature","geometry":{"type":"MultiLineString","coordinates":[[[-69.25,41.8],[-68.3705,42.119818]],[[-68.3705,42.119818],[-65.4,43.2]]]},"properties":{}},{"type":"Feature","geometry":{"type":"LineString","coordinates":[[-67.7575,44.0943],[-66.730957,43.393074],[-65.4,43.2]]},"properties":{}},{"type":"Feature","geometry":{"type":"LineString","coordinates":[[-65.4,43.2],[-66.044312,43.580391],[-66.7618,44.2835]]},"properties":{}},{"type":"Feature","geometry":{"type":"MultiLineString","coordinates":[[[-55,45],[-62.183924,44.501586]],[[-62.183924,44.501586],[-63.5,44.4]]]},"properties":{}},{"type":"Feature","geometry":{"type":"MultiLineString","coordinates":[[[-65.4,43.2],[-62.183924,44.501586]],[[-62.183924,44.501586],[-60.2173,45.2835]]]},"properties":{}},{"type":"Feature","geometry":{"type":"LineString","coordinates":[[114.1,21.7],[113.855438,22.03473],[113.69339,22.23826],[113.755188,22.385635],[113.752185,22.531493],[113.68515,22.703989]]},"properties":{}},{"type":"Feature","geometry":{"type":"LineString","coordinates":[[114.1,21.7],[114.216614,21.932855],[114.426727,22.070369],[114.421234,22.253513],[114.428101,22.338644],[114.451447,22.426263],[114.408875,22.517631],[114.33609,22.55822]]},"properties":{}},{"type":"Feature","geometry":{"type":"LineString","coordinates":[[109,16.1],[107.479248,18.281518],[107.1,20.25]]},"properties":{}},{"type":"Feature","geometry":{"type":"LineString","coordinates":[[126.4,10.5],[125.562744,10.585022],[125.057373,9.438224],[123.8,9.1]]},"properties":{}},{"type":"Feature","geometry":{"type":"MultiLineString","coordinates":[[[125.5,1.2],[123.655771,4.142329]],[[123.655771,4.142329],[123.146701,4.951568]],[[123.146701,4.951568],[121.891678,6.946602]],[[121.891678,6.946602],[121.865095,6.98886],[121.762382,8.719645]],[[121.762382,8.719645],[121.614,11.22],[121.445806,11.532052]],[[121.445806,11.532052],[119.9,14.4]]]},"properties":{}},{"type":"Feature","geometry":{"type":"MultiLineString","coordinates":[[[123.655771,4.142329],[119.702634,3.805392]],[[119.702634,3.805392],[119.701972,3.805335]],[[119.701972,3.805335],[118.111877,3.669807],[119.722465,4.079829]],[[119.722465,4.079829],[119.723203,4.080017]],[[119.723203,4.080017],[123.146701,4.951568]],[[123.146701,4.951568],[124.1092,5.1966]]]},"properties":{}},{"type":"Feature","geometry":{"type":"MultiLineString","coordinates":[[[125.8,5.7],[125.463867,5.244128],[124.1092,5.1966]],[[124.1092,5.1966],[123.655771,4.142329]],[[123.655771,4.142329],[119.500199,1.100146]],[[119.500199,1.100146],[119.5,1.1]]]},"properties":{}},{"type":"Feature","geometry":{"type":"MultiLineString","coordinates":[[[125.8,5.7],[125.988545,3.711296]],[[125.988545,3.711296],[125.5,1.2]]]},"properties":{}},{"type":"Feature","geometry":{"type":"MultiLineString","coordinates":[[[120.05,8.4],[121.891678,6.946602]],[[121.891678,6.946602],[124.1092,5.1966]],[[124.1092,5.1966],[125.988545,3.711296]],[[125.988545,3.711296],[128.15,2]]]},"properties":{}},{"type":"Feature","geometry":{"type":"MultiLineString","coordinates":[[[125.352642,-0.486906],[124.339325,-0.331425]],[[124.339325,-0.331425],[124.339323,-0.331425]],[[124.339323,-0.331425],[122.170073,0.001419],[120.410156,-0.659165]]]},"properties":{}},{"type":"Feature","geometry":{"type":"MultiLineString","coordinates":[[[118.2277,-2.1506],[117.740479,-0.615223],[119.5,1.100005]],[[119.5,1.100005],[119.5,1.100005]],[[119.5,1.100005],[119.5002,1.1002],[119.500199,1.100146]],[[119.500199,1.100146],[119.465332,-0.637194],[118.2277,-2.1506]]]},"properties":{}},{"type":"Feature","geometry":{"type":"LineString","coordinates":[[117,23],[118.103027,23.765237],[118.937988,24.542126],[119.761963,25.085599],[120,25.7]]},"properties":{}},{"type":"Feature","geometry":{"type":"MultiLineString","coordinates":[[[125.7,13.4],[124.716125,19.245161]],[[124.716125,19.245161],[124.413699,21.041861]],[[124.413699,21.041861],[124.378953,21.248281]],[[124.378953,21.248281],[123.598666,25.883933]],[[123.598666,25.883933],[123.355033,27.331346]],[[123.355033,27.331346],[123.164197,28.4651]],[[123.164197,28.4651],[122.875214,30.181935]]]},"properties":{}},{"type":"Feature","geometry":{"type":"MultiLineString","coordinates":[[[121.3,27.8],[122.211914,28.733947],[122.875214,30.181935]],[[122.875214,30.181935],[122.6776,30.8345]]]},"properties":{}},{"type":"Feature","geometry":{"type":"MultiLineString","coordinates":[[[122.6776,30.8345],[121.827393,30.732393],[121.217651,30.448674]],[[121.217651,30.448674],[122.6776,30.8345]],[[122.6776,30.8345],[122.492065,30.387092]],[[122.492065,30.387092],[122.875214,30.181935]],[[122.492065,30.387092],[121.217651,30.448674]],[[121.217651,30.448674],[121.92627,30.254322],[122.416534,30.154627],[122.875214,30.181935]],[[122.875214,30.181935],[123.077087,30.082166],[124.883097,29.091003]],[[124.883097,29.091003],[124.8944,29.0848]]]},"properties":{}},{"type":"Feature","geometry":{"type":"MultiLineString","coordinates":[[[122.9,31.3],[122.392275,33.130888]],[[122.392275,33.130888],[121,35.9]]]},"properties":{}},{"type":"Feature","geometry":{"type":"MultiLineString","coordinates":[[[123.2,37.1],[123.252492,35.165492]],[[123.252492,35.165492],[123.297925,33.491103]],[[123.297925,33.491103],[122.9,31.3]]]},"properties":{}},{"type":"Feature","geometry":{"type":"MultiLineString","coordinates":[[[121.2816,32.6871],[121.821832,32.903236]],[[121.821832,32.903236],[122.392275,33.130888]],[[122.392275,33.130888],[123.297925,33.491103]],[[123.297925,33.491103],[125.6,34.4]]]},"properties":{}},{"type":"Feature","geometry":{"type":"MultiLineString","coordinates":[[[125.6,34.4],[123.252492,35.165492]],[[123.252492,35.165492],[121,35.9]],[[121,35.9],[119.883328,34.90787],[120.7763,34.2995],[121.821832,32.903236]],[[121.821832,32.903236],[122.9,31.3]]]},"properties":{}},{"type":"Feature","geometry":{"type":"LineString","coordinates":[[131.9,33.75],[132.462158,33.82023],[132.659912,34.102708]]},"properties":{}},{"type":"Feature","geometry":{"type":"LineString","coordinates":[[132.659912,34.102708],[132.962036,34.152727],[133.085632,34.070862],[133.634949,34.332096],[134.005737,34.418239],[134.393005,34.388779],[134.859924,34.098159]]},"properties":{}},{"type":"Feature","geometry":{"type":"MultiLineString","coordinates":[[[135.263672,34.576691],[135.1,34.377446],[134.859924,34.098159]],[[134.859924,34.098159],[135.1,33.2]]]},"properties":{}},{"type":"Feature","geometry":{"type":"LineString","coordinates":[[131.9,33.75],[131.212463,33.795126],[131.066895,33.94336],[130.690613,33.991196],[130.1,34.3]]},"properties":{}},{"type":"Feature","geometry":{"type":"LineString","coordinates":[[130.1,34.3],[129.353027,33.72434],[129.287109,33.142151],[129.353027,32.509762],[128.9,31.4]]},"properties":{}},{"type":"Feature","geometry":{"type":"MultiLineString","coordinates":[[[49.4942,37.6287],[49.65513,39.527569],[50.8785,39.89]],[[50.8785,39.89],[53.1417,39.6493]]]},"properties":{}},{"type":"Feature","geometry":{"type":"LineString","coordinates":[[53.3394,36.9644],[53.6251,38.2007],[52.793701,39.066181],[53.1417,39.6493]]},"properties":{}},{"type":"Feature","geometry":{"type":"LineString","coordinates":[[51.1641,43.1143],[49.031982,44.38348],[47.8023,45.1174]]},"properties":{}},{"type":"Feature","geometry":{"type":"MultiLineString","coordinates":[[[53.1417,39.6493],[50.765625,41.50613]],[[50.765625,41.50613],[48.348633,42.869851]]]},"properties":{}},{"type":"Feature","geometry":{"type":"LineString","coordinates":[[47.8023,45.1174],[50.765625,41.50613]]},"properties":{}},{"type":"Feature","geometry":{"type":"MultiLineString","coordinates":[[[53.3394,36.9644],[51.640137,38.582627],[50.8785,39.89]],[[50.8785,39.89],[48.348633,42.869851]],[[48.348633,42.869851],[47.8023,45.1174]]]},"properties":{}},{"type":"Feature","geometry":{"type":"LineString","coordinates":[[47.8023,45.1174],[47.782562,45.394294],[47.698791,45.682042],[47.637474,45.721894],[47.645714,45.768157],[47.684166,45.806481],[47.671463,45.84765],[47.622436,45.880277],[47.662262,45.938593],[47.62999,45.974889],[47.694534,45.981573],[47.704834,46.028271],[47.742599,46.099295],[47.817444,46.150242],[47.849029,46.192582],[47.908768,46.212552],[48.039368,46.392098],[47.976196,46.460286],[48.033874,46.524607],[48.017395,46.541621],[47.906158,46.581298],[47.892425,46.653022],[47.832001,46.747251],[47.714721,46.85891],[47.604858,46.843876],[47.604858,46.956531],[47.077514,47.218471],[47.121459,47.296802],[46.978637,47.427097],[46.874267,47.427097],[46.55017,47.723704],[46.352416,47.860317],[46.154662,47.948739],[46.176635,48.205773],[46.00415,48.240877],[45.888794,48.323167],[45.563324,48.466398],[45.368316,48.408059],[45.097778,48.474597],[44.976929,48.437986],[44.905517,48.477167],[44.625366,48.538156],[44.557148,48.530549],[44.551981,48.484619],[44.503624,48.424983],[44.483025,48.42202],[44.347069,48.468501],[44.206787,48.494017],[44.160095,48.548619],[44.063965,48.624963],[43.967422,48.682195],[43.694824,48.654066],[43.32019,48.48606],[42.728026,47.767294],[42.090819,47.560018],[40.915282,47.582266],[40.508788,47.463503],[40.201171,47.225172],[39.695799,47.195305],[39.267333,47.075668],[39.0431,47.104]]},"properties":{}},{"type":"Feature","geometry":{"type":"MultiLineString","coordinates":[[[-65.638916,49.511125],[-63.3547,48.9284]],[[-63.3547,48.9284],[-64.4587,47.2377],[-64.539185,46.672056],[-63.83606,46.214051],[-62.767639,45.920587],[-62.460743,45.931577]],[[-62.460743,45.931577],[-61.75415,45.956878],[-61.398468,45.625563],[-60.999805,45.418114],[-60.2173,45.2835]]]},"properties":{}},{"type":"Feature","geometry":{"type":"MultiLineString","coordinates":[[[52.065,46.314],[51.4718,45.9791],[49.9337,45.3495],[49.61206,45.076922]],[[49.61206,45.076922],[51.1641,43.1143]],[[51.1641,43.1143],[50.765625,41.50613]],[[50.765625,41.50613],[50.8785,39.89]],[[50.8785,39.89],[49.4942,37.6287]]]},"properties":{}},{"type":"Feature","geometry":{"type":"LineString","coordinates":[[47.8023,45.1174],[49.61206,45.076922]]},"properties":{}},{"type":"Feature","geometry":{"type":"LineString","coordinates":[[51.1641,43.1143],[51.809326,41.223204],[53.1417,39.6493]]},"properties":{}},{"type":"Feature","geometry":{"type":"MultiLineString","coordinates":[[[-83.605957,45.769038],[-84.313476,45.832639],[-85.115478,45.809658],[-86.225097,45.617786],[-86.851318,44.937156],[-87.554443,43.583261],[-87.741211,43.119689],[-87.609375,42.660661],[-87.65332,42.247058],[-87.521484,41.928931],[-87.213867,41.732369],[-86.510742,42.12489]],[[-86.510742,42.12489],[-87.609375,42.652578],[-86.387695,42.663182],[-86.510742,42.12489]]]},"properties":{}},{"type":"Feature","geometry":{"type":"MultiLineString","coordinates":[[[-65.638916,49.511125],[-66.849609,49.158622],[-68.7297,48.7027],[-69.625854,47.820539],[-70.922241,46.893985],[-71.040413,46.841121],[-71.183098,46.837089],[-71.234802,46.766198],[-71.356447,46.738916],[-71.683869,46.652012],[-71.890961,46.672032],[-72.194183,46.547282],[-72.281799,46.432117],[-72.806396,46.217852],[-73.040098,46.061274],[-73.164276,46.038911],[-73.211243,45.906207],[-73.373291,45.793129],[-73.488373,45.617586],[-73.535614,45.509613],[-73.524902,45.460319],[-73.572144,45.427015],[-73.782806,45.420073],[-73.939087,45.299451],[-74.224544,45.260854],[-74.509277,45.066731],[-74.911652,44.98617],[-75.3311,44.805],[-75.4908,44.7099],[-76.0901,44.2466],[-79.125733,43.420087],[-78.936768,42.810497],[-82.722657,41.648465],[-83.164307,41.911045],[-83.006103,42.360911],[-82.498535,42.633105],[-82.428223,43.002304],[-82.114013,43.583038],[-82.487549,45.327618],[-83.605957,45.769038]],[[-83.605957,45.769038],[-84.108582,46.284519],[-84.213776,46.369092],[-84.250717,46.443821],[-84.326111,46.509426],[-84.434601,46.489509],[-84.476761,46.455542],[-84.562317,46.441161],[-84.799073,46.862205],[-86.607424,47.321628],[-87.903808,47.773464],[-89.479749,47.449332],[-90.580079,47.233876],[-91.496338,46.935114]]]},"properties":{}},{"type":"Feature","geometry":{"type":"LineString","coordinates":[[76.2267,73.7178],[81.738281,74.54333],[89.824219,76.142958],[93.515625,77.254479],[100.546875,77.655346],[105.732422,77.989049],[114.169922,77.427824],[119.970703,75.430979],[122.080078,74.54333],[127.089844,74.259738],[130.429688,73.627789],[132.1875,72.633374],[135.878906,72.422268],[138.691406,73.073844],[145.5619,73.058584],[152.566956,72.614433],[159.257813,71.663663],[165.333252,70.598021],[167.695313,70.377854],[169.942017,70.289117],[176.209717,70.172064]]},"properties":{}},{"type":"Feature","geometry":{"type":"LineString","coordinates":[[-75.101482,-52.587619],[-74.701538,-52.659726],[-73.443604,-53.090725],[-73.262329,-53.252069],[-72.58667,-53.550099],[-72.372437,-53.553363],[-72.155457,-53.69508],[-71.048584,-54.014225],[-70.677795,-53.386605],[-70.45,-52.7501]]},"properties":{}},{"type":"Feature","geometry":{"type":"MultiLineString","coordinates":[[[-75.101482,-52.587619],[-79.998244,-52.042634]],[[-79.998244,-52.042634],[-81.598272,-51.864559]],[[-81.598272,-51.864559],[-82.748,-51.7366],[-90,-50]]]},"properties":{}},{"type":"Feature","geometry":{"type":"MultiLineString","coordinates":[[[-75.101482,-52.587619],[-79.999164,-50.973003]],[[-79.999164,-50.973003],[-80.650097,-50.75841]],[[-80.650097,-50.75841],[-82.731,-50.0724],[-82.878039,-50]],[[-82.878039,-50],[-87.48025,-47.73394]],[[-87.48025,-47.73394],[-89.5334,-46.723],[-89.997864,-46.441281]],[[-89.997864,-46.441281],[-93.730055,-44.177531]],[[-93.730055,-44.177531],[-95.5514,-43.0728],[-99.966515,-40.000715]],[[-99.966515,-40.000715],[-99.986048,-39.987124]],[[-99.986048,-39.987124],[-99.999991,-39.977423]],[[-99.999991,-39.977423],[-100.099467,-39.908206]],[[-100.099467,-39.908206],[-101.0082,-39.2759],[-105.526812,-35.871922]],[[-105.526812,-35.871922],[-106.1003,-35.4399],[-109.999001,-32.380142]],[[-109.999001,-32.380142],[-110.9524,-31.6319],[-111.268022,-31.37857]],[[-111.268022,-31.37857],[-112.917608,-30.054554]],[[-112.917608,-30.054554],[-115.6341,-27.8742],[-116.770547,-26.949189]],[[-116.770547,-26.949189],[-119.99879,-24.321561]],[[-119.99879,-24.321561],[-120.1861,-24.1691],[-120.746422,-23.542484]],[[-120.746422,-23.542484],[-122.009459,-22.130013]],[[-122.009459,-22.130013],[-122.069054,-22.063367]],[[-122.069054,-22.063367],[-123.7698,-20.1614],[-123.865115,-20.053489]],[[-123.865115,-20.053489],[-126.698658,-16.845502]],[[-126.698658,-16.845502],[-127.474,-15.9677],[-129.999507,-13.081209]],[[-129.999507,-13.081209],[-130.876464,-12.078904]],[[-130.876464,-12.078904],[-131.3128,-11.5802],[-131.404837,-11.475017]],[[-131.404837,-11.475017],[-132.678303,-10.019658]],[[-132.678303,-10.019658],[-134.9415,-7.4332],[-136.076376,-6.130462]],[[-136.076376,-6.130462],[-137.396084,-4.615552]],[[-137.396084,-4.615552],[-138.7336,-3.0802],[-139.999905,-1.577499]],[[-139.999905,-1.577499],[-140.716633,-0.726972]],[[-140.716633,-0.726972],[-141.32923,-0.000015]],[[-141.32923,-0.000015],[-141.814474,0.575815]],[[-141.814474,0.575815],[-142.4126,1.2856],[-145.371451,4.682778]],[[-145.371451,4.682778],[-146.1057,5.5258],[-150,10]]]},"properties":{}},{"type":"Feature","geometry":{"type":"LineString","coordinates":[[-75.101482,-52.587619],[-80,-50]]},"properties":{}},{"type":"Feature","geometry":{"type":"MultiLineString","coordinates":[[[-75.101482,-52.587619],[-76.31593,-54.817064]],[[-76.31593,-54.817064],[-76.42491,-55.017126]],[[-76.42491,-55.017126],[-76.813732,-55.730914]],[[-76.813732,-55.730914],[-80,-60]]]},"properties":{}},{"type":"Feature","geometry":{"type":"MultiLineString","coordinates":[[[-76.813732,-55.730914],[-74.911991,-55.120293]],[[-74.911991,-55.120293],[-74.567924,-55.009817]],[[-74.567924,-55.009817],[-73.3059,-54.6046]]]},"properties":{}},{"type":"Feature","geometry":{"type":"MultiLineString","coordinates":[[[-60,-50],[-64.2598,-55.9052]],[[-64.2598,-55.9052],[-70,-60.0001]]]},"properties":{}},{"type":"Feature","geometry":{"type":"MultiLineString","coordinates":[[[-61.8714,-62.9294],[-63.040836,-60.00003]],[[-63.040836,-60.00003],[-64.27002,-56.920997],[-64.2598,-55.9052]]]},"properties":{}},{"type":"Feature","geometry":{"type":"LineString","coordinates":[[-70.631104,-20.231275],[-71.3,-23.8]]},"properties":{}},{"type":"Feature","geometry":{"type":"MultiLineString","coordinates":[[[-70.631104,-20.231275],[-74.245844,-24.126448]],[[-74.245844,-24.126448],[-74.650508,-24.562506]],[[-74.650508,-24.562506],[-75.2164,-25.1723],[-76.035245,-25.998693]],[[-76.035245,-25.998693],[-80,-30]]]},"properties":{}},{"type":"Feature","geometry":{"type":"MultiLineString","coordinates":[[[-70.631104,-20.231275],[-75.293487,-20.16037]],[[-75.293487,-20.16037],[-75.4033,-20.1587],[-76.279343,-20.128455]],[[-76.279343,-20.128455],[-80,-20]]]},"properties":{}},{"type":"Feature","geometry":{"type":"LineString","coordinates":[[-71,-18.9],[-70.631104,-20.231275]]},"properties":{}},{"type":"Feature","geometry":{"type":"LineString","coordinates":[[-71.3,-23.8],[-72.020524,-26.622891],[-72.8,-29.6]]},"properties":{}},{"type":"Feature","geometry":{"type":"MultiLineString","coordinates":[[[-40,-30],[-37.377526,-32.831867]],[[-37.377526,-32.831867],[-35.036876,-35.359406]],[[-35.036876,-35.359406],[-30,-40]]]},"properties":{}},{"type":"Feature","geometry":{"type":"MultiLineString","coordinates":[[[-40,-40],[-35.036876,-35.359406]],[[-35.036876,-35.359406],[-32.847948,-33.030313]],[[-32.847948,-33.030313],[-30,-30]]]},"properties":{}},{"type":"Feature","geometry":{"type":"MultiLineString","coordinates":[[[-40,-40],[-39.998047,-35.362159]],[[-39.998047,-35.362159],[-39.99901,-32.717016]],[[-39.99901,-32.717016],[-40,-30]]]},"properties":{}},{"type":"Feature","geometry":{"type":"MultiLineString","coordinates":[[[-40,-40],[-45.0296,-35.3427]],[[-45.0296,-35.3427],[-46.312939,-33.952483]],[[-46.312939,-33.952483],[-47.356163,-32.822378]],[[-47.356163,-32.822378],[-47.767611,-32.376664]],[[-47.767611,-32.376664],[-48.740391,-31.32287]],[[-48.740391,-31.32287],[-49.5,-30.5]]]},"properties":{}},{"type":"Feature","geometry":{"type":"MultiLineString","coordinates":[[[-40,-30],[-42.456436,-32.609353]],[[-42.456436,-32.609353],[-45.0296,-35.3427]],[[-45.0296,-35.3427],[-50,-40]]]},"properties":{}},{"type":"Feature","geometry":{"type":"MultiLineString","coordinates":[[[-54.6,-35.25],[-49.73612,-35.297112]],[[-49.73612,-35.297112],[-49.181268,-35.302486]],[[-49.181268,-35.302486],[-47.358288,-35.320144]],[[-47.358288,-35.320144],[-45.0296,-35.3427]],[[-45.0296,-35.3427],[-39.998047,-35.362159]],[[-39.998047,-35.362159],[-35.036876,-35.359406]],[[-35.036876,-35.359406],[-29.998008,-35.258691]],[[-29.998008,-35.258691],[-25.240672,-35.163604]],[[-25.240672,-35.163604],[-24.748621,-35.153769]],[[-24.748621,-35.153769],[-19.997924,-35.058814]],[[-19.997924,-35.058814],[-18.036,-35.0196],[-15.384491,-35.018158]],[[-15.384491,-35.018158],[-14.615365,-35.01774]],[[-14.615365,-35.01774],[-9.997906,-35.015228]],[[-9.997906,-35.015228],[-5.389491,-35.012722]],[[-5.389491,-35.012722],[-4.610359,-35.012298]],[[-4.610359,-35.012298],[0.002097,-35.009789]],[[0.002097,-35.009789],[4.605509,-35.007285]],[[4.605509,-35.007285],[5.394646,-35.006856]],[[5.394646,-35.006856],[10.002099,-35.00435]],[[10.002099,-35.00435],[18,-35]]]},"properties":{}},{"type":"Feature","geometry":{"type":"MultiLineString","coordinates":[[[-60,-50],[-56.0902,-44.84]],[[-56.0902,-44.84],[-50,-40]]]},"properties":{}},{"type":"Feature","geometry":{"type":"MultiLineString","coordinates":[[[-41.3,-23.5],[-42.873028,-26.085889]],[[-42.873028,-26.085889],[-43.391511,-26.93822]],[[-43.391511,-26.93822],[-43.397571,-26.948181]],[[-43.397571,-26.948181],[-43.6594,-27.3786],[-45.630023,-30.365897]],[[-45.630023,-30.365897],[-46.1885,-31.2125],[-47.05551,-32.407862]],[[-47.05551,-32.407862],[-47.356163,-32.822378]],[[-47.356163,-32.822378],[-48.9288,-34.9906],[-49.181268,-35.302486]],[[-49.181268,-35.302486],[-49.777768,-36.039374]],[[-49.777768,-36.039374],[-51.62529,-38.321711]],[[-51.62529,-38.321711],[-51.9307,-38.699],[-53.019664,-39.884907]],[[-53.019664,-39.884907],[-55.2557,-42.32],[-57.097244,-43.796846]],[[-57.097244,-43.796846],[-58.9788,-45.8314],[-60.386318,-46.95839]],[[-60.386318,-46.95839],[-63.1909,-49.204],[-68,-52.4]]]},"properties":{}},{"type":"Feature","geometry":{"type":"MultiLineString","coordinates":[[[-61.25,-39.3],[-57.097244,-43.796846]],[[-57.097244,-43.796846],[-56.0902,-44.84]],[[-56.0902,-44.84],[-50,-50]]]},"properties":{}},{"type":"Feature","geometry":{"type":"MultiLineString","coordinates":[[[-68,-52.4],[-62.61842,-50.79931]],[[-62.61842,-50.79931],[-60,-50]]]},"properties":{}},{"type":"Feature","geometry":{"type":"MultiLineString","coordinates":[[[-30,-50],[-34.563,-45.1105]],[[-34.563,-45.1105],[-40,-40]]]},"properties":{}},{"type":"Feature","geometry":{"type":"MultiLineString","coordinates":[[[-20,-50],[-24.563,-45.1105]],[[-24.563,-45.1105],[-24.755205,-44.929837]],[[-24.755205,-44.929837],[-30,-40]]]},"properties":{}},{"type":"Feature","geometry":{"type":"MultiLineString","coordinates":[[[0,-50],[4.7139,-45.0332]],[[4.7139,-45.0332],[10,-40]]]},"properties":{}},{"type":"Feature","geometry":{"type":"MultiLineString","coordinates":[[[18,-35],[12.2211,-39.3374],[10,-40]],[[10,-40],[4.87793,-42.55308],[3.264119,-43.485217]],[[3.264119,-43.485217],[0.00278,-45.368964]],[[0.00278,-45.368964],[-2.839729,-47.010795]],[[-2.839729,-47.010795],[-10,-50]]]},"properties":{}},{"type":"Feature","geometry":{"type":"MultiLineString","coordinates":[[[20,-50],[15.379922,-45.684611]],[[15.379922,-45.684611],[10,-40]]]},"properties":{}},{"type":"Feature","geometry":{"type":"MultiLineString","coordinates":[[[10,-50],[15.379922,-45.684611]],[[15.379922,-45.684611],[20,-40]]]},"properties":{}},{"type":"Feature","geometry":{"type":"MultiLineString","coordinates":[[[-64.978638,-54.521081],[-63.1847,-53.7546]],[[-63.1847,-53.7546],[-60,-50]]]},"properties":{}},{"type":"Feature","geometry":{"type":"MultiLineString","coordinates":[[[-68,-52.4],[-67.280273,-53.696706],[-64.978638,-54.521081]],[[-64.978638,-54.521081],[-64.2598,-55.9052]]]},"properties":{}},{"type":"Feature","geometry":{"type":"LineString","coordinates":[[-65.258789,-55.541065],[-64.2598,-55.9052]]},"properties":{}},{"type":"Feature","geometry":{"type":"LineString","coordinates":[[-57.1,-38.25],[-58.21031,-38.532436],[-60.221419,-39.041198],[-61.25,-39.3]]},"properties":{}},{"type":"Feature","geometry":{"type":"MultiLineString","coordinates":[[[-75.101482,-52.587619],[-75.305786,-52.072754],[-75.8605,-51.4344]],[[-75.8605,-51.4344],[-75.966507,-48.912099],[-76.5,-46.5001]]]},"properties":{}},{"type":"Feature","geometry":{"type":"MultiLineString","coordinates":[[[-50,-50],[-45.2843,-45.0323]],[[-45.2843,-45.0323],[-40,-40]]]},"properties":{}},{"type":"Feature","geometry":{"type":"MultiLineString","coordinates":[[[-10,-50],[-14.563,-45.1104]],[[-14.563,-45.1104],[-16.410698,-43.420729]],[[-16.410698,-43.420729],[-20,-40]]]},"properties":{}},{"type":"Feature","geometry":{"type":"MultiLineString","coordinates":[[[-20,-50],[-14.563,-45.1104]],[[-14.563,-45.1104],[-12.301779,-42.630285]],[[-12.301779,-42.630285],[-10,-40]]]},"properties":{}},{"type":"Feature","geometry":{"type":"MultiLineString","coordinates":[[[0,-50],[-2.839729,-47.010795]],[[-2.839729,-47.010795],[-4.563,-45.1105]],[[-4.563,-45.1105],[-7.901882,-41.836407]],[[-7.901882,-41.836407],[-10,-40]]]},"properties":{}},{"type":"Feature","geometry":{"type":"MultiLineString","coordinates":[[[-56.0902,-44.84],[-53.283691,-45.151053],[-50.932617,-45.151053],[-49.997084,-45.14195]],[[-49.997084,-45.14195],[-47.746582,-45.120053],[-45.2843,-45.0323]],[[-45.2843,-45.0323],[-43.198242,-45.182037],[-40.78125,-45.305803],[-39.997177,-45.296248]],[[-39.997177,-45.296248],[-35.705566,-45.243953],[-34.563,-45.1105]],[[-34.563,-45.1105],[-31.069336,-45.042478],[-29.997059,-45.100688]],[[-29.997059,-45.100688],[-28.498535,-45.182037],[-26.235352,-45.197522],[-24.755205,-44.929837]],[[-24.755205,-44.929837],[-24.333616,-44.853592]],[[-24.333616,-44.853592],[-19.997559,-44.069415]],[[-19.997559,-44.069415],[-16.410698,-43.420729]],[[-16.410698,-43.420729],[-12.301779,-42.630285]],[[-12.301779,-42.630285],[-9.998672,-42.214733]],[[-9.998672,-42.214733],[-7.901882,-41.836407]],[[-7.901882,-41.836407],[0,-40]]]},"properties":{}},{"type":"Feature","geometry":{"type":"MultiLineString","coordinates":[[[141,49],[141.4828,52.0502],[141.5487,53.5119],[139.7,56.2]],[[139.7,56.2],[143.2186,59.1965]]]},"properties":{}},{"type":"Feature","geometry":{"type":"MultiLineString","coordinates":[[[45.833919,69.55166],[56.9347,69.4851],[57.55,70.2043],[60.5382,71.2908],[69.591,73.6808],[72.2716,73.7425]],[[72.2716,73.7425],[73.1066,73.0135],[73.9855,72.5451],[72.4035,71.3471],[73.5021,70.9064],[73.3263,69.6615],[73.8097,68.4362],[72.4474,66.7449]]]},"properties":{}},{"type":"Feature","geometry":{"type":"MultiLineString","coordinates":[[[23.4,71.15],[27.1,71.3]],[[27.1,71.3],[32.034679,70.633107]],[[32.034679,70.633107],[45.833919,69.55166]]]},"properties":{}},{"type":"Feature","geometry":{"type":"LineString","coordinates":[[30.201317,69.910724],[31.343994,70.248317],[32.034679,70.633107]]},"properties":{}},{"type":"Feature","geometry":{"type":"MultiLineString","coordinates":[[[17,70],[20.921784,70.740799]],[[20.921784,70.740799],[23.4,71.15]]]},"properties":{}},{"type":"Feature","geometry":{"type":"LineString","coordinates":[[16.879949,68.866663],[16.676003,69.10931],[16.620382,69.479674],[16.677246,69.695245],[17,70]]},"properties":{}},{"type":"Feature","geometry":{"type":"LineString","coordinates":[[17,70],[15.452761,69.400453],[12,68]]},"properties":{}},{"type":"Feature","geometry":{"type":"MultiLineString","coordinates":[[[4.1,62],[4.1784,62.961],[12,68]],[[12,68],[17,70]],[[17,70],[22.3937,71.4801]],[[22.3937,71.4801],[25.6676,71.6815]],[[25.6676,71.6815],[28.9855,71.4312],[32.034679,70.633107]],[[32.034679,70.633107],[33.402,69.9271]],[[33.402,69.9271],[33.5778,69.3538],[35.5553,69.5543]],[[35.5553,69.5543],[39.248681,69.592842],[45.833919,69.55166]]]},"properties":{}},{"type":"Feature","geometry":{"type":"MultiLineString","coordinates":[[[19.753731,69.814981],[20.921784,70.740799]],[[20.921784,70.740799],[22.3937,71.4801]],[[22.3937,71.4801],[23.4,71.15]]]},"properties":{}},{"type":"Feature","geometry":{"type":"MultiLineString","coordinates":[[[25.529104,70.55032],[27.1,71.3]],[[27.1,71.3],[25.6676,71.6815]]]},"properties":{}},{"type":"Feature","geometry":{"type":"MultiLineString","coordinates":[[[-6.606261,61.839827],[-5.555784,60.836989]],[[-5.555784,60.836989],[-5.496786,60.780667]],[[-5.496786,60.780667],[-4.934047,60.243448]],[[-4.934047,60.243448],[-3.906073,59.262093]],[[-3.906073,59.262093],[-3.802038,59.162776]],[[-3.802038,59.162776],[-3.616541,58.972247]],[[-3.616541,58.972247],[-3.3333,58.7]]]},"properties":{}},{"type":"Feature","geometry":{"type":"MultiLineString","coordinates":[[[-5.2,58.7],[-4.354741,58.979811]],[[-4.354741,58.979811],[-3.802038,59.162776]],[[-3.802038,59.162776],[-3.265106,59.335932]],[[-3.265106,59.335932],[-1.0703,60.0493]]]},"properties":{}},{"type":"Feature","geometry":{"type":"MultiLineString","coordinates":[[[-2.750605,58.818408],[-2.885728,58.878499],[-3.055535,58.904596],[-3.274779,58.911811],[-3.344636,58.94232],[-3.616541,58.972247]],[[-3.616541,58.972247],[-3.265106,59.335932]]]},"properties":{}},{"type":"Feature","geometry":{"type":"MultiLineString","coordinates":[[[-2.955585,57.700233],[-2.952817,57.753668]],[[-2.952817,57.753668],[-2.908818,58.603188]],[[-2.908818,58.603188],[-2.908751,58.604474]],[[-2.908751,58.604474],[-2.908737,58.604749],[-2.908737,58.604749]],[[-2.908737,58.604749],[-2.860281,58.67022]],[[-2.860281,58.67022],[-2.833694,58.706143]],[[-2.833694,58.706143],[-2.752675,58.815612]],[[-2.752675,58.815612],[-2.750605,58.818408]]]},"properties":{}},{"type":"Feature","geometry":{"type":"MultiLineString","coordinates":[[[-3.867622,57.661229],[-3.955613,57.67628]],[[-3.955613,57.67628],[-4.096943,57.695638],[-4.262695,57.672583],[-4.392471,57.60275]]]},"properties":{}},{"type":"Feature","geometry":{"type":"MultiLineString","coordinates":[[[-1.4,57.3],[-1.746,57.664]],[[-1.746,57.664],[-2.0756,57.7461],[-2.952817,57.753668]],[[-2.952817,57.753668],[-3.4434,57.7579],[-3.867622,57.661229]],[[-3.867622,57.661229],[-4.0257,57.6228]],[[-4.0257,57.6228],[-3.955613,57.67628]],[[-3.955613,57.67628],[-3.1358,58.296],[-2.908818,58.603188]],[[-2.908818,58.603188],[-2.908066,58.604206]],[[-2.908066,58.604206],[-2.907994,58.604304]],[[-2.907994,58.604304],[-2.859332,58.670161]],[[-2.859332,58.670161],[-2.832736,58.706155]],[[-2.832736,58.706155],[-2.751716,58.815803]],[[-2.751716,58.815803],[-2.6414,58.9651]],[[-2.6414,58.9651],[-1.0703,60.0493]]]},"properties":{}},{"type":"Feature","geometry":{"type":"LineString","coordinates":[[-80.75,21.6],[-80.013428,21.2689],[-78.640137,20.262197],[-78.2,19]]},"properties":{}},{"type":"Feature","geometry":{"type":"LineString","coordinates":[[-79,23],[-78.082771,22.639414],[-77.165541,22.277878],[-76.182771,21.889469],[-75.2,21.5]]},"properties":{}},{"type":"Feature","geometry":{"type":"LineString","coordinates":[[-79,23],[-79.815,25.7903]]},"properties":{}},{"type":"Feature","geometry":{"type":"LineString","coordinates":[[138.4,38.75],[137.772949,38.034259],[136.571877,37.411897],[136.10083,36.74965],[135.142822,36.34893],[133.031489,35.70731],[131.7,35.3]]},"properties":{}},{"type":"Feature","geometry":{"type":"LineString","coordinates":[[139.4,41.2],[139.146241,40],[138.4,38.75]]},"properties":{}},{"type":"Feature","geometry":{"type":"LineString","coordinates":[[120,22.1],[120,23.009311],[120,23.912535],[120,24.361807],[120,24.80949],[120,25.7]]},"properties":{}},{"type":"Feature","geometry":{"type":"MultiLineString","coordinates":[[[128,26],[123.9952,25.9042],[123.598666,25.883933]],[[123.598666,25.883933],[121.799333,25.792002],[120,25.7]]]},"properties":{}},{"type":"Feature","geometry":{"type":"LineString","coordinates":[[131.7,35.3],[139.4,41.2]]},"properties":{}},{"type":"Feature","geometry":{"type":"LineString","coordinates":[[120.515698,21.99976],[120.289307,22.336849],[120.140991,22.702108],[120.06134,22.879314],[120,23.009311],[120.055847,23.477709],[120.149231,23.993003],[120.40741,24.261147],[120.629883,24.593978],[120.819397,24.843408],[120.951233,25.109743],[121.27533,25.243935],[121.506042,25.420147],[121.953735,25.387902],[122.162476,25.09731],[122.074585,24.554023],[121.871338,23.974127],[121.223145,22.449915],[121.008744,21.903857]]},"properties":{}},{"type":"Feature","geometry":{"type":"MultiLineString","coordinates":[[[130,20],[127.027247,20.671004]],[[127.027247,20.671004],[125.0354,21.1206],[124.53553,21.217826]],[[124.53553,21.217826],[124.378953,21.248281]],[[124.378953,21.248281],[121.463172,21.815409]],[[121.463172,21.815409],[121.008744,21.903857],[120.71228,21.840114],[120.515698,21.99976],[120,22.1]]]},"properties":{}},{"type":"Feature","geometry":{"type":"LineString","coordinates":[[120,22.1],[120.289307,22.336849]]},"properties":{}},{"type":"Feature","geometry":{"type":"MultiLineString","coordinates":[[[123.577,25.8828],[122.985477,24.757593],[122.393955,23.622102],[122.118989,23.090873],[121.928563,22.721738],[121.463172,21.815409]],[[121.463172,21.815409],[120,19]]]},"properties":{}},{"type":"Feature","geometry":{"type":"LineString","coordinates":[[120.149231,23.993003],[120,24.80949],[120.951233,25.109743],[120,25.7],[121.506042,25.420147],[123.577,25.8828],[122.074585,24.554023],[122.118989,23.090873],[121.008744,21.903857]]},"properties":{}},{"type":"Feature","geometry":{"type":"LineString","coordinates":[[175,-42],[173.975099,-43.187767],[172.922607,-44.238163],[171,-46]]},"properties":{}},{"type":"Feature","geometry":{"type":"LineString","coordinates":[[135.1,33.2],[136.598133,33.846445],[137.197266,34.325292],[137.857074,34.385927],[138.139109,34.436354],[138.421143,34.486752],[138.60434,34.44684],[138.787537,34.40691],[139.191284,34.655804],[139.3,35]]},"properties":{}},{"type":"Feature","geometry":{"type":"LineString","coordinates":[[138.787537,34.40691],[139.417351,34.161782]]},"properties":{}},{"type":"Feature","geometry":{"type":"LineString","coordinates":[[141.277588,41.681992],[140.352539,41.363637],[139.4,41.2]]},"properties":{}},{"type":"Feature","geometry":{"type":"LineString","coordinates":[[141.277588,41.681992],[143.3,41.9]]},"properties":{}},{"type":"Feature","geometry":{"type":"LineString","coordinates":[[142.25,40.6],[141.277588,41.681992]]},"properties":{}},{"type":"Feature","geometry":{"type":"MultiLineString","coordinates":[[[180,50],[179.538732,44.440884]],[[179.538732,44.440884],[180,40]]]},"properties":{}},{"type":"Feature","geometry":{"type":"MultiLineString","coordinates":[[[180,50],[176.089708,47.681658]],[[176.089708,47.681658],[174.2694,45.7503],[172.638448,43.55363]],[[172.638448,43.55363],[170,40]]]},"properties":{}},{"type":"Feature","geometry":{"type":"MultiLineString","coordinates":[[[180,50],[174.381447,50.315696]],[[174.381447,50.315696],[173.6134,50.168],[172.17951,49.804821]],[[172.17951,49.804821],[168.213801,48.800377]],[[168.213801,48.800377],[168.0303,48.7539],[162.7774,47.0859],[161.88175,46.741]],[[161.88175,46.741],[158.562494,45.46281]],[[158.562494,45.46281],[157.8621,45.1931],[153.2772,43.1034],[151.139742,41.972358]],[[151.139742,41.972358],[149.0049,40.8427],[148.971707,40.822634]],[[148.971707,40.822634],[147.882113,40.163965]],[[147.882113,40.163965],[145.0215,38.4347],[141.3,35.9]]]},"properties":{}},{"type":"Feature","geometry":{"type":"MultiLineString","coordinates":[[[180,50],[174.140093,50.687849]],[[174.140093,50.687849],[172.354557,50.483925]],[[172.354557,50.483925],[170.2039,50.2383],[169.78575,50.154218]],[[169.78575,50.154218],[161.4373,48.4755],[160.925037,48.324829]],[[160.925037,48.324829],[160.194187,48.109865]],[[160.194187,48.109865],[157.933307,47.444876]],[[157.933307,47.444876],[153.687693,46.196119]],[[153.687693,46.196119],[153.3524,46.0975],[146,43.2]]]},"properties":{}},{"type":"Feature","geometry":{"type":"LineString","coordinates":[[180,50],[172.9,52.6]]},"properties":{}},{"type":"Feature","geometry":{"type":"LineString","coordinates":[[180,50],[179.546718,52.444362],[180,62.1]]},"properties":{}},{"type":"Feature","geometry":{"type":"LineString","coordinates":[[150,40],[164.183239,44.859607],[180,50]]},"properties":{}},{"type":"Feature","geometry":{"type":"LineString","coordinates":[[178.7,-18.4],[179.0066,-13.6511],[180,-10]]},"properties":{}},{"type":"Feature","geometry":{"type":"MultiLineString","coordinates":[[[167.7,-23],[171.76132,-18.165913]],[[171.76132,-18.165913],[174.215959,-15.244217]],[[174.215959,-15.244217],[174.827354,-14.516489]],[[174.827354,-14.516489],[176.3375,-12.719],[180,-10]]]},"properties":{}},{"type":"Feature","geometry":{"type":"MultiLineString","coordinates":[[[168.1,-18],[170.9841,-15.7749],[173.162329,-14.028364]],[[173.162329,-14.028364],[173.8057,-13.5125],[174.130133,-13.243748]],[[174.130133,-13.243748],[176.5745,-11.2189],[180,-10]]]},"properties":{}},{"type":"Feature","geometry":{"type":"MultiLineString","coordinates":[[[180,-10],[174.6572,-9.4803],[172.217611,-9.752535]],[[172.217611,-9.752535],[170,-10]]]},"properties":{}},{"type":"Feature","geometry":{"type":"MultiLineString","coordinates":[[[180,-10],[176.1667,-3.913],[176.154494,-3.893048]],[[176.154494,-3.893048],[173.1,1.1]]]},"properties":{}},{"type":"Feature","geometry":{"type":"LineString","coordinates":[[180,-10],[179.6523,-4.4504],[180,-0.00002]]},"properties":{}},{"type":"Feature","geometry":{"type":"MultiLineString","coordinates":[[[-170,-40],[-172.705612,-38.741298]],[[-172.705612,-38.741298],[-175.3071,-35.1023],[-180,-30]]]},"properties":{}},{"type":"Feature","geometry":{"type":"LineString","coordinates":[[-179.9085,54.6049],[-180,50]]},"properties":{}},{"type":"Feature","geometry":{"type":"MultiLineString","coordinates":[[[-164,53.8],[-167.47163,51.486083]],[[-167.47163,51.486083],[-168.08097,51.079944]],[[-168.08097,51.079944],[-168.8354,50.5771],[-172.538877,47.58185]],[[-171.990541,48.036744],[-173.0376,47.1785],[-176.7261,43.6429],[-180,40]]]},"properties":{}},{"type":"Feature","geometry":{"type":"MultiLineString","coordinates":[[[-139.4467,40.0118],[-139.446718,40.011806]],[[-139.446718,40.011806],[-139.803936,40.134446]],[[-139.803936,40.134446],[-139.862119,40.154421]],[[-139.862119,40.154421],[-140.000121,40.2018]],[[-140.000121,40.2018],[-140.27904,40.297558]],[[-140.27904,40.297558],[-145.447627,42.072031]],[[-145.447627,42.072031],[-147.515898,42.782108]],[[-147.515898,42.782108],[-150.00218,43.635695]],[[-150.00218,43.635695],[-152.3988,44.4585],[-154.286537,44.8774]],[[-154.286537,44.8774],[-154.650707,44.958211]],[[-154.650707,44.958211],[-155.417116,45.128282]],[[-155.417116,45.128282],[-158.683,45.853],[-160.002379,46.036662]],[[-160.002379,46.036662],[-161.568165,46.254624]],[[-161.568165,46.254624],[-163.816643,46.567619]],[[-163.816643,46.567619],[-167.337728,47.057765]],[[-167.337728,47.057765],[-169.098,47.3028],[-171.990541,48.036744]],[[-171.990541,48.036744],[-174.414359,48.538899],[-180,50]],[[-180,40],[-173.03374,44.227963],[-171.283325,45.413048],[-167.337728,47.057765],[-164.428806,48.362651],[-160,50]]]},"properties":{}},{"type":"Feature","geometry":{"type":"LineString","coordinates":[[-170,40],[-180,50]]},"properties":{}},{"type":"Feature","geometry":{"type":"LineString","coordinates":[[-98.4559,68.6212],[-96.190863,68.285433],[-95.048285,68.672329],[-94.872504,69.240369],[-96.806097,70.035396],[-98.036566,71.258291],[-95.575629,72.060199],[-96.102972,72.983881],[-96.366644,74.055637],[-104.31532,74.18773],[-112.75282,73.799989],[-118.026257,74.798596],[-125.233288,75.117919],[-127.518445,73.047892],[-128.3827,70.6678]]},"properties":{}},{"type":"Feature","geometry":{"type":"LineString","coordinates":[[-112.75282,73.799989],[-115.891581,73.230365],[-118.088847,72.767828],[-119.143534,72.18569],[-120.02244,70.84884],[-122.494,70.0024]]},"properties":{}},{"type":"Feature","geometry":{"type":"LineString","coordinates":[[-53.2,63.6],[-64.8741,69.0295],[-69.583817,71.485096]]},"properties":{}},{"type":"Feature","geometry":{"type":"LineString","coordinates":[[-72.880099,72.462164],[-69.583817,71.485096]]},"properties":{}},{"type":"Feature","geometry":{"type":"MultiLineString","coordinates":[[[-80.5482,72.2327],[-79.9549,72.6372],[-77.6478,72.8133],[-72.880099,72.462164]],[[-72.880099,72.462164],[-57.547407,71.066868]],[[-57.547407,71.066868],[-54.0711,70.8849]]]},"properties":{}},{"type":"Feature","geometry":{"type":"MultiLineString","coordinates":[[[-164,53.8],[-165.174884,51.59311]],[[-165.174884,51.59311],[-165.622957,50.751454]],[[-165.622957,50.751454],[-165.8181,50.3849],[-167.337728,47.057765]],[[-167.337728,47.057765],[-167.3901,46.9431],[-168.557473,44.028287],[-169.389702,41.727448]],[[-169.389702,41.727448],[-169.524375,41.346256]],[[-169.524375,41.346256],[-170,40]]]},"properties":{}},{"type":"Feature","geometry":{"type":"MultiLineString","coordinates":[[[-160,50],[-162.105676,48.106325]],[[-162.105676,48.106325],[-163.816643,46.567619]],[[-163.816643,46.567619],[-165.946389,44.552609],[-168.346898,41.851416]],[[-168.346898,41.851416],[-168.752681,41.396954]],[[-168.752681,41.396954],[-170,40]]]},"properties":{}},{"type":"Feature","geometry":{"type":"MultiLineString","coordinates":[[[-150.6163,52.5706],[-149.780145,52.44603]],[[-149.780145,52.44603],[-143.0824,51.4482],[-140.368581,50.738887]],[[-140.368581,50.738887],[-139.80673,50.592036]],[[-139.80673,50.592036],[-137.541611,50]],[[-137.541611,50],[-136.0292,49.6047],[-133.975899,48.958813]],[[-133.975899,48.958813],[-132.6893,48.5541],[-131.60539,48.556241]],[[-131.60539,48.556241],[-130.000865,48.559411]],[[-130.000865,48.559411],[-125.5016,48.5683]]]},"properties":{}},{"type":"Feature","geometry":{"type":"LineString","coordinates":[[-180,40],[-173.829449,42.333799],[-168.557473,44.028287],[-165.946389,44.552609],[-160.002379,46.036662],[-147.484025,47.633164],[-136.4466,49.0318],[-133.975899,48.958813],[-130,50]]},"properties":{}},{"type":"Feature","geometry":{"type":"MultiLineString","coordinates":[[[-64.7325,17.7528],[-64.7507,17.722],[-64.177577,17.153263]],[[-64.177577,17.153263],[-63.120938,16.104708]],[[-63.120938,16.104708],[-61.562231,14.557929]],[[-61.562231,14.557929],[-61,14],[-60.8787,13.6212],[-59.945647,13.087647]],[[-59.945647,13.087647],[-59.133295,12.623116]],[[-59.133295,12.623116],[-58.451251,12.233099]],[[-58.451251,12.233099],[-56.9106,11.3521],[-55.547019,10.55093]],[[-55.547019,10.55093],[-52.9962,9.0522],[-50.90855,7.800354]],[[-50.90855,7.800354],[-49.1234,6.7299],[-45.2809,4.3921],[-44.76997,4.078524]],[[-44.76997,4.078524],[-42.878362,2.917574]],[[-42.878362,2.917574],[-41.485679,2.062833]],[[-41.485679,2.062833],[-41.4576,2.0456],[-40.950664,1.733185]],[[-40.950664,1.733185],[-40.000069,1.147353]],[[-40.000069,1.147353],[-39.296421,0.713708]],[[-39.296421,0.713708],[-38.160536,0.013685]],[[-38.160536,0.013685],[-38.138297,-0.00002]],[[-38.138297,-0.00002],[-37.6431,-0.3052],[-33.8274,-2.6554],[-32.983953,-3.172081]],[[-32.983953,-3.172081],[-32.849085,-3.254699]],[[-32.849085,-3.254699],[-32.507317,-3.46406]],[[-32.507317,-3.46406],[-30,-5],[-31.063081,-7.186164]],[[-31.063081,-7.186164],[-31.5122,-8.10975]],[[-31.5122,-8.10975],[-32.9163,-10.9972],[-33.211569,-11.577275]],[[-33.211569,-11.577275],[-34.765844,-14.630755]],[[-34.765844,-14.630755],[-35.9531,-16.9632],[-37.62736,-20.024603]],[[-37.62736,-20.024603],[-38.327988,-21.305708]],[[-38.327988,-21.305708],[-39.1877,-22.8777],[-39.675823,-23.685882]],[[-39.675823,-23.685882],[-39.757078,-23.820415]],[[-39.757078,-23.820415],[-41.28908,-26.35694]],[[-41.28908,-26.35694],[-42.258399,-27.961834]],[[-42.258399,-27.961834],[-42.7142,-28.7165],[-43.780041,-30.267245]],[[-43.780041,-30.267245],[-45.304047,-32.484596]],[[-45.304047,-32.484596],[-46.312939,-33.952483]],[[-46.312939,-33.952483],[-46.6531,-34.4474],[-47.358288,-35.320144]],[[-47.358288,-35.320144],[-49.914953,-38.484283]],[[-49.914953,-38.484283],[-50.621291,-39.35845]],[[-50.621291,-39.35845],[-51.105622,-39.95786]],[[-51.105622,-39.95786],[-51.1627,-40.0285],[-56.0902,-44.84]],[[-56.0902,-44.84],[-60.181071,-48.574367]],[[-60.181071,-48.574367],[-62.61842,-50.79931]],[[-62.61842,-50.79931],[-63.1847,-53.7546]],[[-63.1847,-53.7546],[-64.2598,-55.9052]],[[-64.2598,-55.9052],[-65.192871,-55.847566],[-66.395874,-55.890716]],[[-66.395874,-55.890716],[-66.958117,-55.98361],[-67.467041,-55.998381],[-68.308099,-55.984791],[-69.19441,-55.868696],[-69.569504,-55.773762]],[[-71.385,-55.3608],[-73.3059,-54.6046]],[[-73.3059,-54.6046],[-75.101482,-52.587619]],[[-75.101482,-52.587619],[-75.454102,-52.099757],[-75.8605,-51.4344]],[[-75.8605,-51.4344],[-79.998271,-47.119436]],[[-79.998271,-47.119436],[-80.4071,-46.6931],[-83.24067,-43.629436]],[[-83.24067,-43.629436],[-84.9131,-41.8212],[-86.534636,-40.074026]],[[-86.534636,-40.074026],[-88.170384,-38.31154]],[[-88.170384,-38.31154],[-88.9141,-37.5102],[-89.998455,-36.323637]],[[-89.998455,-36.323637],[-92.898064,-33.150722]],[[-92.898064,-33.150722],[-92.9934,-33.0464],[-94.416894,-30.082588]],[[-94.416894,-30.082588],[-95.3524,-28.1348],[-96.127384,-26.341528]],[[-96.127384,-26.341528],[-97.4932,-23.1811],[-97.853926,-22.275004]],[[-97.853926,-22.275004],[-98.752755,-20.017263]],[[-98.752755,-20.017263],[-99.099259,-19.14689]],[[-99.099259,-19.14689],[-99.4773,-18.1973],[-99.999488,-16.80121]],[[-99.999488,-16.80121],[-101.3495,-13.1919],[-101.837112,-11.928888]],[[-101.837112,-11.928888],[-102.004861,-11.494385]],[[-102.004861,-11.494385],[-102.574505,-10.018896]],[[-102.574505,-10.018896],[-103.3041,-8.1291],[-103.814244,-6.770876]],[[-103.814244,-6.770876],[-104.133226,-5.921609]],[[-104.133226,-5.921609],[-104.606751,-4.660878]],[[-104.606751,-4.660878],[-105.2095,-3.0561],[-105.370314,-2.623527]],[[-105.370314,-2.623527],[-106.345634,-0.000023]],[[-106.345634,-0.000023],[-107.018485,1.809873]],[[-107.018485,1.809873],[-107.0969,2.0208],[-107.347325,2.689901]],[[-107.347325,2.689901],[-108.9961,7.0952],[-110,10]],[[-110,10],[-110.9376,12.1608],[-111.133745,12.651644]],[[-111.133745,12.651644],[-112.560328,16.2216]],[[-112.560328,16.2216],[-112.948617,17.193277]],[[-112.948617,17.193277],[-112.9555,17.2105],[-114.204724,20.058198]],[[-114.204724,20.058198],[-114.950754,21.758828]],[[-114.950754,21.758828],[-114.958429,21.776325]],[[-114.958429,21.776325],[-114.963514,21.787916],[-117.3882,27.2281],[-117.411128,27.554437]],[[-117.411128,27.554437],[-117.491362,28.696433]],[[-117.491362,28.696433],[-117.7702,32.6652]]]},"properties":{}},{"type":"Feature","geometry":{"type":"LineString","coordinates":[[-71.385,-55.3608],[-69.569504,-55.773762]]},"properties":{"passage":"chili"}},{"type":"Feature","geometry":{"type":"LineString","coordinates":[[-80,-60],[-70,-60.0001]]},"properties":{"passage":"chili"}},{"type":"Feature","geometry":{"type":"LineString","coordinates":[[18,-35],[22,-35]]},"properties":{"passage":"south_africa"}},{"type":"Feature","geometry":{"type":"LineString","coordinates":[[20,-40],[30,-40]]},"properties":{"passage":"south_africa"}},{"type":"Feature","geometry":{"type":"LineString","coordinates":[[20,-50],[30,-50]]},"properties":{"passage":"south_africa"}},{"type":"Feature","geometry":{"type":"LineString","coordinates":[[20,-40],[25,-45.219281],[30,-50]]},"properties":{"passage":"south_africa"}},{"type":"Feature","geometry":{"type":"LineString","coordinates":[[20,-50],[25,-45.219281],[30,-40]]},"properties":{"passage":"south_africa"}},{"type":"Feature","geometry":{"type":"LineString","coordinates":[[-70.45,-52.7501],[-68,-52.4]]},"properties":{"passage":"chili"}},{"type":"Feature","geometry":{"type":"LineString","coordinates":[[45,12],[43.746586,12.40439]]},"properties":{}},{"type":"Feature","geometry":{"type":"LineString","coordinates":[[43.746586,12.40439],[43.3,12.7]]},"properties":{"passage":"babalmandab"}},{"type":"Feature","geometry":{"type":"LineString","coordinates":[[43.655846,11.443441],[45,12]]},"properties":{}},{"type":"Feature","geometry":{"type":"LineString","coordinates":[[10.504711,54.504598],[10.82988,54.6793],[11.094555,55.046844],[10.9,55.6]]},"properties":{}},{"type":"Feature","geometry":{"type":"MultiLineString","coordinates":[[[13.9,55],[13.522137,54.888864]],[[13.522137,54.888864],[12.861069,54.694898],[12.2,54.5]]]},"properties":{}},{"type":"Feature","geometry":{"type":"MultiLineString","coordinates":[[[12.75,55.9],[12.566721,55.268229]],[[12.566721,55.268229],[12.650642,54.924726],[12.2,54.5]]]},"properties":{}},{"type":"Feature","geometry":{"type":"MultiLineString","coordinates":[[[12.566721,55.268229],[12.974851,55.258099]],[[12.650642,54.924726],[12.974851,55.258099],[13.229812,55.252805]],[[13.229812,55.252805],[13.836081,55.240216]],[[13.836081,55.240216],[14.374661,55.229033]]]},"properties":{}},{"type":"Feature","geometry":{"type":"MultiLineString","coordinates":[[[9.781246,55.662808],[9.907734,55.567312],[10.174941,55.659037]],[[10.174941,55.659037],[10.626526,55.753009],[10.923273,55.838842]],[[10.923273,55.838842],[10.9577,55.8488],[11.792893,55.837587]]]},"properties":{}},{"type":"Feature","geometry":{"type":"LineString","coordinates":[[12.2,54.5],[11.77139,54.520108],[11.383953,54.538275],[10.82988,54.6793]]},"properties":{}},{"type":"Feature","geometry":{"type":"LineString","coordinates":[[10.893677,53.983485],[11.546839,54.242551],[12.2,54.5]]},"properties":{}},{"type":"Feature","geometry":{"type":"LineString","coordinates":[[190.8498,65.9622],[189.844258,64.972601],[187.69043,64.033744]]},"properties":{"passage":"bering"}},{"type":"Feature","geometry":{"type":"LineString","coordinates":[[190.8498,65.9622],[188.657227,67.221053],[186.473309,67.676205],[182.856445,68.704486],[180,70],[181.470554,69.342758],[180,70],[176.209717,70.172064],[180,70]]},"properties":{"passage":"northwest"}},{"type":"Feature","geometry":{"type":"LineString","coordinates":[[187.69043,64.033744],[182.828979,63.136985],[180,62.1]]},"properties":{"passage":"bering"}},{"type":"Feature","geometry":{"type":"LineString","coordinates":[[-171.7127,67.2175],[-169.1502,65.9622]]},"properties":{"passage":"northwest"}},{"type":"Feature","geometry":{"type":"LineString","coordinates":[[-171.7127,67.2175],[-172.814964,67.607761],[-174.389095,68.154106],[-180,70],[-164.7128,70.7371]]},"properties":{}},{"type":"Feature","geometry":{"type":"LineString","coordinates":[[-169.1502,65.9622],[-169.473087,65.57429],[-169.3801,65.2653],[-169.1182,64.7804]]},"properties":{"passage":"bering"}},{"type":"Feature","geometry":{"type":"LineString","coordinates":[[53.148966,26.25488],[54.399148,26.194877],[55.345025,26.132657],[56.4,26.4]]},"properties":{}},{"type":"Feature","geometry":{"type":"LineString","coordinates":[[55.2,25.6],[55.467372,25.778718],[55.837469,26.025658],[56.4,26.4]]},"properties":{}},{"type":"Feature","geometry":{"type":"LineString","coordinates":[[56.4,26.4],[56.547226,26.511054],[56.763061,26.422112],[56.931531,25.961959],[57.1,25.5]]},"properties":{"passage":"ormuz"}},{"type":"Feature","geometry":{"type":"LineString","coordinates":[[57.1,25.5],[56.614474,25.20131]]},"properties":{"passage":null}},{"type":"Feature","geometry":{"type":"LineString","coordinates":[[55.2,25.6],[55.301608,25.414846]]},"properties":{"passage":null}},{"type":"Feature","geometry":{"type":"LineString","coordinates":[[54.399148,26.194877],[53.3693,26.5789]]},"properties":{"passage":null}},{"type":"Feature","geometry":{"type":"LineString","coordinates":[[53.8,24.7],[54.852897,25.377483],[55.2,25.6]]},"properties":{}},{"type":"Feature","geometry":{"type":"LineString","coordinates":[[-65.953898,-55.255081],[-65.953977,-55.255058],[-65.95401,-55.255049],[-66.883859,-54.983716],[-67.301598,-54.904489],[-67.581418,-54.924876],[-68.297183,-54.810614]]},"properties":{}},{"type":"Feature","geometry":{"type":"LineString","coordinates":[[-57.6,-51.5],[-57.714381,-51.667491],[-60,-60],[-59.4984,-62.262]]},"properties":{},"id":7137},{"type":"Feature","geometry":{"type":"LineString","coordinates":[[-35.0209,-54.2706],[-45.645443,-60.417987],[-57.411497,-61.915444]]},"properties":{}}]}